ISO-10303-21;
HEADER;
FILE_DESCRIPTION(('Open CASCADE Model'),'2;1');
FILE_NAME('Open CASCADE Shape Model','2026-08-16T15:13:29',('Author'),(
    'Open CASCADE'),'Open CASCADE STEP processor 7.9','Open CASCADE 7.9'
  ,'Unknown');
FILE_SCHEMA(('AUTOMOTIVE_DESIGN { 1 0 10303 214 1 1 1 1 }'));
ENDSEC;
DATA;
#1 = APPLICATION_PROTOCOL_DEFINITION('international standard',
  'automotive_design',2000,#2);
#2 = APPLICATION_CONTEXT(
  'core data for automotive mechanical design processes');
#3 = SHAPE_DEFINITION_REPRESENTATION(#4,#10);
#4 = PRODUCT_DEFINITION_SHAPE('','',#5);
#5 = PRODUCT_DEFINITION('design','',#6,#9);
#6 = PRODUCT_DEFINITION_FORMATION('','',#7);
#7 = PRODUCT('Open CASCADE STEP translator 7.9 2',
  'Open CASCADE STEP translator 7.9 2','',(#8));
#8 = PRODUCT_CONTEXT('',#2,'mechanical');
#9 = PRODUCT_DEFINITION_CONTEXT('part definition',#2,'design');
#10 = ADVANCED_BREP_SHAPE_REPRESENTATION('',(#11,#15),#12737);
#11 = AXIS2_PLACEMENT_3D('',#12,#13,#14);
#12 = CARTESIAN_POINT('',(0.,0.,0.));
#13 = DIRECTION('',(0.,0.,1.));
#14 = DIRECTION('',(1.,0.,-0.));
#15 = MANIFOLD_SOLID_BREP('',#16);
#16 = CLOSED_SHELL('',(#17,#756,#830,#1095,#1169,#1241,#1313,#1487,#1590
    ,#1645,#2045,#2100,#2135,#2190,#2194,#2249,#2284,#2339,#2343,#2398,
    #2433,#2488,#2492,#2547,#2582,#2637,#2641,#2696,#2731,#2786,#2790,
    #2845,#2880,#2935,#2939,#3010,#3170,#3342,#3411,#3559,#3657,#3777,
    #3800,#3807,#4055,#4090,#4145,#4149,#4224,#4472,#4507,#4562,#4566,
    #4818,#4885,#5060,#5095,#5150,#5154,#5158,#5205,#5250,#5478,#5513,
    #5568,#5572,#5595,#5670,#5913,#5948,#6003,#6007,#6030,#6220,#6345,
    #6380,#6525,#6549,#6592,#6661,#6686,#6711,#6735,#6760,#6784,#6915,
    #7079,#7134,#7169,#7224,#7259,#7309,#7364,#7399,#7454,#7489,#7539,
    #7608,#7710,#7779,#7910,#7965,#8000,#8055,#8090,#8145,#8336,#8391,
    #8426,#8481,#8511,#8566,#8601,#8656,#8686,#8741,#8776,#8831,#8861,
    #8888,#8915,#8942,#9098,#9170,#9240,#9316,#9387,#9414,#9441,#9466,
    #9493,#9528,#9677,#9753,#9950,#10020,#10070,#10118,#10150,#10177,
    #10204,#10211,#10330,#10406,#10632,#10687,#10722,#10777,#10812,
    #10867,#11100,#11155,#11190,#11245,#11275,#11330,#11365,#11420,
    #11450,#11505,#11540,#11595,#11625,#11695,#11743,#11791,#11817,
    #11844,#11871,#11898,#11925,#11952,#11979,#11986,#12013,#12040,
    #12047,#12094,#12121,#12148,#12155,#12202,#12229,#12256,#12313,
    #12346,#12393,#12420,#12447,#12484,#12544,#12579,#12606,#12637,
    #12664,#12695,#12720));
#17 = ADVANCED_FACE('',(#18,#544,#650),#32,.F.);
#18 = FACE_BOUND('',#19,.F.);
#19 = EDGE_LOOP('',(#20,#53,#81,#109,#135,#161,#187,#210,#238,#266,#292,
    #318,#344,#367,#390,#416,#442,#468,#494,#520));
#20 = ORIENTED_EDGE('',*,*,#21,.F.);
#21 = EDGE_CURVE('',#22,#24,#26,.T.);
#22 = VERTEX_POINT('',#23);
#23 = CARTESIAN_POINT('',(0.,36.,82.));
#24 = VERTEX_POINT('',#25);
#25 = CARTESIAN_POINT('',(0.,33.8,82.));
#26 = SURFACE_CURVE('',#27,(#31,#42),.PCURVE_S1.);
#27 = LINE('',#28,#29);
#28 = CARTESIAN_POINT('',(0.,-1.35,82.));
#29 = VECTOR('',#30,1.);
#30 = DIRECTION('',(0.,-1.,0.));
#31 = PCURVE('',#32,#37);
#32 = PLANE('',#33);
#33 = AXIS2_PLACEMENT_3D('',#34,#35,#36);
#34 = CARTESIAN_POINT('',(0.,-36.,0.));
#35 = DIRECTION('',(1.,0.,-0.));
#36 = DIRECTION('',(0.,0.,1.));
#37 = DEFINITIONAL_REPRESENTATION('',(#38),#41);
#38 = B_SPLINE_CURVE_WITH_KNOTS('',1,(#39,#40),.UNSPECIFIED.,.F.,.F.,(2,
    2),(-37.35,-34.65),.PIECEWISE_BEZIER_KNOTS.);
#39 = CARTESIAN_POINT('',(82.,-72.));
#40 = CARTESIAN_POINT('',(82.,-69.3));
#41 = ( GEOMETRIC_REPRESENTATION_CONTEXT(2) 
PARAMETRIC_REPRESENTATION_CONTEXT() REPRESENTATION_CONTEXT('2D SPACE',''
  ) );
#42 = PCURVE('',#43,#48);
#43 = PLANE('',#44);
#44 = AXIS2_PLACEMENT_3D('',#45,#46,#47);
#45 = CARTESIAN_POINT('',(-0.4,33.3,82.));
#46 = DIRECTION('',(0.,0.,1.));
#47 = DIRECTION('',(1.,0.,-0.));
#48 = DEFINITIONAL_REPRESENTATION('',(#49),#52);
#49 = B_SPLINE_CURVE_WITH_KNOTS('',1,(#50,#51),.UNSPECIFIED.,.F.,.F.,(2,
    2),(-37.35,-34.65),.PIECEWISE_BEZIER_KNOTS.);
#50 = CARTESIAN_POINT('',(0.4,2.7));
#51 = CARTESIAN_POINT('',(0.4,0.));
#52 = ( GEOMETRIC_REPRESENTATION_CONTEXT(2) 
PARAMETRIC_REPRESENTATION_CONTEXT() REPRESENTATION_CONTEXT('2D SPACE',''
  ) );
#53 = ORIENTED_EDGE('',*,*,#54,.T.);
#54 = EDGE_CURVE('',#22,#55,#57,.T.);
#55 = VERTEX_POINT('',#56);
#56 = CARTESIAN_POINT('',(0.,36.,90.));
#57 = SURFACE_CURVE('',#58,(#62,#69),.PCURVE_S1.);
#58 = LINE('',#59,#60);
#59 = CARTESIAN_POINT('',(0.,36.,0.));
#60 = VECTOR('',#61,1.);
#61 = DIRECTION('',(0.,0.,1.));
#62 = PCURVE('',#32,#63);
#63 = DEFINITIONAL_REPRESENTATION('',(#64),#68);
#64 = LINE('',#65,#66);
#65 = CARTESIAN_POINT('',(0.,-72.));
#66 = VECTOR('',#67,1.);
#67 = DIRECTION('',(1.,0.));
#68 = ( GEOMETRIC_REPRESENTATION_CONTEXT(2) 
PARAMETRIC_REPRESENTATION_CONTEXT() REPRESENTATION_CONTEXT('2D SPACE',''
  ) );
#69 = PCURVE('',#70,#75);
#70 = PLANE('',#71);
#71 = AXIS2_PLACEMENT_3D('',#72,#73,#74);
#72 = CARTESIAN_POINT('',(0.,36.,0.));
#73 = DIRECTION('',(-0.,1.,0.));
#74 = DIRECTION('',(0.,0.,1.));
#75 = DEFINITIONAL_REPRESENTATION('',(#76),#80);
#76 = LINE('',#77,#78);
#77 = CARTESIAN_POINT('',(0.,0.));
#78 = VECTOR('',#79,1.);
#79 = DIRECTION('',(1.,0.));
#80 = ( GEOMETRIC_REPRESENTATION_CONTEXT(2) 
PARAMETRIC_REPRESENTATION_CONTEXT() REPRESENTATION_CONTEXT('2D SPACE',''
  ) );
#81 = ORIENTED_EDGE('',*,*,#82,.F.);
#82 = EDGE_CURVE('',#83,#55,#85,.T.);
#83 = VERTEX_POINT('',#84);
#84 = CARTESIAN_POINT('',(0.,20.25,90.));
#85 = SURFACE_CURVE('',#86,(#90,#97),.PCURVE_S1.);
#86 = LINE('',#87,#88);
#87 = CARTESIAN_POINT('',(0.,-36.,90.));
#88 = VECTOR('',#89,1.);
#89 = DIRECTION('',(-0.,1.,0.));
#90 = PCURVE('',#32,#91);
#91 = DEFINITIONAL_REPRESENTATION('',(#92),#96);
#92 = LINE('',#93,#94);
#93 = CARTESIAN_POINT('',(90.,0.));
#94 = VECTOR('',#95,1.);
#95 = DIRECTION('',(0.,-1.));
#96 = ( GEOMETRIC_REPRESENTATION_CONTEXT(2) 
PARAMETRIC_REPRESENTATION_CONTEXT() REPRESENTATION_CONTEXT('2D SPACE',''
  ) );
#97 = PCURVE('',#98,#103);
#98 = PLANE('',#99);
#99 = AXIS2_PLACEMENT_3D('',#100,#101,#102);
#100 = CARTESIAN_POINT('',(0.,-36.,90.));
#101 = DIRECTION('',(0.,0.,1.));
#102 = DIRECTION('',(1.,0.,-0.));
#103 = DEFINITIONAL_REPRESENTATION('',(#104),#108);
#104 = LINE('',#105,#106);
#105 = CARTESIAN_POINT('',(0.,0.));
#106 = VECTOR('',#107,1.);
#107 = DIRECTION('',(0.,1.));
#108 = ( GEOMETRIC_REPRESENTATION_CONTEXT(2) 
PARAMETRIC_REPRESENTATION_CONTEXT() REPRESENTATION_CONTEXT('2D SPACE',''
  ) );
#109 = ORIENTED_EDGE('',*,*,#110,.F.);
#110 = EDGE_CURVE('',#111,#83,#113,.T.);
#111 = VERTEX_POINT('',#112);
#112 = CARTESIAN_POINT('',(0.,20.25,85.25));
#113 = SURFACE_CURVE('',#114,(#118,#124),.PCURVE_S1.);
#114 = LINE('',#115,#116);
#115 = CARTESIAN_POINT('',(0.,20.25,42.625));
#116 = VECTOR('',#117,1.);
#117 = DIRECTION('',(0.,0.,1.));
#118 = PCURVE('',#32,#119);
#119 = DEFINITIONAL_REPRESENTATION('',(#120),#123);
#120 = B_SPLINE_CURVE_WITH_KNOTS('',1,(#121,#122),.UNSPECIFIED.,.F.,.F.,
  (2,2),(42.625,47.375),.PIECEWISE_BEZIER_KNOTS.);
#121 = CARTESIAN_POINT('',(85.25,-56.25));
#122 = CARTESIAN_POINT('',(90.,-56.25));
#123 = ( GEOMETRIC_REPRESENTATION_CONTEXT(2) 
PARAMETRIC_REPRESENTATION_CONTEXT() REPRESENTATION_CONTEXT('2D SPACE',''
  ) );
#124 = PCURVE('',#125,#130);
#125 = PLANE('',#126);
#126 = AXIS2_PLACEMENT_3D('',#127,#128,#129);
#127 = CARTESIAN_POINT('',(-0.4,20.25,85.25));
#128 = DIRECTION('',(-0.,1.,0.));
#129 = DIRECTION('',(0.,0.,1.));
#130 = DEFINITIONAL_REPRESENTATION('',(#131),#134);
#131 = B_SPLINE_CURVE_WITH_KNOTS('',1,(#132,#133),.UNSPECIFIED.,.F.,.F.,
  (2,2),(42.625,47.375),.PIECEWISE_BEZIER_KNOTS.);
#132 = CARTESIAN_POINT('',(0.,0.4));
#133 = CARTESIAN_POINT('',(4.75,0.4));
#134 = ( GEOMETRIC_REPRESENTATION_CONTEXT(2) 
PARAMETRIC_REPRESENTATION_CONTEXT() REPRESENTATION_CONTEXT('2D SPACE',''
  ) );
#135 = ORIENTED_EDGE('',*,*,#136,.T.);
#136 = EDGE_CURVE('',#111,#137,#139,.T.);
#137 = VERTEX_POINT('',#138);
#138 = CARTESIAN_POINT('',(0.,9.75,85.25));
#139 = SURFACE_CURVE('',#140,(#144,#150),.PCURVE_S1.);
#140 = LINE('',#141,#142);
#141 = CARTESIAN_POINT('',(0.,-13.125,85.25));
#142 = VECTOR('',#143,1.);
#143 = DIRECTION('',(0.,-1.,0.));
#144 = PCURVE('',#32,#145);
#145 = DEFINITIONAL_REPRESENTATION('',(#146),#149);
#146 = B_SPLINE_CURVE_WITH_KNOTS('',1,(#147,#148),.UNSPECIFIED.,.F.,.F.,
  (2,2),(-33.375,-22.875),.PIECEWISE_BEZIER_KNOTS.);
#147 = CARTESIAN_POINT('',(85.25,-56.25));
#148 = CARTESIAN_POINT('',(85.25,-45.75));
#149 = ( GEOMETRIC_REPRESENTATION_CONTEXT(2) 
PARAMETRIC_REPRESENTATION_CONTEXT() REPRESENTATION_CONTEXT('2D SPACE',''
  ) );
#150 = PCURVE('',#151,#156);
#151 = PLANE('',#152);
#152 = AXIS2_PLACEMENT_3D('',#153,#154,#155);
#153 = CARTESIAN_POINT('',(-0.4,9.75,85.25));
#154 = DIRECTION('',(0.,0.,1.));
#155 = DIRECTION('',(1.,0.,-0.));
#156 = DEFINITIONAL_REPRESENTATION('',(#157),#160);
#157 = B_SPLINE_CURVE_WITH_KNOTS('',1,(#158,#159),.UNSPECIFIED.,.F.,.F.,
  (2,2),(-33.375,-22.875),.PIECEWISE_BEZIER_KNOTS.);
#158 = CARTESIAN_POINT('',(0.4,10.5));
#159 = CARTESIAN_POINT('',(0.4,0.));
#160 = ( GEOMETRIC_REPRESENTATION_CONTEXT(2) 
PARAMETRIC_REPRESENTATION_CONTEXT() REPRESENTATION_CONTEXT('2D SPACE',''
  ) );
#161 = ORIENTED_EDGE('',*,*,#162,.T.);
#162 = EDGE_CURVE('',#137,#163,#165,.T.);
#163 = VERTEX_POINT('',#164);
#164 = CARTESIAN_POINT('',(0.,9.75,90.));
#165 = SURFACE_CURVE('',#166,(#170,#176),.PCURVE_S1.);
#166 = LINE('',#167,#168);
#167 = CARTESIAN_POINT('',(0.,9.75,42.625));
#168 = VECTOR('',#169,1.);
#169 = DIRECTION('',(0.,0.,1.));
#170 = PCURVE('',#32,#171);
#171 = DEFINITIONAL_REPRESENTATION('',(#172),#175);
#172 = B_SPLINE_CURVE_WITH_KNOTS('',1,(#173,#174),.UNSPECIFIED.,.F.,.F.,
  (2,2),(42.625,47.375),.PIECEWISE_BEZIER_KNOTS.);
#173 = CARTESIAN_POINT('',(85.25,-45.75));
#174 = CARTESIAN_POINT('',(90.,-45.75));
#175 = ( GEOMETRIC_REPRESENTATION_CONTEXT(2) 
PARAMETRIC_REPRESENTATION_CONTEXT() REPRESENTATION_CONTEXT('2D SPACE',''
  ) );
#176 = PCURVE('',#177,#182);
#177 = PLANE('',#178);
#178 = AXIS2_PLACEMENT_3D('',#179,#180,#181);
#179 = CARTESIAN_POINT('',(-0.4,9.75,85.25));
#180 = DIRECTION('',(-0.,1.,0.));
#181 = DIRECTION('',(0.,0.,1.));
#182 = DEFINITIONAL_REPRESENTATION('',(#183),#186);
#183 = B_SPLINE_CURVE_WITH_KNOTS('',1,(#184,#185),.UNSPECIFIED.,.F.,.F.,
  (2,2),(42.625,47.375),.PIECEWISE_BEZIER_KNOTS.);
#184 = CARTESIAN_POINT('',(0.,0.4));
#185 = CARTESIAN_POINT('',(4.75,0.4));
#186 = ( GEOMETRIC_REPRESENTATION_CONTEXT(2) 
PARAMETRIC_REPRESENTATION_CONTEXT() REPRESENTATION_CONTEXT('2D SPACE',''
  ) );
#187 = ORIENTED_EDGE('',*,*,#188,.F.);
#188 = EDGE_CURVE('',#189,#163,#191,.T.);
#189 = VERTEX_POINT('',#190);
#190 = CARTESIAN_POINT('',(0.,-36.,90.));
#191 = SURFACE_CURVE('',#192,(#196,#203),.PCURVE_S1.);
#192 = LINE('',#193,#194);
#193 = CARTESIAN_POINT('',(0.,-36.,90.));
#194 = VECTOR('',#195,1.);
#195 = DIRECTION('',(-0.,1.,0.));
#196 = PCURVE('',#32,#197);
#197 = DEFINITIONAL_REPRESENTATION('',(#198),#202);
#198 = LINE('',#199,#200);
#199 = CARTESIAN_POINT('',(90.,0.));
#200 = VECTOR('',#201,1.);
#201 = DIRECTION('',(0.,-1.));
#202 = ( GEOMETRIC_REPRESENTATION_CONTEXT(2) 
PARAMETRIC_REPRESENTATION_CONTEXT() REPRESENTATION_CONTEXT('2D SPACE',''
  ) );
#203 = PCURVE('',#98,#204);
#204 = DEFINITIONAL_REPRESENTATION('',(#205),#209);
#205 = LINE('',#206,#207);
#206 = CARTESIAN_POINT('',(0.,0.));
#207 = VECTOR('',#208,1.);
#208 = DIRECTION('',(0.,1.));
#209 = ( GEOMETRIC_REPRESENTATION_CONTEXT(2) 
PARAMETRIC_REPRESENTATION_CONTEXT() REPRESENTATION_CONTEXT('2D SPACE',''
  ) );
#210 = ORIENTED_EDGE('',*,*,#211,.F.);
#211 = EDGE_CURVE('',#212,#189,#214,.T.);
#212 = VERTEX_POINT('',#213);
#213 = CARTESIAN_POINT('',(0.,-36.,0.));
#214 = SURFACE_CURVE('',#215,(#219,#226),.PCURVE_S1.);
#215 = LINE('',#216,#217);
#216 = CARTESIAN_POINT('',(0.,-36.,0.));
#217 = VECTOR('',#218,1.);
#218 = DIRECTION('',(0.,0.,1.));
#219 = PCURVE('',#32,#220);
#220 = DEFINITIONAL_REPRESENTATION('',(#221),#225);
#221 = LINE('',#222,#223);
#222 = CARTESIAN_POINT('',(0.,0.));
#223 = VECTOR('',#224,1.);
#224 = DIRECTION('',(1.,0.));
#225 = ( GEOMETRIC_REPRESENTATION_CONTEXT(2) 
PARAMETRIC_REPRESENTATION_CONTEXT() REPRESENTATION_CONTEXT('2D SPACE',''
  ) );
#226 = PCURVE('',#227,#232);
#227 = PLANE('',#228);
#228 = AXIS2_PLACEMENT_3D('',#229,#230,#231);
#229 = CARTESIAN_POINT('',(0.,-36.,0.));
#230 = DIRECTION('',(-0.,1.,0.));
#231 = DIRECTION('',(0.,0.,1.));
#232 = DEFINITIONAL_REPRESENTATION('',(#233),#237);
#233 = LINE('',#234,#235);
#234 = CARTESIAN_POINT('',(0.,0.));
#235 = VECTOR('',#236,1.);
#236 = DIRECTION('',(1.,0.));
#237 = ( GEOMETRIC_REPRESENTATION_CONTEXT(2) 
PARAMETRIC_REPRESENTATION_CONTEXT() REPRESENTATION_CONTEXT('2D SPACE',''
  ) );
#238 = ORIENTED_EDGE('',*,*,#239,.T.);
#239 = EDGE_CURVE('',#212,#240,#242,.T.);
#240 = VERTEX_POINT('',#241);
#241 = CARTESIAN_POINT('',(0.,9.75,0.));
#242 = SURFACE_CURVE('',#243,(#247,#254),.PCURVE_S1.);
#243 = LINE('',#244,#245);
#244 = CARTESIAN_POINT('',(0.,-36.,0.));
#245 = VECTOR('',#246,1.);
#246 = DIRECTION('',(-0.,1.,0.));
#247 = PCURVE('',#32,#248);
#248 = DEFINITIONAL_REPRESENTATION('',(#249),#253);
#249 = LINE('',#250,#251);
#250 = CARTESIAN_POINT('',(0.,0.));
#251 = VECTOR('',#252,1.);
#252 = DIRECTION('',(0.,-1.));
#253 = ( GEOMETRIC_REPRESENTATION_CONTEXT(2) 
PARAMETRIC_REPRESENTATION_CONTEXT() REPRESENTATION_CONTEXT('2D SPACE',''
  ) );
#254 = PCURVE('',#255,#260);
#255 = PLANE('',#256);
#256 = AXIS2_PLACEMENT_3D('',#257,#258,#259);
#257 = CARTESIAN_POINT('',(0.,-36.,0.));
#258 = DIRECTION('',(0.,0.,1.));
#259 = DIRECTION('',(1.,0.,-0.));
#260 = DEFINITIONAL_REPRESENTATION('',(#261),#265);
#261 = LINE('',#262,#263);
#262 = CARTESIAN_POINT('',(0.,0.));
#263 = VECTOR('',#264,1.);
#264 = DIRECTION('',(0.,1.));
#265 = ( GEOMETRIC_REPRESENTATION_CONTEXT(2) 
PARAMETRIC_REPRESENTATION_CONTEXT() REPRESENTATION_CONTEXT('2D SPACE',''
  ) );
#266 = ORIENTED_EDGE('',*,*,#267,.T.);
#267 = EDGE_CURVE('',#240,#268,#270,.T.);
#268 = VERTEX_POINT('',#269);
#269 = CARTESIAN_POINT('',(0.,9.75,4.75));
#270 = SURFACE_CURVE('',#271,(#275,#281),.PCURVE_S1.);
#271 = LINE('',#272,#273);
#272 = CARTESIAN_POINT('',(0.,9.75,-0.125));
#273 = VECTOR('',#274,1.);
#274 = DIRECTION('',(0.,0.,1.));
#275 = PCURVE('',#32,#276);
#276 = DEFINITIONAL_REPRESENTATION('',(#277),#280);
#277 = B_SPLINE_CURVE_WITH_KNOTS('',1,(#278,#279),.UNSPECIFIED.,.F.,.F.,
  (2,2),(0.125,4.875),.PIECEWISE_BEZIER_KNOTS.);
#278 = CARTESIAN_POINT('',(0.,-45.75));
#279 = CARTESIAN_POINT('',(4.75,-45.75));
#280 = ( GEOMETRIC_REPRESENTATION_CONTEXT(2) 
PARAMETRIC_REPRESENTATION_CONTEXT() REPRESENTATION_CONTEXT('2D SPACE',''
  ) );
#281 = PCURVE('',#282,#287);
#282 = PLANE('',#283);
#283 = AXIS2_PLACEMENT_3D('',#284,#285,#286);
#284 = CARTESIAN_POINT('',(-0.4,9.75,-0.25));
#285 = DIRECTION('',(-0.,1.,0.));
#286 = DIRECTION('',(0.,0.,1.));
#287 = DEFINITIONAL_REPRESENTATION('',(#288),#291);
#288 = B_SPLINE_CURVE_WITH_KNOTS('',1,(#289,#290),.UNSPECIFIED.,.F.,.F.,
  (2,2),(0.125,4.875),.PIECEWISE_BEZIER_KNOTS.);
#289 = CARTESIAN_POINT('',(0.25,0.4));
#290 = CARTESIAN_POINT('',(5.,0.4));
#291 = ( GEOMETRIC_REPRESENTATION_CONTEXT(2) 
PARAMETRIC_REPRESENTATION_CONTEXT() REPRESENTATION_CONTEXT('2D SPACE',''
  ) );
#292 = ORIENTED_EDGE('',*,*,#293,.F.);
#293 = EDGE_CURVE('',#294,#268,#296,.T.);
#294 = VERTEX_POINT('',#295);
#295 = CARTESIAN_POINT('',(0.,20.25,4.75));
#296 = SURFACE_CURVE('',#297,(#301,#307),.PCURVE_S1.);
#297 = LINE('',#298,#299);
#298 = CARTESIAN_POINT('',(0.,-13.125,4.75));
#299 = VECTOR('',#300,1.);
#300 = DIRECTION('',(0.,-1.,0.));
#301 = PCURVE('',#32,#302);
#302 = DEFINITIONAL_REPRESENTATION('',(#303),#306);
#303 = B_SPLINE_CURVE_WITH_KNOTS('',1,(#304,#305),.UNSPECIFIED.,.F.,.F.,
  (2,2),(-33.375,-22.875),.PIECEWISE_BEZIER_KNOTS.);
#304 = CARTESIAN_POINT('',(4.75,-56.25));
#305 = CARTESIAN_POINT('',(4.75,-45.75));
#306 = ( GEOMETRIC_REPRESENTATION_CONTEXT(2) 
PARAMETRIC_REPRESENTATION_CONTEXT() REPRESENTATION_CONTEXT('2D SPACE',''
  ) );
#307 = PCURVE('',#308,#313);
#308 = PLANE('',#309);
#309 = AXIS2_PLACEMENT_3D('',#310,#311,#312);
#310 = CARTESIAN_POINT('',(-0.4,9.75,4.75));
#311 = DIRECTION('',(0.,0.,1.));
#312 = DIRECTION('',(1.,0.,-0.));
#313 = DEFINITIONAL_REPRESENTATION('',(#314),#317);
#314 = B_SPLINE_CURVE_WITH_KNOTS('',1,(#315,#316),.UNSPECIFIED.,.F.,.F.,
  (2,2),(-33.375,-22.875),.PIECEWISE_BEZIER_KNOTS.);
#315 = CARTESIAN_POINT('',(0.4,10.5));
#316 = CARTESIAN_POINT('',(0.4,0.));
#317 = ( GEOMETRIC_REPRESENTATION_CONTEXT(2) 
PARAMETRIC_REPRESENTATION_CONTEXT() REPRESENTATION_CONTEXT('2D SPACE',''
  ) );
#318 = ORIENTED_EDGE('',*,*,#319,.F.);
#319 = EDGE_CURVE('',#320,#294,#322,.T.);
#320 = VERTEX_POINT('',#321);
#321 = CARTESIAN_POINT('',(0.,20.25,0.));
#322 = SURFACE_CURVE('',#323,(#327,#333),.PCURVE_S1.);
#323 = LINE('',#324,#325);
#324 = CARTESIAN_POINT('',(0.,20.25,-0.125));
#325 = VECTOR('',#326,1.);
#326 = DIRECTION('',(0.,0.,1.));
#327 = PCURVE('',#32,#328);
#328 = DEFINITIONAL_REPRESENTATION('',(#329),#332);
#329 = B_SPLINE_CURVE_WITH_KNOTS('',1,(#330,#331),.UNSPECIFIED.,.F.,.F.,
  (2,2),(0.125,4.875),.PIECEWISE_BEZIER_KNOTS.);
#330 = CARTESIAN_POINT('',(0.,-56.25));
#331 = CARTESIAN_POINT('',(4.75,-56.25));
#332 = ( GEOMETRIC_REPRESENTATION_CONTEXT(2) 
PARAMETRIC_REPRESENTATION_CONTEXT() REPRESENTATION_CONTEXT('2D SPACE',''
  ) );
#333 = PCURVE('',#334,#339);
#334 = PLANE('',#335);
#335 = AXIS2_PLACEMENT_3D('',#336,#337,#338);
#336 = CARTESIAN_POINT('',(-0.4,20.25,-0.25));
#337 = DIRECTION('',(-0.,1.,0.));
#338 = DIRECTION('',(0.,0.,1.));
#339 = DEFINITIONAL_REPRESENTATION('',(#340),#343);
#340 = B_SPLINE_CURVE_WITH_KNOTS('',1,(#341,#342),.UNSPECIFIED.,.F.,.F.,
  (2,2),(0.125,4.875),.PIECEWISE_BEZIER_KNOTS.);
#341 = CARTESIAN_POINT('',(0.25,0.4));
#342 = CARTESIAN_POINT('',(5.,0.4));
#343 = ( GEOMETRIC_REPRESENTATION_CONTEXT(2) 
PARAMETRIC_REPRESENTATION_CONTEXT() REPRESENTATION_CONTEXT('2D SPACE',''
  ) );
#344 = ORIENTED_EDGE('',*,*,#345,.T.);
#345 = EDGE_CURVE('',#320,#346,#348,.T.);
#346 = VERTEX_POINT('',#347);
#347 = CARTESIAN_POINT('',(0.,36.,0.));
#348 = SURFACE_CURVE('',#349,(#353,#360),.PCURVE_S1.);
#349 = LINE('',#350,#351);
#350 = CARTESIAN_POINT('',(0.,-36.,0.));
#351 = VECTOR('',#352,1.);
#352 = DIRECTION('',(-0.,1.,0.));
#353 = PCURVE('',#32,#354);
#354 = DEFINITIONAL_REPRESENTATION('',(#355),#359);
#355 = LINE('',#356,#357);
#356 = CARTESIAN_POINT('',(0.,0.));
#357 = VECTOR('',#358,1.);
#358 = DIRECTION('',(0.,-1.));
#359 = ( GEOMETRIC_REPRESENTATION_CONTEXT(2) 
PARAMETRIC_REPRESENTATION_CONTEXT() REPRESENTATION_CONTEXT('2D SPACE',''
  ) );
#360 = PCURVE('',#255,#361);
#361 = DEFINITIONAL_REPRESENTATION('',(#362),#366);
#362 = LINE('',#363,#364);
#363 = CARTESIAN_POINT('',(0.,0.));
#364 = VECTOR('',#365,1.);
#365 = DIRECTION('',(0.,1.));
#366 = ( GEOMETRIC_REPRESENTATION_CONTEXT(2) 
PARAMETRIC_REPRESENTATION_CONTEXT() REPRESENTATION_CONTEXT('2D SPACE',''
  ) );
#367 = ORIENTED_EDGE('',*,*,#368,.T.);
#368 = EDGE_CURVE('',#346,#369,#371,.T.);
#369 = VERTEX_POINT('',#370);
#370 = CARTESIAN_POINT('',(0.,36.,8.));
#371 = SURFACE_CURVE('',#372,(#376,#383),.PCURVE_S1.);
#372 = LINE('',#373,#374);
#373 = CARTESIAN_POINT('',(0.,36.,0.));
#374 = VECTOR('',#375,1.);
#375 = DIRECTION('',(0.,0.,1.));
#376 = PCURVE('',#32,#377);
#377 = DEFINITIONAL_REPRESENTATION('',(#378),#382);
#378 = LINE('',#379,#380);
#379 = CARTESIAN_POINT('',(0.,-72.));
#380 = VECTOR('',#381,1.);
#381 = DIRECTION('',(1.,0.));
#382 = ( GEOMETRIC_REPRESENTATION_CONTEXT(2) 
PARAMETRIC_REPRESENTATION_CONTEXT() REPRESENTATION_CONTEXT('2D SPACE',''
  ) );
#383 = PCURVE('',#70,#384);
#384 = DEFINITIONAL_REPRESENTATION('',(#385),#389);
#385 = LINE('',#386,#387);
#386 = CARTESIAN_POINT('',(0.,0.));
#387 = VECTOR('',#388,1.);
#388 = DIRECTION('',(1.,0.));
#389 = ( GEOMETRIC_REPRESENTATION_CONTEXT(2) 
PARAMETRIC_REPRESENTATION_CONTEXT() REPRESENTATION_CONTEXT('2D SPACE',''
  ) );
#390 = ORIENTED_EDGE('',*,*,#391,.T.);
#391 = EDGE_CURVE('',#369,#392,#394,.T.);
#392 = VERTEX_POINT('',#393);
#393 = CARTESIAN_POINT('',(0.,33.8,8.));
#394 = SURFACE_CURVE('',#395,(#399,#405),.PCURVE_S1.);
#395 = LINE('',#396,#397);
#396 = CARTESIAN_POINT('',(0.,-1.35,8.));
#397 = VECTOR('',#398,1.);
#398 = DIRECTION('',(0.,-1.,0.));
#399 = PCURVE('',#32,#400);
#400 = DEFINITIONAL_REPRESENTATION('',(#401),#404);
#401 = B_SPLINE_CURVE_WITH_KNOTS('',1,(#402,#403),.UNSPECIFIED.,.F.,.F.,
  (2,2),(-37.35,-34.65),.PIECEWISE_BEZIER_KNOTS.);
#402 = CARTESIAN_POINT('',(8.,-72.));
#403 = CARTESIAN_POINT('',(8.,-69.3));
#404 = ( GEOMETRIC_REPRESENTATION_CONTEXT(2) 
PARAMETRIC_REPRESENTATION_CONTEXT() REPRESENTATION_CONTEXT('2D SPACE',''
  ) );
#405 = PCURVE('',#406,#411);
#406 = PLANE('',#407);
#407 = AXIS2_PLACEMENT_3D('',#408,#409,#410);
#408 = CARTESIAN_POINT('',(-0.4,33.3,8.));
#409 = DIRECTION('',(0.,0.,1.));
#410 = DIRECTION('',(1.,0.,-0.));
#411 = DEFINITIONAL_REPRESENTATION('',(#412),#415);
#412 = B_SPLINE_CURVE_WITH_KNOTS('',1,(#413,#414),.UNSPECIFIED.,.F.,.F.,
  (2,2),(-37.35,-34.65),.PIECEWISE_BEZIER_KNOTS.);
#413 = CARTESIAN_POINT('',(0.4,2.7));
#414 = CARTESIAN_POINT('',(0.4,0.));
#415 = ( GEOMETRIC_REPRESENTATION_CONTEXT(2) 
PARAMETRIC_REPRESENTATION_CONTEXT() REPRESENTATION_CONTEXT('2D SPACE',''
  ) );
#416 = ORIENTED_EDGE('',*,*,#417,.F.);
#417 = EDGE_CURVE('',#418,#392,#420,.T.);
#418 = VERTEX_POINT('',#419);
#419 = CARTESIAN_POINT('',(0.,33.8,6.));
#420 = SURFACE_CURVE('',#421,(#425,#431),.PCURVE_S1.);
#421 = LINE('',#422,#423);
#422 = CARTESIAN_POINT('',(0.,33.8,3.));
#423 = VECTOR('',#424,1.);
#424 = DIRECTION('',(0.,0.,1.));
#425 = PCURVE('',#32,#426);
#426 = DEFINITIONAL_REPRESENTATION('',(#427),#430);
#427 = B_SPLINE_CURVE_WITH_KNOTS('',1,(#428,#429),.UNSPECIFIED.,.F.,.F.,
  (2,2),(3.,81.),.PIECEWISE_BEZIER_KNOTS.);
#428 = CARTESIAN_POINT('',(6.,-69.8));
#429 = CARTESIAN_POINT('',(84.,-69.8));
#430 = ( GEOMETRIC_REPRESENTATION_CONTEXT(2) 
PARAMETRIC_REPRESENTATION_CONTEXT() REPRESENTATION_CONTEXT('2D SPACE',''
  ) );
#431 = PCURVE('',#432,#437);
#432 = PLANE('',#433);
#433 = AXIS2_PLACEMENT_3D('',#434,#435,#436);
#434 = CARTESIAN_POINT('',(-0.4,33.8,6.));
#435 = DIRECTION('',(-0.,1.,0.));
#436 = DIRECTION('',(0.,0.,1.));
#437 = DEFINITIONAL_REPRESENTATION('',(#438),#441);
#438 = B_SPLINE_CURVE_WITH_KNOTS('',1,(#439,#440),.UNSPECIFIED.,.F.,.F.,
  (2,2),(3.,81.),.PIECEWISE_BEZIER_KNOTS.);
#439 = CARTESIAN_POINT('',(0.,0.4));
#440 = CARTESIAN_POINT('',(78.,0.4));
#441 = ( GEOMETRIC_REPRESENTATION_CONTEXT(2) 
PARAMETRIC_REPRESENTATION_CONTEXT() REPRESENTATION_CONTEXT('2D SPACE',''
  ) );
#442 = ORIENTED_EDGE('',*,*,#443,.T.);
#443 = EDGE_CURVE('',#418,#444,#446,.T.);
#444 = VERTEX_POINT('',#445);
#445 = CARTESIAN_POINT('',(0.,-0.5,6.));
#446 = SURFACE_CURVE('',#447,(#451,#457),.PCURVE_S1.);
#447 = LINE('',#448,#449);
#448 = CARTESIAN_POINT('',(0.,-18.25,6.));
#449 = VECTOR('',#450,1.);
#450 = DIRECTION('',(0.,-1.,0.));
#451 = PCURVE('',#32,#452);
#452 = DEFINITIONAL_REPRESENTATION('',(#453),#456);
#453 = B_SPLINE_CURVE_WITH_KNOTS('',1,(#454,#455),.UNSPECIFIED.,.F.,.F.,
  (2,2),(-52.05,-17.75),.PIECEWISE_BEZIER_KNOTS.);
#454 = CARTESIAN_POINT('',(6.,-69.8));
#455 = CARTESIAN_POINT('',(6.,-35.5));
#456 = ( GEOMETRIC_REPRESENTATION_CONTEXT(2) 
PARAMETRIC_REPRESENTATION_CONTEXT() REPRESENTATION_CONTEXT('2D SPACE',''
  ) );
#457 = PCURVE('',#458,#463);
#458 = PLANE('',#459);
#459 = AXIS2_PLACEMENT_3D('',#460,#461,#462);
#460 = CARTESIAN_POINT('',(-0.4,-0.5,6.));
#461 = DIRECTION('',(0.,0.,1.));
#462 = DIRECTION('',(1.,0.,-0.));
#463 = DEFINITIONAL_REPRESENTATION('',(#464),#467);
#464 = B_SPLINE_CURVE_WITH_KNOTS('',1,(#465,#466),.UNSPECIFIED.,.F.,.F.,
  (2,2),(-52.05,-17.75),.PIECEWISE_BEZIER_KNOTS.);
#465 = CARTESIAN_POINT('',(0.4,34.3));
#466 = CARTESIAN_POINT('',(0.4,0.));
#467 = ( GEOMETRIC_REPRESENTATION_CONTEXT(2) 
PARAMETRIC_REPRESENTATION_CONTEXT() REPRESENTATION_CONTEXT('2D SPACE',''
  ) );
#468 = ORIENTED_EDGE('',*,*,#469,.T.);
#469 = EDGE_CURVE('',#444,#470,#472,.T.);
#470 = VERTEX_POINT('',#471);
#471 = CARTESIAN_POINT('',(0.,-0.5,84.));
#472 = SURFACE_CURVE('',#473,(#477,#483),.PCURVE_S1.);
#473 = LINE('',#474,#475);
#474 = CARTESIAN_POINT('',(0.,-0.5,3.));
#475 = VECTOR('',#476,1.);
#476 = DIRECTION('',(0.,0.,1.));
#477 = PCURVE('',#32,#478);
#478 = DEFINITIONAL_REPRESENTATION('',(#479),#482);
#479 = B_SPLINE_CURVE_WITH_KNOTS('',1,(#480,#481),.UNSPECIFIED.,.F.,.F.,
  (2,2),(3.,81.),.PIECEWISE_BEZIER_KNOTS.);
#480 = CARTESIAN_POINT('',(6.,-35.5));
#481 = CARTESIAN_POINT('',(84.,-35.5));
#482 = ( GEOMETRIC_REPRESENTATION_CONTEXT(2) 
PARAMETRIC_REPRESENTATION_CONTEXT() REPRESENTATION_CONTEXT('2D SPACE',''
  ) );
#483 = PCURVE('',#484,#489);
#484 = PLANE('',#485);
#485 = AXIS2_PLACEMENT_3D('',#486,#487,#488);
#486 = CARTESIAN_POINT('',(-0.4,-0.5,6.));
#487 = DIRECTION('',(-0.,1.,0.));
#488 = DIRECTION('',(0.,0.,1.));
#489 = DEFINITIONAL_REPRESENTATION('',(#490),#493);
#490 = B_SPLINE_CURVE_WITH_KNOTS('',1,(#491,#492),.UNSPECIFIED.,.F.,.F.,
  (2,2),(3.,81.),.PIECEWISE_BEZIER_KNOTS.);
#491 = CARTESIAN_POINT('',(0.,0.4));
#492 = CARTESIAN_POINT('',(78.,0.4));
#493 = ( GEOMETRIC_REPRESENTATION_CONTEXT(2) 
PARAMETRIC_REPRESENTATION_CONTEXT() REPRESENTATION_CONTEXT('2D SPACE',''
  ) );
#494 = ORIENTED_EDGE('',*,*,#495,.F.);
#495 = EDGE_CURVE('',#496,#470,#498,.T.);
#496 = VERTEX_POINT('',#497);
#497 = CARTESIAN_POINT('',(0.,33.8,84.));
#498 = SURFACE_CURVE('',#499,(#503,#509),.PCURVE_S1.);
#499 = LINE('',#500,#501);
#500 = CARTESIAN_POINT('',(0.,-18.25,84.));
#501 = VECTOR('',#502,1.);
#502 = DIRECTION('',(0.,-1.,0.));
#503 = PCURVE('',#32,#504);
#504 = DEFINITIONAL_REPRESENTATION('',(#505),#508);
#505 = B_SPLINE_CURVE_WITH_KNOTS('',1,(#506,#507),.UNSPECIFIED.,.F.,.F.,
  (2,2),(-52.05,-17.75),.PIECEWISE_BEZIER_KNOTS.);
#506 = CARTESIAN_POINT('',(84.,-69.8));
#507 = CARTESIAN_POINT('',(84.,-35.5));
#508 = ( GEOMETRIC_REPRESENTATION_CONTEXT(2) 
PARAMETRIC_REPRESENTATION_CONTEXT() REPRESENTATION_CONTEXT('2D SPACE',''
  ) );
#509 = PCURVE('',#510,#515);
#510 = PLANE('',#511);
#511 = AXIS2_PLACEMENT_3D('',#512,#513,#514);
#512 = CARTESIAN_POINT('',(-0.4,-0.5,84.));
#513 = DIRECTION('',(0.,0.,1.));
#514 = DIRECTION('',(1.,0.,-0.));
#515 = DEFINITIONAL_REPRESENTATION('',(#516),#519);
#516 = B_SPLINE_CURVE_WITH_KNOTS('',1,(#517,#518),.UNSPECIFIED.,.F.,.F.,
  (2,2),(-52.05,-17.75),.PIECEWISE_BEZIER_KNOTS.);
#517 = CARTESIAN_POINT('',(0.4,34.3));
#518 = CARTESIAN_POINT('',(0.4,0.));
#519 = ( GEOMETRIC_REPRESENTATION_CONTEXT(2) 
PARAMETRIC_REPRESENTATION_CONTEXT() REPRESENTATION_CONTEXT('2D SPACE',''
  ) );
#520 = ORIENTED_EDGE('',*,*,#521,.F.);
#521 = EDGE_CURVE('',#24,#496,#522,.T.);
#522 = SURFACE_CURVE('',#523,(#527,#533),.PCURVE_S1.);
#523 = LINE('',#524,#525);
#524 = CARTESIAN_POINT('',(0.,33.8,3.));
#525 = VECTOR('',#526,1.);
#526 = DIRECTION('',(0.,0.,1.));
#527 = PCURVE('',#32,#528);
#528 = DEFINITIONAL_REPRESENTATION('',(#529),#532);
#529 = B_SPLINE_CURVE_WITH_KNOTS('',1,(#530,#531),.UNSPECIFIED.,.F.,.F.,
  (2,2),(3.,81.),.PIECEWISE_BEZIER_KNOTS.);
#530 = CARTESIAN_POINT('',(6.,-69.8));
#531 = CARTESIAN_POINT('',(84.,-69.8));
#532 = ( GEOMETRIC_REPRESENTATION_CONTEXT(2) 
PARAMETRIC_REPRESENTATION_CONTEXT() REPRESENTATION_CONTEXT('2D SPACE',''
  ) );
#533 = PCURVE('',#534,#539);
#534 = PLANE('',#535);
#535 = AXIS2_PLACEMENT_3D('',#536,#537,#538);
#536 = CARTESIAN_POINT('',(-0.4,33.8,6.));
#537 = DIRECTION('',(-0.,1.,0.));
#538 = DIRECTION('',(0.,0.,1.));
#539 = DEFINITIONAL_REPRESENTATION('',(#540),#543);
#540 = B_SPLINE_CURVE_WITH_KNOTS('',1,(#541,#542),.UNSPECIFIED.,.F.,.F.,
  (2,2),(3.,81.),.PIECEWISE_BEZIER_KNOTS.);
#541 = CARTESIAN_POINT('',(0.,0.4));
#542 = CARTESIAN_POINT('',(78.,0.4));
#543 = ( GEOMETRIC_REPRESENTATION_CONTEXT(2) 
PARAMETRIC_REPRESENTATION_CONTEXT() REPRESENTATION_CONTEXT('2D SPACE',''
  ) );
#544 = FACE_BOUND('',#545,.F.);
#545 = EDGE_LOOP('',(#546,#574,#600,#626));
#546 = ORIENTED_EDGE('',*,*,#547,.T.);
#547 = EDGE_CURVE('',#548,#550,#552,.T.);
#548 = VERTEX_POINT('',#549);
#549 = CARTESIAN_POINT('',(0.,-22.75,7.75));
#550 = VERTEX_POINT('',#551);
#551 = CARTESIAN_POINT('',(0.,-30.25,7.75));
#552 = SURFACE_CURVE('',#553,(#557,#563),.PCURVE_S1.);
#553 = LINE('',#554,#555);
#554 = CARTESIAN_POINT('',(0.,-33.125,7.75));
#555 = VECTOR('',#556,1.);
#556 = DIRECTION('',(0.,-1.,0.));
#557 = PCURVE('',#32,#558);
#558 = DEFINITIONAL_REPRESENTATION('',(#559),#562);
#559 = B_SPLINE_CURVE_WITH_KNOTS('',1,(#560,#561),.UNSPECIFIED.,.F.,.F.,
  (2,2),(-10.375,-2.875),.PIECEWISE_BEZIER_KNOTS.);
#560 = CARTESIAN_POINT('',(7.75,-13.25));
#561 = CARTESIAN_POINT('',(7.75,-5.75));
#562 = ( GEOMETRIC_REPRESENTATION_CONTEXT(2) 
PARAMETRIC_REPRESENTATION_CONTEXT() REPRESENTATION_CONTEXT('2D SPACE',''
  ) );
#563 = PCURVE('',#564,#569);
#564 = PLANE('',#565);
#565 = AXIS2_PLACEMENT_3D('',#566,#567,#568);
#566 = CARTESIAN_POINT('',(-0.4,-30.25,7.75));
#567 = DIRECTION('',(0.,0.,1.));
#568 = DIRECTION('',(1.,0.,-0.));
#569 = DEFINITIONAL_REPRESENTATION('',(#570),#573);
#570 = B_SPLINE_CURVE_WITH_KNOTS('',1,(#571,#572),.UNSPECIFIED.,.F.,.F.,
  (2,2),(-10.375,-2.875),.PIECEWISE_BEZIER_KNOTS.);
#571 = CARTESIAN_POINT('',(0.4,7.5));
#572 = CARTESIAN_POINT('',(0.4,0.));
#573 = ( GEOMETRIC_REPRESENTATION_CONTEXT(2) 
PARAMETRIC_REPRESENTATION_CONTEXT() REPRESENTATION_CONTEXT('2D SPACE',''
  ) );
#574 = ORIENTED_EDGE('',*,*,#575,.T.);
#575 = EDGE_CURVE('',#550,#576,#578,.T.);
#576 = VERTEX_POINT('',#577);
#577 = CARTESIAN_POINT('',(0.,-30.25,16.25));
#578 = SURFACE_CURVE('',#579,(#583,#589),.PCURVE_S1.);
#579 = LINE('',#580,#581);
#580 = CARTESIAN_POINT('',(0.,-30.25,3.875));
#581 = VECTOR('',#582,1.);
#582 = DIRECTION('',(0.,0.,1.));
#583 = PCURVE('',#32,#584);
#584 = DEFINITIONAL_REPRESENTATION('',(#585),#588);
#585 = B_SPLINE_CURVE_WITH_KNOTS('',1,(#586,#587),.UNSPECIFIED.,.F.,.F.,
  (2,2),(3.875,12.375),.PIECEWISE_BEZIER_KNOTS.);
#586 = CARTESIAN_POINT('',(7.75,-5.75));
#587 = CARTESIAN_POINT('',(16.25,-5.75));
#588 = ( GEOMETRIC_REPRESENTATION_CONTEXT(2) 
PARAMETRIC_REPRESENTATION_CONTEXT() REPRESENTATION_CONTEXT('2D SPACE',''
  ) );
#589 = PCURVE('',#590,#595);
#590 = PLANE('',#591);
#591 = AXIS2_PLACEMENT_3D('',#592,#593,#594);
#592 = CARTESIAN_POINT('',(-0.4,-30.25,7.75));
#593 = DIRECTION('',(-0.,1.,0.));
#594 = DIRECTION('',(0.,0.,1.));
#595 = DEFINITIONAL_REPRESENTATION('',(#596),#599);
#596 = B_SPLINE_CURVE_WITH_KNOTS('',1,(#597,#598),.UNSPECIFIED.,.F.,.F.,
  (2,2),(3.875,12.375),.PIECEWISE_BEZIER_KNOTS.);
#597 = CARTESIAN_POINT('',(0.,0.4));
#598 = CARTESIAN_POINT('',(8.5,0.4));
#599 = ( GEOMETRIC_REPRESENTATION_CONTEXT(2) 
PARAMETRIC_REPRESENTATION_CONTEXT() REPRESENTATION_CONTEXT('2D SPACE',''
  ) );
#600 = ORIENTED_EDGE('',*,*,#601,.F.);
#601 = EDGE_CURVE('',#602,#576,#604,.T.);
#602 = VERTEX_POINT('',#603);
#603 = CARTESIAN_POINT('',(0.,-22.75,16.25));
#604 = SURFACE_CURVE('',#605,(#609,#615),.PCURVE_S1.);
#605 = LINE('',#606,#607);
#606 = CARTESIAN_POINT('',(0.,-33.125,16.25));
#607 = VECTOR('',#608,1.);
#608 = DIRECTION('',(0.,-1.,0.));
#609 = PCURVE('',#32,#610);
#610 = DEFINITIONAL_REPRESENTATION('',(#611),#614);
#611 = B_SPLINE_CURVE_WITH_KNOTS('',1,(#612,#613),.UNSPECIFIED.,.F.,.F.,
  (2,2),(-10.375,-2.875),.PIECEWISE_BEZIER_KNOTS.);
#612 = CARTESIAN_POINT('',(16.25,-13.25));
#613 = CARTESIAN_POINT('',(16.25,-5.75));
#614 = ( GEOMETRIC_REPRESENTATION_CONTEXT(2) 
PARAMETRIC_REPRESENTATION_CONTEXT() REPRESENTATION_CONTEXT('2D SPACE',''
  ) );
#615 = PCURVE('',#616,#621);
#616 = PLANE('',#617);
#617 = AXIS2_PLACEMENT_3D('',#618,#619,#620);
#618 = CARTESIAN_POINT('',(-0.4,-30.25,16.25));
#619 = DIRECTION('',(0.,0.,1.));
#620 = DIRECTION('',(1.,0.,-0.));
#621 = DEFINITIONAL_REPRESENTATION('',(#622),#625);
#622 = B_SPLINE_CURVE_WITH_KNOTS('',1,(#623,#624),.UNSPECIFIED.,.F.,.F.,
  (2,2),(-10.375,-2.875),.PIECEWISE_BEZIER_KNOTS.);
#623 = CARTESIAN_POINT('',(0.4,7.5));
#624 = CARTESIAN_POINT('',(0.4,0.));
#625 = ( GEOMETRIC_REPRESENTATION_CONTEXT(2) 
PARAMETRIC_REPRESENTATION_CONTEXT() REPRESENTATION_CONTEXT('2D SPACE',''
  ) );
#626 = ORIENTED_EDGE('',*,*,#627,.F.);
#627 = EDGE_CURVE('',#548,#602,#628,.T.);
#628 = SURFACE_CURVE('',#629,(#633,#639),.PCURVE_S1.);
#629 = LINE('',#630,#631);
#630 = CARTESIAN_POINT('',(0.,-22.75,3.875));
#631 = VECTOR('',#632,1.);
#632 = DIRECTION('',(0.,0.,1.));
#633 = PCURVE('',#32,#634);
#634 = DEFINITIONAL_REPRESENTATION('',(#635),#638);
#635 = B_SPLINE_CURVE_WITH_KNOTS('',1,(#636,#637),.UNSPECIFIED.,.F.,.F.,
  (2,2),(3.875,12.375),.PIECEWISE_BEZIER_KNOTS.);
#636 = CARTESIAN_POINT('',(7.75,-13.25));
#637 = CARTESIAN_POINT('',(16.25,-13.25));
#638 = ( GEOMETRIC_REPRESENTATION_CONTEXT(2) 
PARAMETRIC_REPRESENTATION_CONTEXT() REPRESENTATION_CONTEXT('2D SPACE',''
  ) );
#639 = PCURVE('',#640,#645);
#640 = PLANE('',#641);
#641 = AXIS2_PLACEMENT_3D('',#642,#643,#644);
#642 = CARTESIAN_POINT('',(-0.4,-22.75,7.75));
#643 = DIRECTION('',(-0.,1.,0.));
#644 = DIRECTION('',(0.,0.,1.));
#645 = DEFINITIONAL_REPRESENTATION('',(#646),#649);
#646 = B_SPLINE_CURVE_WITH_KNOTS('',1,(#647,#648),.UNSPECIFIED.,.F.,.F.,
  (2,2),(3.875,12.375),.PIECEWISE_BEZIER_KNOTS.);
#647 = CARTESIAN_POINT('',(0.,0.4));
#648 = CARTESIAN_POINT('',(8.5,0.4));
#649 = ( GEOMETRIC_REPRESENTATION_CONTEXT(2) 
PARAMETRIC_REPRESENTATION_CONTEXT() REPRESENTATION_CONTEXT('2D SPACE',''
  ) );
#650 = FACE_BOUND('',#651,.F.);
#651 = EDGE_LOOP('',(#652,#680,#706,#732));
#652 = ORIENTED_EDGE('',*,*,#653,.T.);
#653 = EDGE_CURVE('',#654,#656,#658,.T.);
#654 = VERTEX_POINT('',#655);
#655 = CARTESIAN_POINT('',(0.,-22.75,73.75));
#656 = VERTEX_POINT('',#657);
#657 = CARTESIAN_POINT('',(0.,-30.25,73.75));
#658 = SURFACE_CURVE('',#659,(#663,#669),.PCURVE_S1.);
#659 = LINE('',#660,#661);
#660 = CARTESIAN_POINT('',(0.,-33.125,73.75));
#661 = VECTOR('',#662,1.);
#662 = DIRECTION('',(0.,-1.,0.));
#663 = PCURVE('',#32,#664);
#664 = DEFINITIONAL_REPRESENTATION('',(#665),#668);
#665 = B_SPLINE_CURVE_WITH_KNOTS('',1,(#666,#667),.UNSPECIFIED.,.F.,.F.,
  (2,2),(-10.375,-2.875),.PIECEWISE_BEZIER_KNOTS.);
#666 = CARTESIAN_POINT('',(73.75,-13.25));
#667 = CARTESIAN_POINT('',(73.75,-5.75));
#668 = ( GEOMETRIC_REPRESENTATION_CONTEXT(2) 
PARAMETRIC_REPRESENTATION_CONTEXT() REPRESENTATION_CONTEXT('2D SPACE',''
  ) );
#669 = PCURVE('',#670,#675);
#670 = PLANE('',#671);
#671 = AXIS2_PLACEMENT_3D('',#672,#673,#674);
#672 = CARTESIAN_POINT('',(-0.4,-30.25,73.75));
#673 = DIRECTION('',(0.,0.,1.));
#674 = DIRECTION('',(1.,0.,-0.));
#675 = DEFINITIONAL_REPRESENTATION('',(#676),#679);
#676 = B_SPLINE_CURVE_WITH_KNOTS('',1,(#677,#678),.UNSPECIFIED.,.F.,.F.,
  (2,2),(-10.375,-2.875),.PIECEWISE_BEZIER_KNOTS.);
#677 = CARTESIAN_POINT('',(0.4,7.5));
#678 = CARTESIAN_POINT('',(0.4,0.));
#679 = ( GEOMETRIC_REPRESENTATION_CONTEXT(2) 
PARAMETRIC_REPRESENTATION_CONTEXT() REPRESENTATION_CONTEXT('2D SPACE',''
  ) );
#680 = ORIENTED_EDGE('',*,*,#681,.T.);
#681 = EDGE_CURVE('',#656,#682,#684,.T.);
#682 = VERTEX_POINT('',#683);
#683 = CARTESIAN_POINT('',(0.,-30.25,82.25));
#684 = SURFACE_CURVE('',#685,(#689,#695),.PCURVE_S1.);
#685 = LINE('',#686,#687);
#686 = CARTESIAN_POINT('',(0.,-30.25,36.875));
#687 = VECTOR('',#688,1.);
#688 = DIRECTION('',(0.,0.,1.));
#689 = PCURVE('',#32,#690);
#690 = DEFINITIONAL_REPRESENTATION('',(#691),#694);
#691 = B_SPLINE_CURVE_WITH_KNOTS('',1,(#692,#693),.UNSPECIFIED.,.F.,.F.,
  (2,2),(36.875,45.375),.PIECEWISE_BEZIER_KNOTS.);
#692 = CARTESIAN_POINT('',(73.75,-5.75));
#693 = CARTESIAN_POINT('',(82.25,-5.75));
#694 = ( GEOMETRIC_REPRESENTATION_CONTEXT(2) 
PARAMETRIC_REPRESENTATION_CONTEXT() REPRESENTATION_CONTEXT('2D SPACE',''
  ) );
#695 = PCURVE('',#696,#701);
#696 = PLANE('',#697);
#697 = AXIS2_PLACEMENT_3D('',#698,#699,#700);
#698 = CARTESIAN_POINT('',(-0.4,-30.25,73.75));
#699 = DIRECTION('',(-0.,1.,0.));
#700 = DIRECTION('',(0.,0.,1.));
#701 = DEFINITIONAL_REPRESENTATION('',(#702),#705);
#702 = B_SPLINE_CURVE_WITH_KNOTS('',1,(#703,#704),.UNSPECIFIED.,.F.,.F.,
  (2,2),(36.875,45.375),.PIECEWISE_BEZIER_KNOTS.);
#703 = CARTESIAN_POINT('',(0.,0.4));
#704 = CARTESIAN_POINT('',(8.5,0.4));
#705 = ( GEOMETRIC_REPRESENTATION_CONTEXT(2) 
PARAMETRIC_REPRESENTATION_CONTEXT() REPRESENTATION_CONTEXT('2D SPACE',''
  ) );
#706 = ORIENTED_EDGE('',*,*,#707,.F.);
#707 = EDGE_CURVE('',#708,#682,#710,.T.);
#708 = VERTEX_POINT('',#709);
#709 = CARTESIAN_POINT('',(0.,-22.75,82.25));
#710 = SURFACE_CURVE('',#711,(#715,#721),.PCURVE_S1.);
#711 = LINE('',#712,#713);
#712 = CARTESIAN_POINT('',(0.,-33.125,82.25));
#713 = VECTOR('',#714,1.);
#714 = DIRECTION('',(0.,-1.,0.));
#715 = PCURVE('',#32,#716);
#716 = DEFINITIONAL_REPRESENTATION('',(#717),#720);
#717 = B_SPLINE_CURVE_WITH_KNOTS('',1,(#718,#719),.UNSPECIFIED.,.F.,.F.,
  (2,2),(-10.375,-2.875),.PIECEWISE_BEZIER_KNOTS.);
#718 = CARTESIAN_POINT('',(82.25,-13.25));
#719 = CARTESIAN_POINT('',(82.25,-5.75));
#720 = ( GEOMETRIC_REPRESENTATION_CONTEXT(2) 
PARAMETRIC_REPRESENTATION_CONTEXT() REPRESENTATION_CONTEXT('2D SPACE',''
  ) );
#721 = PCURVE('',#722,#727);
#722 = PLANE('',#723);
#723 = AXIS2_PLACEMENT_3D('',#724,#725,#726);
#724 = CARTESIAN_POINT('',(-0.4,-30.25,82.25));
#725 = DIRECTION('',(0.,0.,1.));
#726 = DIRECTION('',(1.,0.,-0.));
#727 = DEFINITIONAL_REPRESENTATION('',(#728),#731);
#728 = B_SPLINE_CURVE_WITH_KNOTS('',1,(#729,#730),.UNSPECIFIED.,.F.,.F.,
  (2,2),(-10.375,-2.875),.PIECEWISE_BEZIER_KNOTS.);
#729 = CARTESIAN_POINT('',(0.4,7.5));
#730 = CARTESIAN_POINT('',(0.4,0.));
#731 = ( GEOMETRIC_REPRESENTATION_CONTEXT(2) 
PARAMETRIC_REPRESENTATION_CONTEXT() REPRESENTATION_CONTEXT('2D SPACE',''
  ) );
#732 = ORIENTED_EDGE('',*,*,#733,.F.);
#733 = EDGE_CURVE('',#654,#708,#734,.T.);
#734 = SURFACE_CURVE('',#735,(#739,#745),.PCURVE_S1.);
#735 = LINE('',#736,#737);
#736 = CARTESIAN_POINT('',(0.,-22.75,36.875));
#737 = VECTOR('',#738,1.);
#738 = DIRECTION('',(0.,0.,1.));
#739 = PCURVE('',#32,#740);
#740 = DEFINITIONAL_REPRESENTATION('',(#741),#744);
#741 = B_SPLINE_CURVE_WITH_KNOTS('',1,(#742,#743),.UNSPECIFIED.,.F.,.F.,
  (2,2),(36.875,45.375),.PIECEWISE_BEZIER_KNOTS.);
#742 = CARTESIAN_POINT('',(73.75,-13.25));
#743 = CARTESIAN_POINT('',(82.25,-13.25));
#744 = ( GEOMETRIC_REPRESENTATION_CONTEXT(2) 
PARAMETRIC_REPRESENTATION_CONTEXT() REPRESENTATION_CONTEXT('2D SPACE',''
  ) );
#745 = PCURVE('',#746,#751);
#746 = PLANE('',#747);
#747 = AXIS2_PLACEMENT_3D('',#748,#749,#750);
#748 = CARTESIAN_POINT('',(-0.4,-22.75,73.75));
#749 = DIRECTION('',(-0.,1.,0.));
#750 = DIRECTION('',(0.,0.,1.));
#751 = DEFINITIONAL_REPRESENTATION('',(#752),#755);
#752 = B_SPLINE_CURVE_WITH_KNOTS('',1,(#753,#754),.UNSPECIFIED.,.F.,.F.,
  (2,2),(36.875,45.375),.PIECEWISE_BEZIER_KNOTS.);
#753 = CARTESIAN_POINT('',(0.,0.4));
#754 = CARTESIAN_POINT('',(8.5,0.4));
#755 = ( GEOMETRIC_REPRESENTATION_CONTEXT(2) 
PARAMETRIC_REPRESENTATION_CONTEXT() REPRESENTATION_CONTEXT('2D SPACE',''
  ) );
#756 = ADVANCED_FACE('',(#757),#722,.F.);
#757 = FACE_BOUND('',#758,.F.);
#758 = EDGE_LOOP('',(#759,#782,#783,#806));
#759 = ORIENTED_EDGE('',*,*,#760,.F.);
#760 = EDGE_CURVE('',#708,#761,#763,.T.);
#761 = VERTEX_POINT('',#762);
#762 = CARTESIAN_POINT('',(2.4,-22.75,82.25));
#763 = SURFACE_CURVE('',#764,(#768,#775),.PCURVE_S1.);
#764 = LINE('',#765,#766);
#765 = CARTESIAN_POINT('',(-0.4,-22.75,82.25));
#766 = VECTOR('',#767,1.);
#767 = DIRECTION('',(1.,0.,-0.));
#768 = PCURVE('',#722,#769);
#769 = DEFINITIONAL_REPRESENTATION('',(#770),#774);
#770 = LINE('',#771,#772);
#771 = CARTESIAN_POINT('',(0.,7.5));
#772 = VECTOR('',#773,1.);
#773 = DIRECTION('',(1.,0.));
#774 = ( GEOMETRIC_REPRESENTATION_CONTEXT(2) 
PARAMETRIC_REPRESENTATION_CONTEXT() REPRESENTATION_CONTEXT('2D SPACE',''
  ) );
#775 = PCURVE('',#746,#776);
#776 = DEFINITIONAL_REPRESENTATION('',(#777),#781);
#777 = LINE('',#778,#779);
#778 = CARTESIAN_POINT('',(8.5,0.));
#779 = VECTOR('',#780,1.);
#780 = DIRECTION('',(0.,1.));
#781 = ( GEOMETRIC_REPRESENTATION_CONTEXT(2) 
PARAMETRIC_REPRESENTATION_CONTEXT() REPRESENTATION_CONTEXT('2D SPACE',''
  ) );
#782 = ORIENTED_EDGE('',*,*,#707,.T.);
#783 = ORIENTED_EDGE('',*,*,#784,.T.);
#784 = EDGE_CURVE('',#682,#785,#787,.T.);
#785 = VERTEX_POINT('',#786);
#786 = CARTESIAN_POINT('',(2.4,-30.25,82.25));
#787 = SURFACE_CURVE('',#788,(#792,#799),.PCURVE_S1.);
#788 = LINE('',#789,#790);
#789 = CARTESIAN_POINT('',(-0.4,-30.25,82.25));
#790 = VECTOR('',#791,1.);
#791 = DIRECTION('',(1.,0.,-0.));
#792 = PCURVE('',#722,#793);
#793 = DEFINITIONAL_REPRESENTATION('',(#794),#798);
#794 = LINE('',#795,#796);
#795 = CARTESIAN_POINT('',(0.,0.));
#796 = VECTOR('',#797,1.);
#797 = DIRECTION('',(1.,0.));
#798 = ( GEOMETRIC_REPRESENTATION_CONTEXT(2) 
PARAMETRIC_REPRESENTATION_CONTEXT() REPRESENTATION_CONTEXT('2D SPACE',''
  ) );
#799 = PCURVE('',#696,#800);
#800 = DEFINITIONAL_REPRESENTATION('',(#801),#805);
#801 = LINE('',#802,#803);
#802 = CARTESIAN_POINT('',(8.5,0.));
#803 = VECTOR('',#804,1.);
#804 = DIRECTION('',(0.,1.));
#805 = ( GEOMETRIC_REPRESENTATION_CONTEXT(2) 
PARAMETRIC_REPRESENTATION_CONTEXT() REPRESENTATION_CONTEXT('2D SPACE',''
  ) );
#806 = ORIENTED_EDGE('',*,*,#807,.F.);
#807 = EDGE_CURVE('',#761,#785,#808,.T.);
#808 = SURFACE_CURVE('',#809,(#813,#819),.PCURVE_S1.);
#809 = LINE('',#810,#811);
#810 = CARTESIAN_POINT('',(2.4,-31.925,82.25));
#811 = VECTOR('',#812,1.);
#812 = DIRECTION('',(0.,-1.,0.));
#813 = PCURVE('',#722,#814);
#814 = DEFINITIONAL_REPRESENTATION('',(#815),#818);
#815 = B_SPLINE_CURVE_WITH_KNOTS('',1,(#816,#817),.UNSPECIFIED.,.F.,.F.,
  (2,2),(-9.175,-1.675),.PIECEWISE_BEZIER_KNOTS.);
#816 = CARTESIAN_POINT('',(2.8,7.5));
#817 = CARTESIAN_POINT('',(2.8,0.));
#818 = ( GEOMETRIC_REPRESENTATION_CONTEXT(2) 
PARAMETRIC_REPRESENTATION_CONTEXT() REPRESENTATION_CONTEXT('2D SPACE',''
  ) );
#819 = PCURVE('',#820,#825);
#820 = PLANE('',#821);
#821 = AXIS2_PLACEMENT_3D('',#822,#823,#824);
#822 = CARTESIAN_POINT('',(2.4,-33.6,2.4));
#823 = DIRECTION('',(1.,0.,-0.));
#824 = DIRECTION('',(0.,0.,1.));
#825 = DEFINITIONAL_REPRESENTATION('',(#826),#829);
#826 = B_SPLINE_CURVE_WITH_KNOTS('',1,(#827,#828),.UNSPECIFIED.,.F.,.F.,
  (2,2),(-9.175,-1.675),.PIECEWISE_BEZIER_KNOTS.);
#827 = CARTESIAN_POINT('',(79.85,-10.85));
#828 = CARTESIAN_POINT('',(79.85,-3.35));
#829 = ( GEOMETRIC_REPRESENTATION_CONTEXT(2) 
PARAMETRIC_REPRESENTATION_CONTEXT() REPRESENTATION_CONTEXT('2D SPACE',''
  ) );
#830 = ADVANCED_FACE('',(#831,#945,#1031),#820,.T.);
#831 = FACE_BOUND('',#832,.T.);
#832 = EDGE_LOOP('',(#833,#863,#891,#919));
#833 = ORIENTED_EDGE('',*,*,#834,.F.);
#834 = EDGE_CURVE('',#835,#837,#839,.T.);
#835 = VERTEX_POINT('',#836);
#836 = CARTESIAN_POINT('',(2.4,-33.6,2.4));
#837 = VERTEX_POINT('',#838);
#838 = CARTESIAN_POINT('',(2.4,-33.6,87.6));
#839 = SURFACE_CURVE('',#840,(#844,#851),.PCURVE_S1.);
#840 = LINE('',#841,#842);
#841 = CARTESIAN_POINT('',(2.4,-33.6,2.4));
#842 = VECTOR('',#843,1.);
#843 = DIRECTION('',(0.,0.,1.));
#844 = PCURVE('',#820,#845);
#845 = DEFINITIONAL_REPRESENTATION('',(#846),#850);
#846 = LINE('',#847,#848);
#847 = CARTESIAN_POINT('',(0.,0.));
#848 = VECTOR('',#849,1.);
#849 = DIRECTION('',(1.,0.));
#850 = ( GEOMETRIC_REPRESENTATION_CONTEXT(2) 
PARAMETRIC_REPRESENTATION_CONTEXT() REPRESENTATION_CONTEXT('2D SPACE',''
  ) );
#851 = PCURVE('',#852,#857);
#852 = PLANE('',#853);
#853 = AXIS2_PLACEMENT_3D('',#854,#855,#856);
#854 = CARTESIAN_POINT('',(2.4,-33.6,2.4));
#855 = DIRECTION('',(-0.,1.,0.));
#856 = DIRECTION('',(0.,0.,1.));
#857 = DEFINITIONAL_REPRESENTATION('',(#858),#862);
#858 = LINE('',#859,#860);
#859 = CARTESIAN_POINT('',(0.,0.));
#860 = VECTOR('',#861,1.);
#861 = DIRECTION('',(1.,0.));
#862 = ( GEOMETRIC_REPRESENTATION_CONTEXT(2) 
PARAMETRIC_REPRESENTATION_CONTEXT() REPRESENTATION_CONTEXT('2D SPACE',''
  ) );
#863 = ORIENTED_EDGE('',*,*,#864,.T.);
#864 = EDGE_CURVE('',#835,#865,#867,.T.);
#865 = VERTEX_POINT('',#866);
#866 = CARTESIAN_POINT('',(2.4,-2.7,2.4));
#867 = SURFACE_CURVE('',#868,(#872,#879),.PCURVE_S1.);
#868 = LINE('',#869,#870);
#869 = CARTESIAN_POINT('',(2.4,-33.6,2.4));
#870 = VECTOR('',#871,1.);
#871 = DIRECTION('',(-0.,1.,0.));
#872 = PCURVE('',#820,#873);
#873 = DEFINITIONAL_REPRESENTATION('',(#874),#878);
#874 = LINE('',#875,#876);
#875 = CARTESIAN_POINT('',(0.,0.));
#876 = VECTOR('',#877,1.);
#877 = DIRECTION('',(0.,-1.));
#878 = ( GEOMETRIC_REPRESENTATION_CONTEXT(2) 
PARAMETRIC_REPRESENTATION_CONTEXT() REPRESENTATION_CONTEXT('2D SPACE',''
  ) );
#879 = PCURVE('',#880,#885);
#880 = PLANE('',#881);
#881 = AXIS2_PLACEMENT_3D('',#882,#883,#884);
#882 = CARTESIAN_POINT('',(2.4,-33.6,2.4));
#883 = DIRECTION('',(0.,0.,1.));
#884 = DIRECTION('',(1.,0.,-0.));
#885 = DEFINITIONAL_REPRESENTATION('',(#886),#890);
#886 = LINE('',#887,#888);
#887 = CARTESIAN_POINT('',(0.,0.));
#888 = VECTOR('',#889,1.);
#889 = DIRECTION('',(0.,1.));
#890 = ( GEOMETRIC_REPRESENTATION_CONTEXT(2) 
PARAMETRIC_REPRESENTATION_CONTEXT() REPRESENTATION_CONTEXT('2D SPACE',''
  ) );
#891 = ORIENTED_EDGE('',*,*,#892,.T.);
#892 = EDGE_CURVE('',#865,#893,#895,.T.);
#893 = VERTEX_POINT('',#894);
#894 = CARTESIAN_POINT('',(2.4,-2.7,87.6));
#895 = SURFACE_CURVE('',#896,(#900,#907),.PCURVE_S1.);
#896 = LINE('',#897,#898);
#897 = CARTESIAN_POINT('',(2.4,-2.7,2.4));
#898 = VECTOR('',#899,1.);
#899 = DIRECTION('',(0.,0.,1.));
#900 = PCURVE('',#820,#901);
#901 = DEFINITIONAL_REPRESENTATION('',(#902),#906);
#902 = LINE('',#903,#904);
#903 = CARTESIAN_POINT('',(0.,-30.9));
#904 = VECTOR('',#905,1.);
#905 = DIRECTION('',(1.,0.));
#906 = ( GEOMETRIC_REPRESENTATION_CONTEXT(2) 
PARAMETRIC_REPRESENTATION_CONTEXT() REPRESENTATION_CONTEXT('2D SPACE',''
  ) );
#907 = PCURVE('',#908,#913);
#908 = PLANE('',#909);
#909 = AXIS2_PLACEMENT_3D('',#910,#911,#912);
#910 = CARTESIAN_POINT('',(2.4,-2.7,2.4));
#911 = DIRECTION('',(-0.,1.,0.));
#912 = DIRECTION('',(0.,0.,1.));
#913 = DEFINITIONAL_REPRESENTATION('',(#914),#918);
#914 = LINE('',#915,#916);
#915 = CARTESIAN_POINT('',(0.,0.));
#916 = VECTOR('',#917,1.);
#917 = DIRECTION('',(1.,0.));
#918 = ( GEOMETRIC_REPRESENTATION_CONTEXT(2) 
PARAMETRIC_REPRESENTATION_CONTEXT() REPRESENTATION_CONTEXT('2D SPACE',''
  ) );
#919 = ORIENTED_EDGE('',*,*,#920,.F.);
#920 = EDGE_CURVE('',#837,#893,#921,.T.);
#921 = SURFACE_CURVE('',#922,(#926,#933),.PCURVE_S1.);
#922 = LINE('',#923,#924);
#923 = CARTESIAN_POINT('',(2.4,-33.6,87.6));
#924 = VECTOR('',#925,1.);
#925 = DIRECTION('',(-0.,1.,0.));
#926 = PCURVE('',#820,#927);
#927 = DEFINITIONAL_REPRESENTATION('',(#928),#932);
#928 = LINE('',#929,#930);
#929 = CARTESIAN_POINT('',(85.2,0.));
#930 = VECTOR('',#931,1.);
#931 = DIRECTION('',(0.,-1.));
#932 = ( GEOMETRIC_REPRESENTATION_CONTEXT(2) 
PARAMETRIC_REPRESENTATION_CONTEXT() REPRESENTATION_CONTEXT('2D SPACE',''
  ) );
#933 = PCURVE('',#934,#939);
#934 = PLANE('',#935);
#935 = AXIS2_PLACEMENT_3D('',#936,#937,#938);
#936 = CARTESIAN_POINT('',(2.4,-33.6,87.6));
#937 = DIRECTION('',(0.,0.,1.));
#938 = DIRECTION('',(1.,0.,-0.));
#939 = DEFINITIONAL_REPRESENTATION('',(#940),#944);
#940 = LINE('',#941,#942);
#941 = CARTESIAN_POINT('',(0.,0.));
#942 = VECTOR('',#943,1.);
#943 = DIRECTION('',(0.,1.));
#944 = ( GEOMETRIC_REPRESENTATION_CONTEXT(2) 
PARAMETRIC_REPRESENTATION_CONTEXT() REPRESENTATION_CONTEXT('2D SPACE',''
  ) );
#945 = FACE_BOUND('',#946,.T.);
#946 = EDGE_LOOP('',(#947,#970,#991,#1012));
#947 = ORIENTED_EDGE('',*,*,#948,.T.);
#948 = EDGE_CURVE('',#949,#951,#953,.T.);
#949 = VERTEX_POINT('',#950);
#950 = CARTESIAN_POINT('',(2.4,-22.75,7.75));
#951 = VERTEX_POINT('',#952);
#952 = CARTESIAN_POINT('',(2.4,-30.25,7.75));
#953 = SURFACE_CURVE('',#954,(#958,#964),.PCURVE_S1.);
#954 = LINE('',#955,#956);
#955 = CARTESIAN_POINT('',(2.4,-31.925,7.75));
#956 = VECTOR('',#957,1.);
#957 = DIRECTION('',(0.,-1.,0.));
#958 = PCURVE('',#820,#959);
#959 = DEFINITIONAL_REPRESENTATION('',(#960),#963);
#960 = B_SPLINE_CURVE_WITH_KNOTS('',1,(#961,#962),.UNSPECIFIED.,.F.,.F.,
  (2,2),(-9.175,-1.675),.PIECEWISE_BEZIER_KNOTS.);
#961 = CARTESIAN_POINT('',(5.35,-10.85));
#962 = CARTESIAN_POINT('',(5.35,-3.35));
#963 = ( GEOMETRIC_REPRESENTATION_CONTEXT(2) 
PARAMETRIC_REPRESENTATION_CONTEXT() REPRESENTATION_CONTEXT('2D SPACE',''
  ) );
#964 = PCURVE('',#564,#965);
#965 = DEFINITIONAL_REPRESENTATION('',(#966),#969);
#966 = B_SPLINE_CURVE_WITH_KNOTS('',1,(#967,#968),.UNSPECIFIED.,.F.,.F.,
  (2,2),(-9.175,-1.675),.PIECEWISE_BEZIER_KNOTS.);
#967 = CARTESIAN_POINT('',(2.8,7.5));
#968 = CARTESIAN_POINT('',(2.8,0.));
#969 = ( GEOMETRIC_REPRESENTATION_CONTEXT(2) 
PARAMETRIC_REPRESENTATION_CONTEXT() REPRESENTATION_CONTEXT('2D SPACE',''
  ) );
#970 = ORIENTED_EDGE('',*,*,#971,.T.);
#971 = EDGE_CURVE('',#951,#972,#974,.T.);
#972 = VERTEX_POINT('',#973);
#973 = CARTESIAN_POINT('',(2.4,-30.25,16.25));
#974 = SURFACE_CURVE('',#975,(#979,#985),.PCURVE_S1.);
#975 = LINE('',#976,#977);
#976 = CARTESIAN_POINT('',(2.4,-30.25,5.075));
#977 = VECTOR('',#978,1.);
#978 = DIRECTION('',(0.,0.,1.));
#979 = PCURVE('',#820,#980);
#980 = DEFINITIONAL_REPRESENTATION('',(#981),#984);
#981 = B_SPLINE_CURVE_WITH_KNOTS('',1,(#982,#983),.UNSPECIFIED.,.F.,.F.,
  (2,2),(2.675,11.175),.PIECEWISE_BEZIER_KNOTS.);
#982 = CARTESIAN_POINT('',(5.35,-3.35));
#983 = CARTESIAN_POINT('',(13.85,-3.35));
#984 = ( GEOMETRIC_REPRESENTATION_CONTEXT(2) 
PARAMETRIC_REPRESENTATION_CONTEXT() REPRESENTATION_CONTEXT('2D SPACE',''
  ) );
#985 = PCURVE('',#590,#986);
#986 = DEFINITIONAL_REPRESENTATION('',(#987),#990);
#987 = B_SPLINE_CURVE_WITH_KNOTS('',1,(#988,#989),.UNSPECIFIED.,.F.,.F.,
  (2,2),(2.675,11.175),.PIECEWISE_BEZIER_KNOTS.);
#988 = CARTESIAN_POINT('',(0.,2.8));
#989 = CARTESIAN_POINT('',(8.5,2.8));
#990 = ( GEOMETRIC_REPRESENTATION_CONTEXT(2) 
PARAMETRIC_REPRESENTATION_CONTEXT() REPRESENTATION_CONTEXT('2D SPACE',''
  ) );
#991 = ORIENTED_EDGE('',*,*,#992,.F.);
#992 = EDGE_CURVE('',#993,#972,#995,.T.);
#993 = VERTEX_POINT('',#994);
#994 = CARTESIAN_POINT('',(2.4,-22.75,16.25));
#995 = SURFACE_CURVE('',#996,(#1000,#1006),.PCURVE_S1.);
#996 = LINE('',#997,#998);
#997 = CARTESIAN_POINT('',(2.4,-31.925,16.25));
#998 = VECTOR('',#999,1.);
#999 = DIRECTION('',(0.,-1.,0.));
#1000 = PCURVE('',#820,#1001);
#1001 = DEFINITIONAL_REPRESENTATION('',(#1002),#1005);
#1002 = B_SPLINE_CURVE_WITH_KNOTS('',1,(#1003,#1004),.UNSPECIFIED.,.F.,
  .F.,(2,2),(-9.175,-1.675),.PIECEWISE_BEZIER_KNOTS.);
#1003 = CARTESIAN_POINT('',(13.85,-10.85));
#1004 = CARTESIAN_POINT('',(13.85,-3.35));
#1005 = ( GEOMETRIC_REPRESENTATION_CONTEXT(2) 
PARAMETRIC_REPRESENTATION_CONTEXT() REPRESENTATION_CONTEXT('2D SPACE',''
  ) );
#1006 = PCURVE('',#616,#1007);
#1007 = DEFINITIONAL_REPRESENTATION('',(#1008),#1011);
#1008 = B_SPLINE_CURVE_WITH_KNOTS('',1,(#1009,#1010),.UNSPECIFIED.,.F.,
  .F.,(2,2),(-9.175,-1.675),.PIECEWISE_BEZIER_KNOTS.);
#1009 = CARTESIAN_POINT('',(2.8,7.5));
#1010 = CARTESIAN_POINT('',(2.8,0.));
#1011 = ( GEOMETRIC_REPRESENTATION_CONTEXT(2) 
PARAMETRIC_REPRESENTATION_CONTEXT() REPRESENTATION_CONTEXT('2D SPACE',''
  ) );
#1012 = ORIENTED_EDGE('',*,*,#1013,.F.);
#1013 = EDGE_CURVE('',#949,#993,#1014,.T.);
#1014 = SURFACE_CURVE('',#1015,(#1019,#1025),.PCURVE_S1.);
#1015 = LINE('',#1016,#1017);
#1016 = CARTESIAN_POINT('',(2.4,-22.75,5.075));
#1017 = VECTOR('',#1018,1.);
#1018 = DIRECTION('',(0.,0.,1.));
#1019 = PCURVE('',#820,#1020);
#1020 = DEFINITIONAL_REPRESENTATION('',(#1021),#1024);
#1021 = B_SPLINE_CURVE_WITH_KNOTS('',1,(#1022,#1023),.UNSPECIFIED.,.F.,
  .F.,(2,2),(2.675,11.175),.PIECEWISE_BEZIER_KNOTS.);
#1022 = CARTESIAN_POINT('',(5.35,-10.85));
#1023 = CARTESIAN_POINT('',(13.85,-10.85));
#1024 = ( GEOMETRIC_REPRESENTATION_CONTEXT(2) 
PARAMETRIC_REPRESENTATION_CONTEXT() REPRESENTATION_CONTEXT('2D SPACE',''
  ) );
#1025 = PCURVE('',#640,#1026);
#1026 = DEFINITIONAL_REPRESENTATION('',(#1027),#1030);
#1027 = B_SPLINE_CURVE_WITH_KNOTS('',1,(#1028,#1029),.UNSPECIFIED.,.F.,
  .F.,(2,2),(2.675,11.175),.PIECEWISE_BEZIER_KNOTS.);
#1028 = CARTESIAN_POINT('',(0.,2.8));
#1029 = CARTESIAN_POINT('',(8.5,2.8));
#1030 = ( GEOMETRIC_REPRESENTATION_CONTEXT(2) 
PARAMETRIC_REPRESENTATION_CONTEXT() REPRESENTATION_CONTEXT('2D SPACE',''
  ) );
#1031 = FACE_BOUND('',#1032,.T.);
#1032 = EDGE_LOOP('',(#1033,#1056,#1075,#1076));
#1033 = ORIENTED_EDGE('',*,*,#1034,.T.);
#1034 = EDGE_CURVE('',#1035,#1037,#1039,.T.);
#1035 = VERTEX_POINT('',#1036);
#1036 = CARTESIAN_POINT('',(2.4,-22.75,73.75));
#1037 = VERTEX_POINT('',#1038);
#1038 = CARTESIAN_POINT('',(2.4,-30.25,73.75));
#1039 = SURFACE_CURVE('',#1040,(#1044,#1050),.PCURVE_S1.);
#1040 = LINE('',#1041,#1042);
#1041 = CARTESIAN_POINT('',(2.4,-31.925,73.75));
#1042 = VECTOR('',#1043,1.);
#1043 = DIRECTION('',(0.,-1.,0.));
#1044 = PCURVE('',#820,#1045);
#1045 = DEFINITIONAL_REPRESENTATION('',(#1046),#1049);
#1046 = B_SPLINE_CURVE_WITH_KNOTS('',1,(#1047,#1048),.UNSPECIFIED.,.F.,
  .F.,(2,2),(-9.175,-1.675),.PIECEWISE_BEZIER_KNOTS.);
#1047 = CARTESIAN_POINT('',(71.35,-10.85));
#1048 = CARTESIAN_POINT('',(71.35,-3.35));
#1049 = ( GEOMETRIC_REPRESENTATION_CONTEXT(2) 
PARAMETRIC_REPRESENTATION_CONTEXT() REPRESENTATION_CONTEXT('2D SPACE',''
  ) );
#1050 = PCURVE('',#670,#1051);
#1051 = DEFINITIONAL_REPRESENTATION('',(#1052),#1055);
#1052 = B_SPLINE_CURVE_WITH_KNOTS('',1,(#1053,#1054),.UNSPECIFIED.,.F.,
  .F.,(2,2),(-9.175,-1.675),.PIECEWISE_BEZIER_KNOTS.);
#1053 = CARTESIAN_POINT('',(2.8,7.5));
#1054 = CARTESIAN_POINT('',(2.8,0.));
#1055 = ( GEOMETRIC_REPRESENTATION_CONTEXT(2) 
PARAMETRIC_REPRESENTATION_CONTEXT() REPRESENTATION_CONTEXT('2D SPACE',''
  ) );
#1056 = ORIENTED_EDGE('',*,*,#1057,.T.);
#1057 = EDGE_CURVE('',#1037,#785,#1058,.T.);
#1058 = SURFACE_CURVE('',#1059,(#1063,#1069),.PCURVE_S1.);
#1059 = LINE('',#1060,#1061);
#1060 = CARTESIAN_POINT('',(2.4,-30.25,38.075));
#1061 = VECTOR('',#1062,1.);
#1062 = DIRECTION('',(0.,0.,1.));
#1063 = PCURVE('',#820,#1064);
#1064 = DEFINITIONAL_REPRESENTATION('',(#1065),#1068);
#1065 = B_SPLINE_CURVE_WITH_KNOTS('',1,(#1066,#1067),.UNSPECIFIED.,.F.,
  .F.,(2,2),(35.675,44.175),.PIECEWISE_BEZIER_KNOTS.);
#1066 = CARTESIAN_POINT('',(71.35,-3.35));
#1067 = CARTESIAN_POINT('',(79.85,-3.35));
#1068 = ( GEOMETRIC_REPRESENTATION_CONTEXT(2) 
PARAMETRIC_REPRESENTATION_CONTEXT() REPRESENTATION_CONTEXT('2D SPACE',''
  ) );
#1069 = PCURVE('',#696,#1070);
#1070 = DEFINITIONAL_REPRESENTATION('',(#1071),#1074);
#1071 = B_SPLINE_CURVE_WITH_KNOTS('',1,(#1072,#1073),.UNSPECIFIED.,.F.,
  .F.,(2,2),(35.675,44.175),.PIECEWISE_BEZIER_KNOTS.);
#1072 = CARTESIAN_POINT('',(0.,2.8));
#1073 = CARTESIAN_POINT('',(8.5,2.8));
#1074 = ( GEOMETRIC_REPRESENTATION_CONTEXT(2) 
PARAMETRIC_REPRESENTATION_CONTEXT() REPRESENTATION_CONTEXT('2D SPACE',''
  ) );
#1075 = ORIENTED_EDGE('',*,*,#807,.F.);
#1076 = ORIENTED_EDGE('',*,*,#1077,.F.);
#1077 = EDGE_CURVE('',#1035,#761,#1078,.T.);
#1078 = SURFACE_CURVE('',#1079,(#1083,#1089),.PCURVE_S1.);
#1079 = LINE('',#1080,#1081);
#1080 = CARTESIAN_POINT('',(2.4,-22.75,38.075));
#1081 = VECTOR('',#1082,1.);
#1082 = DIRECTION('',(0.,0.,1.));
#1083 = PCURVE('',#820,#1084);
#1084 = DEFINITIONAL_REPRESENTATION('',(#1085),#1088);
#1085 = B_SPLINE_CURVE_WITH_KNOTS('',1,(#1086,#1087),.UNSPECIFIED.,.F.,
  .F.,(2,2),(35.675,44.175),.PIECEWISE_BEZIER_KNOTS.);
#1086 = CARTESIAN_POINT('',(71.35,-10.85));
#1087 = CARTESIAN_POINT('',(79.85,-10.85));
#1088 = ( GEOMETRIC_REPRESENTATION_CONTEXT(2) 
PARAMETRIC_REPRESENTATION_CONTEXT() REPRESENTATION_CONTEXT('2D SPACE',''
  ) );
#1089 = PCURVE('',#746,#1090);
#1090 = DEFINITIONAL_REPRESENTATION('',(#1091),#1094);
#1091 = B_SPLINE_CURVE_WITH_KNOTS('',1,(#1092,#1093),.UNSPECIFIED.,.F.,
  .F.,(2,2),(35.675,44.175),.PIECEWISE_BEZIER_KNOTS.);
#1092 = CARTESIAN_POINT('',(0.,2.8));
#1093 = CARTESIAN_POINT('',(8.5,2.8));
#1094 = ( GEOMETRIC_REPRESENTATION_CONTEXT(2) 
PARAMETRIC_REPRESENTATION_CONTEXT() REPRESENTATION_CONTEXT('2D SPACE',''
  ) );
#1095 = ADVANCED_FACE('',(#1096),#908,.F.);
#1096 = FACE_BOUND('',#1097,.F.);
#1097 = EDGE_LOOP('',(#1098,#1121,#1122,#1145));
#1098 = ORIENTED_EDGE('',*,*,#1099,.F.);
#1099 = EDGE_CURVE('',#865,#1100,#1102,.T.);
#1100 = VERTEX_POINT('',#1101);
#1101 = CARTESIAN_POINT('',(23.,-2.7,2.4));
#1102 = SURFACE_CURVE('',#1103,(#1107,#1114),.PCURVE_S1.);
#1103 = LINE('',#1104,#1105);
#1104 = CARTESIAN_POINT('',(2.4,-2.7,2.4));
#1105 = VECTOR('',#1106,1.);
#1106 = DIRECTION('',(1.,0.,-0.));
#1107 = PCURVE('',#908,#1108);
#1108 = DEFINITIONAL_REPRESENTATION('',(#1109),#1113);
#1109 = LINE('',#1110,#1111);
#1110 = CARTESIAN_POINT('',(0.,0.));
#1111 = VECTOR('',#1112,1.);
#1112 = DIRECTION('',(0.,1.));
#1113 = ( GEOMETRIC_REPRESENTATION_CONTEXT(2) 
PARAMETRIC_REPRESENTATION_CONTEXT() REPRESENTATION_CONTEXT('2D SPACE',''
  ) );
#1114 = PCURVE('',#880,#1115);
#1115 = DEFINITIONAL_REPRESENTATION('',(#1116),#1120);
#1116 = LINE('',#1117,#1118);
#1117 = CARTESIAN_POINT('',(0.,30.9));
#1118 = VECTOR('',#1119,1.);
#1119 = DIRECTION('',(1.,0.));
#1120 = ( GEOMETRIC_REPRESENTATION_CONTEXT(2) 
PARAMETRIC_REPRESENTATION_CONTEXT() REPRESENTATION_CONTEXT('2D SPACE',''
  ) );
#1121 = ORIENTED_EDGE('',*,*,#892,.T.);
#1122 = ORIENTED_EDGE('',*,*,#1123,.T.);
#1123 = EDGE_CURVE('',#893,#1124,#1126,.T.);
#1124 = VERTEX_POINT('',#1125);
#1125 = CARTESIAN_POINT('',(23.,-2.7,87.6));
#1126 = SURFACE_CURVE('',#1127,(#1131,#1138),.PCURVE_S1.);
#1127 = LINE('',#1128,#1129);
#1128 = CARTESIAN_POINT('',(2.4,-2.7,87.6));
#1129 = VECTOR('',#1130,1.);
#1130 = DIRECTION('',(1.,0.,-0.));
#1131 = PCURVE('',#908,#1132);
#1132 = DEFINITIONAL_REPRESENTATION('',(#1133),#1137);
#1133 = LINE('',#1134,#1135);
#1134 = CARTESIAN_POINT('',(85.2,0.));
#1135 = VECTOR('',#1136,1.);
#1136 = DIRECTION('',(0.,1.));
#1137 = ( GEOMETRIC_REPRESENTATION_CONTEXT(2) 
PARAMETRIC_REPRESENTATION_CONTEXT() REPRESENTATION_CONTEXT('2D SPACE',''
  ) );
#1138 = PCURVE('',#934,#1139);
#1139 = DEFINITIONAL_REPRESENTATION('',(#1140),#1144);
#1140 = LINE('',#1141,#1142);
#1141 = CARTESIAN_POINT('',(0.,30.9));
#1142 = VECTOR('',#1143,1.);
#1143 = DIRECTION('',(1.,0.));
#1144 = ( GEOMETRIC_REPRESENTATION_CONTEXT(2) 
PARAMETRIC_REPRESENTATION_CONTEXT() REPRESENTATION_CONTEXT('2D SPACE',''
  ) );
#1145 = ORIENTED_EDGE('',*,*,#1146,.T.);
#1146 = EDGE_CURVE('',#1124,#1100,#1147,.T.);
#1147 = SURFACE_CURVE('',#1148,(#1152,#1158),.PCURVE_S1.);
#1148 = LINE('',#1149,#1150);
#1149 = CARTESIAN_POINT('',(23.,-2.7,2.3));
#1150 = VECTOR('',#1151,1.);
#1151 = DIRECTION('',(-0.,0.,-1.));
#1152 = PCURVE('',#908,#1153);
#1153 = DEFINITIONAL_REPRESENTATION('',(#1154),#1157);
#1154 = B_SPLINE_CURVE_WITH_KNOTS('',1,(#1155,#1156),.UNSPECIFIED.,.F.,
  .F.,(2,2),(-85.3,-0.1),.PIECEWISE_BEZIER_KNOTS.);
#1155 = CARTESIAN_POINT('',(85.2,20.6));
#1156 = CARTESIAN_POINT('',(0.,20.6));
#1157 = ( GEOMETRIC_REPRESENTATION_CONTEXT(2) 
PARAMETRIC_REPRESENTATION_CONTEXT() REPRESENTATION_CONTEXT('2D SPACE',''
  ) );
#1158 = PCURVE('',#1159,#1164);
#1159 = PLANE('',#1160);
#1160 = AXIS2_PLACEMENT_3D('',#1161,#1162,#1163);
#1161 = CARTESIAN_POINT('',(23.,-24.2,2.2));
#1162 = DIRECTION('',(1.,0.,-0.));
#1163 = DIRECTION('',(0.,0.,1.));
#1164 = DEFINITIONAL_REPRESENTATION('',(#1165),#1168);
#1165 = B_SPLINE_CURVE_WITH_KNOTS('',1,(#1166,#1167),.UNSPECIFIED.,.F.,
  .F.,(2,2),(-85.3,-0.1),.PIECEWISE_BEZIER_KNOTS.);
#1166 = CARTESIAN_POINT('',(85.4,-21.5));
#1167 = CARTESIAN_POINT('',(0.2,-21.5));
#1168 = ( GEOMETRIC_REPRESENTATION_CONTEXT(2) 
PARAMETRIC_REPRESENTATION_CONTEXT() REPRESENTATION_CONTEXT('2D SPACE',''
  ) );
#1169 = ADVANCED_FACE('',(#1170),#1159,.F.);
#1170 = FACE_BOUND('',#1171,.F.);
#1171 = EDGE_LOOP('',(#1172,#1202,#1221,#1222));
#1172 = ORIENTED_EDGE('',*,*,#1173,.F.);
#1173 = EDGE_CURVE('',#1174,#1176,#1178,.T.);
#1174 = VERTEX_POINT('',#1175);
#1175 = CARTESIAN_POINT('',(23.,-24.2,2.4));
#1176 = VERTEX_POINT('',#1177);
#1177 = CARTESIAN_POINT('',(23.,-24.2,87.6));
#1178 = SURFACE_CURVE('',#1179,(#1183,#1190),.PCURVE_S1.);
#1179 = LINE('',#1180,#1181);
#1180 = CARTESIAN_POINT('',(23.,-24.2,2.2));
#1181 = VECTOR('',#1182,1.);
#1182 = DIRECTION('',(0.,0.,1.));
#1183 = PCURVE('',#1159,#1184);
#1184 = DEFINITIONAL_REPRESENTATION('',(#1185),#1189);
#1185 = LINE('',#1186,#1187);
#1186 = CARTESIAN_POINT('',(0.,0.));
#1187 = VECTOR('',#1188,1.);
#1188 = DIRECTION('',(1.,0.));
#1189 = ( GEOMETRIC_REPRESENTATION_CONTEXT(2) 
PARAMETRIC_REPRESENTATION_CONTEXT() REPRESENTATION_CONTEXT('2D SPACE',''
  ) );
#1190 = PCURVE('',#1191,#1196);
#1191 = PLANE('',#1192);
#1192 = AXIS2_PLACEMENT_3D('',#1193,#1194,#1195);
#1193 = CARTESIAN_POINT('',(23.,-24.2,2.2));
#1194 = DIRECTION('',(-0.,1.,0.));
#1195 = DIRECTION('',(0.,0.,1.));
#1196 = DEFINITIONAL_REPRESENTATION('',(#1197),#1201);
#1197 = LINE('',#1198,#1199);
#1198 = CARTESIAN_POINT('',(0.,0.));
#1199 = VECTOR('',#1200,1.);
#1200 = DIRECTION('',(1.,0.));
#1201 = ( GEOMETRIC_REPRESENTATION_CONTEXT(2) 
PARAMETRIC_REPRESENTATION_CONTEXT() REPRESENTATION_CONTEXT('2D SPACE',''
  ) );
#1202 = ORIENTED_EDGE('',*,*,#1203,.T.);
#1203 = EDGE_CURVE('',#1174,#1100,#1204,.T.);
#1204 = SURFACE_CURVE('',#1205,(#1209,#1215),.PCURVE_S1.);
#1205 = LINE('',#1206,#1207);
#1206 = CARTESIAN_POINT('',(23.,-28.9,2.4));
#1207 = VECTOR('',#1208,1.);
#1208 = DIRECTION('',(-0.,1.,0.));
#1209 = PCURVE('',#1159,#1210);
#1210 = DEFINITIONAL_REPRESENTATION('',(#1211),#1214);
#1211 = B_SPLINE_CURVE_WITH_KNOTS('',1,(#1212,#1213),.UNSPECIFIED.,.F.,
  .F.,(2,2),(4.7,26.2),.PIECEWISE_BEZIER_KNOTS.);
#1212 = CARTESIAN_POINT('',(0.2,0.));
#1213 = CARTESIAN_POINT('',(0.2,-21.5));
#1214 = ( GEOMETRIC_REPRESENTATION_CONTEXT(2) 
PARAMETRIC_REPRESENTATION_CONTEXT() REPRESENTATION_CONTEXT('2D SPACE',''
  ) );
#1215 = PCURVE('',#880,#1216);
#1216 = DEFINITIONAL_REPRESENTATION('',(#1217),#1220);
#1217 = B_SPLINE_CURVE_WITH_KNOTS('',1,(#1218,#1219),.UNSPECIFIED.,.F.,
  .F.,(2,2),(4.7,26.2),.PIECEWISE_BEZIER_KNOTS.);
#1218 = CARTESIAN_POINT('',(20.6,9.4));
#1219 = CARTESIAN_POINT('',(20.6,30.9));
#1220 = ( GEOMETRIC_REPRESENTATION_CONTEXT(2) 
PARAMETRIC_REPRESENTATION_CONTEXT() REPRESENTATION_CONTEXT('2D SPACE',''
  ) );
#1221 = ORIENTED_EDGE('',*,*,#1146,.F.);
#1222 = ORIENTED_EDGE('',*,*,#1223,.F.);
#1223 = EDGE_CURVE('',#1176,#1124,#1224,.T.);
#1224 = SURFACE_CURVE('',#1225,(#1229,#1235),.PCURVE_S1.);
#1225 = LINE('',#1226,#1227);
#1226 = CARTESIAN_POINT('',(23.,-28.9,87.6));
#1227 = VECTOR('',#1228,1.);
#1228 = DIRECTION('',(-0.,1.,0.));
#1229 = PCURVE('',#1159,#1230);
#1230 = DEFINITIONAL_REPRESENTATION('',(#1231),#1234);
#1231 = B_SPLINE_CURVE_WITH_KNOTS('',1,(#1232,#1233),.UNSPECIFIED.,.F.,
  .F.,(2,2),(4.7,26.2),.PIECEWISE_BEZIER_KNOTS.);
#1232 = CARTESIAN_POINT('',(85.4,0.));
#1233 = CARTESIAN_POINT('',(85.4,-21.5));
#1234 = ( GEOMETRIC_REPRESENTATION_CONTEXT(2) 
PARAMETRIC_REPRESENTATION_CONTEXT() REPRESENTATION_CONTEXT('2D SPACE',''
  ) );
#1235 = PCURVE('',#934,#1236);
#1236 = DEFINITIONAL_REPRESENTATION('',(#1237),#1240);
#1237 = B_SPLINE_CURVE_WITH_KNOTS('',1,(#1238,#1239),.UNSPECIFIED.,.F.,
  .F.,(2,2),(4.7,26.2),.PIECEWISE_BEZIER_KNOTS.);
#1238 = CARTESIAN_POINT('',(20.6,9.4));
#1239 = CARTESIAN_POINT('',(20.6,30.9));
#1240 = ( GEOMETRIC_REPRESENTATION_CONTEXT(2) 
PARAMETRIC_REPRESENTATION_CONTEXT() REPRESENTATION_CONTEXT('2D SPACE',''
  ) );
#1241 = ADVANCED_FACE('',(#1242),#1191,.F.);
#1242 = FACE_BOUND('',#1243,.F.);
#1243 = EDGE_LOOP('',(#1244,#1274,#1293,#1294));
#1244 = ORIENTED_EDGE('',*,*,#1245,.F.);
#1245 = EDGE_CURVE('',#1246,#1248,#1250,.T.);
#1246 = VERTEX_POINT('',#1247);
#1247 = CARTESIAN_POINT('',(25.,-24.2,2.4));
#1248 = VERTEX_POINT('',#1249);
#1249 = CARTESIAN_POINT('',(25.,-24.2,87.6));
#1250 = SURFACE_CURVE('',#1251,(#1255,#1262),.PCURVE_S1.);
#1251 = LINE('',#1252,#1253);
#1252 = CARTESIAN_POINT('',(25.,-24.2,2.2));
#1253 = VECTOR('',#1254,1.);
#1254 = DIRECTION('',(0.,0.,1.));
#1255 = PCURVE('',#1191,#1256);
#1256 = DEFINITIONAL_REPRESENTATION('',(#1257),#1261);
#1257 = LINE('',#1258,#1259);
#1258 = CARTESIAN_POINT('',(0.,2.));
#1259 = VECTOR('',#1260,1.);
#1260 = DIRECTION('',(1.,0.));
#1261 = ( GEOMETRIC_REPRESENTATION_CONTEXT(2) 
PARAMETRIC_REPRESENTATION_CONTEXT() REPRESENTATION_CONTEXT('2D SPACE',''
  ) );
#1262 = PCURVE('',#1263,#1268);
#1263 = PLANE('',#1264);
#1264 = AXIS2_PLACEMENT_3D('',#1265,#1266,#1267);
#1265 = CARTESIAN_POINT('',(25.,-24.2,2.2));
#1266 = DIRECTION('',(1.,0.,-0.));
#1267 = DIRECTION('',(0.,0.,1.));
#1268 = DEFINITIONAL_REPRESENTATION('',(#1269),#1273);
#1269 = LINE('',#1270,#1271);
#1270 = CARTESIAN_POINT('',(0.,0.));
#1271 = VECTOR('',#1272,1.);
#1272 = DIRECTION('',(1.,0.));
#1273 = ( GEOMETRIC_REPRESENTATION_CONTEXT(2) 
PARAMETRIC_REPRESENTATION_CONTEXT() REPRESENTATION_CONTEXT('2D SPACE',''
  ) );
#1274 = ORIENTED_EDGE('',*,*,#1275,.T.);
#1275 = EDGE_CURVE('',#1246,#1174,#1276,.T.);
#1276 = SURFACE_CURVE('',#1277,(#1281,#1287),.PCURVE_S1.);
#1277 = LINE('',#1278,#1279);
#1278 = CARTESIAN_POINT('',(12.7,-24.2,2.4));
#1279 = VECTOR('',#1280,1.);
#1280 = DIRECTION('',(-1.,-0.,0.));
#1281 = PCURVE('',#1191,#1282);
#1282 = DEFINITIONAL_REPRESENTATION('',(#1283),#1286);
#1283 = B_SPLINE_CURVE_WITH_KNOTS('',1,(#1284,#1285),.UNSPECIFIED.,.F.,
  .F.,(2,2),(-12.3,-10.3),.PIECEWISE_BEZIER_KNOTS.);
#1284 = CARTESIAN_POINT('',(0.2,2.));
#1285 = CARTESIAN_POINT('',(0.2,0.));
#1286 = ( GEOMETRIC_REPRESENTATION_CONTEXT(2) 
PARAMETRIC_REPRESENTATION_CONTEXT() REPRESENTATION_CONTEXT('2D SPACE',''
  ) );
#1287 = PCURVE('',#880,#1288);
#1288 = DEFINITIONAL_REPRESENTATION('',(#1289),#1292);
#1289 = B_SPLINE_CURVE_WITH_KNOTS('',1,(#1290,#1291),.UNSPECIFIED.,.F.,
  .F.,(2,2),(-12.3,-10.3),.PIECEWISE_BEZIER_KNOTS.);
#1290 = CARTESIAN_POINT('',(22.6,9.4));
#1291 = CARTESIAN_POINT('',(20.6,9.4));
#1292 = ( GEOMETRIC_REPRESENTATION_CONTEXT(2) 
PARAMETRIC_REPRESENTATION_CONTEXT() REPRESENTATION_CONTEXT('2D SPACE',''
  ) );
#1293 = ORIENTED_EDGE('',*,*,#1173,.T.);
#1294 = ORIENTED_EDGE('',*,*,#1295,.F.);
#1295 = EDGE_CURVE('',#1248,#1176,#1296,.T.);
#1296 = SURFACE_CURVE('',#1297,(#1301,#1307),.PCURVE_S1.);
#1297 = LINE('',#1298,#1299);
#1298 = CARTESIAN_POINT('',(12.7,-24.2,87.6));
#1299 = VECTOR('',#1300,1.);
#1300 = DIRECTION('',(-1.,-0.,0.));
#1301 = PCURVE('',#1191,#1302);
#1302 = DEFINITIONAL_REPRESENTATION('',(#1303),#1306);
#1303 = B_SPLINE_CURVE_WITH_KNOTS('',1,(#1304,#1305),.UNSPECIFIED.,.F.,
  .F.,(2,2),(-12.3,-10.3),.PIECEWISE_BEZIER_KNOTS.);
#1304 = CARTESIAN_POINT('',(85.4,2.));
#1305 = CARTESIAN_POINT('',(85.4,0.));
#1306 = ( GEOMETRIC_REPRESENTATION_CONTEXT(2) 
PARAMETRIC_REPRESENTATION_CONTEXT() REPRESENTATION_CONTEXT('2D SPACE',''
  ) );
#1307 = PCURVE('',#934,#1308);
#1308 = DEFINITIONAL_REPRESENTATION('',(#1309),#1312);
#1309 = B_SPLINE_CURVE_WITH_KNOTS('',1,(#1310,#1311),.UNSPECIFIED.,.F.,
  .F.,(2,2),(-12.3,-10.3),.PIECEWISE_BEZIER_KNOTS.);
#1310 = CARTESIAN_POINT('',(22.6,9.4));
#1311 = CARTESIAN_POINT('',(20.6,9.4));
#1312 = ( GEOMETRIC_REPRESENTATION_CONTEXT(2) 
PARAMETRIC_REPRESENTATION_CONTEXT() REPRESENTATION_CONTEXT('2D SPACE',''
  ) );
#1313 = ADVANCED_FACE('',(#1314),#1263,.T.);
#1314 = FACE_BOUND('',#1315,.T.);
#1315 = EDGE_LOOP('',(#1316,#1317,#1338,#1364,#1390,#1416,#1442,#1468));
#1316 = ORIENTED_EDGE('',*,*,#1245,.F.);
#1317 = ORIENTED_EDGE('',*,*,#1318,.T.);
#1318 = EDGE_CURVE('',#1246,#1319,#1321,.T.);
#1319 = VERTEX_POINT('',#1320);
#1320 = CARTESIAN_POINT('',(25.,-2.7,2.4));
#1321 = SURFACE_CURVE('',#1322,(#1326,#1332),.PCURVE_S1.);
#1322 = LINE('',#1323,#1324);
#1323 = CARTESIAN_POINT('',(25.,-28.9,2.4));
#1324 = VECTOR('',#1325,1.);
#1325 = DIRECTION('',(-0.,1.,0.));
#1326 = PCURVE('',#1263,#1327);
#1327 = DEFINITIONAL_REPRESENTATION('',(#1328),#1331);
#1328 = B_SPLINE_CURVE_WITH_KNOTS('',1,(#1329,#1330),.UNSPECIFIED.,.F.,
  .F.,(2,2),(4.7,26.2),.PIECEWISE_BEZIER_KNOTS.);
#1329 = CARTESIAN_POINT('',(0.2,0.));
#1330 = CARTESIAN_POINT('',(0.2,-21.5));
#1331 = ( GEOMETRIC_REPRESENTATION_CONTEXT(2) 
PARAMETRIC_REPRESENTATION_CONTEXT() REPRESENTATION_CONTEXT('2D SPACE',''
  ) );
#1332 = PCURVE('',#880,#1333);
#1333 = DEFINITIONAL_REPRESENTATION('',(#1334),#1337);
#1334 = B_SPLINE_CURVE_WITH_KNOTS('',1,(#1335,#1336),.UNSPECIFIED.,.F.,
  .F.,(2,2),(4.7,26.2),.PIECEWISE_BEZIER_KNOTS.);
#1335 = CARTESIAN_POINT('',(22.6,9.4));
#1336 = CARTESIAN_POINT('',(22.6,30.9));
#1337 = ( GEOMETRIC_REPRESENTATION_CONTEXT(2) 
PARAMETRIC_REPRESENTATION_CONTEXT() REPRESENTATION_CONTEXT('2D SPACE',''
  ) );
#1338 = ORIENTED_EDGE('',*,*,#1339,.F.);
#1339 = EDGE_CURVE('',#1340,#1319,#1342,.T.);
#1340 = VERTEX_POINT('',#1341);
#1341 = CARTESIAN_POINT('',(25.,-2.7,65.392361111111));
#1342 = SURFACE_CURVE('',#1343,(#1347,#1353),.PCURVE_S1.);
#1343 = LINE('',#1344,#1345);
#1344 = CARTESIAN_POINT('',(25.,-2.7,2.3));
#1345 = VECTOR('',#1346,1.);
#1346 = DIRECTION('',(-0.,0.,-1.));
#1347 = PCURVE('',#1263,#1348);
#1348 = DEFINITIONAL_REPRESENTATION('',(#1349),#1352);
#1349 = B_SPLINE_CURVE_WITH_KNOTS('',1,(#1350,#1351),.UNSPECIFIED.,.F.,
  .F.,(2,2),(-85.3,-0.1),.PIECEWISE_BEZIER_KNOTS.);
#1350 = CARTESIAN_POINT('',(85.4,-21.5));
#1351 = CARTESIAN_POINT('',(0.2,-21.5));
#1352 = ( GEOMETRIC_REPRESENTATION_CONTEXT(2) 
PARAMETRIC_REPRESENTATION_CONTEXT() REPRESENTATION_CONTEXT('2D SPACE',''
  ) );
#1353 = PCURVE('',#1354,#1359);
#1354 = PLANE('',#1355);
#1355 = AXIS2_PLACEMENT_3D('',#1356,#1357,#1358);
#1356 = CARTESIAN_POINT('',(2.4,-2.7,2.4));
#1357 = DIRECTION('',(-0.,1.,0.));
#1358 = DIRECTION('',(0.,0.,1.));
#1359 = DEFINITIONAL_REPRESENTATION('',(#1360),#1363);
#1360 = B_SPLINE_CURVE_WITH_KNOTS('',1,(#1361,#1362),.UNSPECIFIED.,.F.,
  .F.,(2,2),(-85.3,-0.1),.PIECEWISE_BEZIER_KNOTS.);
#1361 = CARTESIAN_POINT('',(85.2,22.6));
#1362 = CARTESIAN_POINT('',(0.,22.6));
#1363 = ( GEOMETRIC_REPRESENTATION_CONTEXT(2) 
PARAMETRIC_REPRESENTATION_CONTEXT() REPRESENTATION_CONTEXT('2D SPACE',''
  ) );
#1364 = ORIENTED_EDGE('',*,*,#1365,.T.);
#1365 = EDGE_CURVE('',#1340,#1366,#1368,.T.);
#1366 = VERTEX_POINT('',#1367);
#1367 = CARTESIAN_POINT('',(25.,-17.,50.));
#1368 = SURFACE_CURVE('',#1369,(#1373,#1379),.PCURVE_S1.);
#1369 = LINE('',#1370,#1371);
#1370 = CARTESIAN_POINT('',(25.,-30.58543374812,35.376790062778));
#1371 = VECTOR('',#1372,1.);
#1372 = DIRECTION('',(0.,-0.680632373315,-0.732625124054));
#1373 = PCURVE('',#1263,#1374);
#1374 = DEFINITIONAL_REPRESENTATION('',(#1375),#1378);
#1375 = B_SPLINE_CURVE_WITH_KNOTS('',1,(#1376,#1377),.UNSPECIFIED.,.F.,
  .F.,(2,2),(-40.96989041575,-19.96001700883),.PIECEWISE_BEZIER_KNOTS.);
#1376 = CARTESIAN_POINT('',(63.192361111111,-21.5));
#1377 = CARTESIAN_POINT('',(47.8,-7.2));
#1378 = ( GEOMETRIC_REPRESENTATION_CONTEXT(2) 
PARAMETRIC_REPRESENTATION_CONTEXT() REPRESENTATION_CONTEXT('2D SPACE',''
  ) );
#1379 = PCURVE('',#1380,#1385);
#1380 = PLANE('',#1381);
#1381 = AXIS2_PLACEMENT_3D('',#1382,#1383,#1384);
#1382 = CARTESIAN_POINT('',(24.8,-17.,50.));
#1383 = DIRECTION('',(0.,-0.732625124054,0.680632373315));
#1384 = DIRECTION('',(0.,0.680632373315,0.732625124054));
#1385 = DEFINITIONAL_REPRESENTATION('',(#1386),#1389);
#1386 = B_SPLINE_CURVE_WITH_KNOTS('',1,(#1387,#1388),.UNSPECIFIED.,.F.,
  .F.,(2,2),(-40.96989041575,-19.96001700883),.PIECEWISE_BEZIER_KNOTS.);
#1387 = CARTESIAN_POINT('',(21.009873406921,-0.2));
#1388 = CARTESIAN_POINT('',(0.,-0.2));
#1389 = ( GEOMETRIC_REPRESENTATION_CONTEXT(2) 
PARAMETRIC_REPRESENTATION_CONTEXT() REPRESENTATION_CONTEXT('2D SPACE',''
  ) );
#1390 = ORIENTED_EDGE('',*,*,#1391,.T.);
#1391 = EDGE_CURVE('',#1366,#1392,#1394,.T.);
#1392 = VERTEX_POINT('',#1393);
#1393 = CARTESIAN_POINT('',(25.,-17.,54.2));
#1394 = SURFACE_CURVE('',#1395,(#1399,#1405),.PCURVE_S1.);
#1395 = LINE('',#1396,#1397);
#1396 = CARTESIAN_POINT('',(25.,-17.,28.2));
#1397 = VECTOR('',#1398,1.);
#1398 = DIRECTION('',(0.,0.,1.));
#1399 = PCURVE('',#1263,#1400);
#1400 = DEFINITIONAL_REPRESENTATION('',(#1401),#1404);
#1401 = B_SPLINE_CURVE_WITH_KNOTS('',1,(#1402,#1403),.UNSPECIFIED.,.F.,
  .F.,(2,2),(21.8,26.),.PIECEWISE_BEZIER_KNOTS.);
#1402 = CARTESIAN_POINT('',(47.8,-7.2));
#1403 = CARTESIAN_POINT('',(52.,-7.2));
#1404 = ( GEOMETRIC_REPRESENTATION_CONTEXT(2) 
PARAMETRIC_REPRESENTATION_CONTEXT() REPRESENTATION_CONTEXT('2D SPACE',''
  ) );
#1405 = PCURVE('',#1406,#1411);
#1406 = PLANE('',#1407);
#1407 = AXIS2_PLACEMENT_3D('',#1408,#1409,#1410);
#1408 = CARTESIAN_POINT('',(24.8,-17.,54.2));
#1409 = DIRECTION('',(-0.,1.,0.));
#1410 = DIRECTION('',(0.,0.,-1.));
#1411 = DEFINITIONAL_REPRESENTATION('',(#1412),#1415);
#1412 = B_SPLINE_CURVE_WITH_KNOTS('',1,(#1413,#1414),.UNSPECIFIED.,.F.,
  .F.,(2,2),(21.8,26.),.PIECEWISE_BEZIER_KNOTS.);
#1413 = CARTESIAN_POINT('',(4.2,-0.2));
#1414 = CARTESIAN_POINT('',(0.,-0.2));
#1415 = ( GEOMETRIC_REPRESENTATION_CONTEXT(2) 
PARAMETRIC_REPRESENTATION_CONTEXT() REPRESENTATION_CONTEXT('2D SPACE',''
  ) );
#1416 = ORIENTED_EDGE('',*,*,#1417,.T.);
#1417 = EDGE_CURVE('',#1392,#1418,#1420,.T.);
#1418 = VERTEX_POINT('',#1419);
#1419 = CARTESIAN_POINT('',(25.,-2.7,69.890277777778));
#1420 = SURFACE_CURVE('',#1421,(#1425,#1431),.PCURVE_S1.);
#1421 = LINE('',#1422,#1423);
#1422 = CARTESIAN_POINT('',(25.,-24.3777155361,46.105006564551));
#1423 = VECTOR('',#1424,1.);
#1424 = DIRECTION('',(0.,0.673603588404,0.739092826165));
#1425 = PCURVE('',#1263,#1426);
#1426 = DEFINITIONAL_REPRESENTATION('',(#1427),#1430);
#1427 = B_SPLINE_CURVE_WITH_KNOTS('',1,(#1428,#1429),.UNSPECIFIED.,.F.,
  .F.,(2,2),(10.952607235341,32.181710295617),.PIECEWISE_BEZIER_KNOTS.);
#1428 = CARTESIAN_POINT('',(52.,-7.2));
#1429 = CARTESIAN_POINT('',(67.690277777778,-21.5));
#1430 = ( GEOMETRIC_REPRESENTATION_CONTEXT(2) 
PARAMETRIC_REPRESENTATION_CONTEXT() REPRESENTATION_CONTEXT('2D SPACE',''
  ) );
#1431 = PCURVE('',#1432,#1437);
#1432 = PLANE('',#1433);
#1433 = AXIS2_PLACEMENT_3D('',#1434,#1435,#1436);
#1434 = CARTESIAN_POINT('',(24.8,-2.6,70.));
#1435 = DIRECTION('',(0.,0.739092826165,-0.673603588404));
#1436 = DIRECTION('',(0.,-0.673603588404,-0.739092826165));
#1437 = DEFINITIONAL_REPRESENTATION('',(#1438),#1441);
#1438 = B_SPLINE_CURVE_WITH_KNOTS('',1,(#1439,#1440),.UNSPECIFIED.,.F.,
  .F.,(2,2),(10.952607235341,32.181710295617),.PIECEWISE_BEZIER_KNOTS.);
#1439 = CARTESIAN_POINT('',(21.377558326432,-0.2));
#1440 = CARTESIAN_POINT('',(0.148455266156,-0.2));
#1441 = ( GEOMETRIC_REPRESENTATION_CONTEXT(2) 
PARAMETRIC_REPRESENTATION_CONTEXT() REPRESENTATION_CONTEXT('2D SPACE',''
  ) );
#1442 = ORIENTED_EDGE('',*,*,#1443,.F.);
#1443 = EDGE_CURVE('',#1444,#1418,#1446,.T.);
#1444 = VERTEX_POINT('',#1445);
#1445 = CARTESIAN_POINT('',(25.,-2.7,87.6));
#1446 = SURFACE_CURVE('',#1447,(#1451,#1457),.PCURVE_S1.);
#1447 = LINE('',#1448,#1449);
#1448 = CARTESIAN_POINT('',(25.,-2.7,2.3));
#1449 = VECTOR('',#1450,1.);
#1450 = DIRECTION('',(-0.,0.,-1.));
#1451 = PCURVE('',#1263,#1452);
#1452 = DEFINITIONAL_REPRESENTATION('',(#1453),#1456);
#1453 = B_SPLINE_CURVE_WITH_KNOTS('',1,(#1454,#1455),.UNSPECIFIED.,.F.,
  .F.,(2,2),(-85.3,-0.1),.PIECEWISE_BEZIER_KNOTS.);
#1454 = CARTESIAN_POINT('',(85.4,-21.5));
#1455 = CARTESIAN_POINT('',(0.2,-21.5));
#1456 = ( GEOMETRIC_REPRESENTATION_CONTEXT(2) 
PARAMETRIC_REPRESENTATION_CONTEXT() REPRESENTATION_CONTEXT('2D SPACE',''
  ) );
#1457 = PCURVE('',#1458,#1463);
#1458 = PLANE('',#1459);
#1459 = AXIS2_PLACEMENT_3D('',#1460,#1461,#1462);
#1460 = CARTESIAN_POINT('',(2.4,-2.7,2.4));
#1461 = DIRECTION('',(-0.,1.,0.));
#1462 = DIRECTION('',(0.,0.,1.));
#1463 = DEFINITIONAL_REPRESENTATION('',(#1464),#1467);
#1464 = B_SPLINE_CURVE_WITH_KNOTS('',1,(#1465,#1466),.UNSPECIFIED.,.F.,
  .F.,(2,2),(-85.3,-0.1),.PIECEWISE_BEZIER_KNOTS.);
#1465 = CARTESIAN_POINT('',(85.2,22.6));
#1466 = CARTESIAN_POINT('',(0.,22.6));
#1467 = ( GEOMETRIC_REPRESENTATION_CONTEXT(2) 
PARAMETRIC_REPRESENTATION_CONTEXT() REPRESENTATION_CONTEXT('2D SPACE',''
  ) );
#1468 = ORIENTED_EDGE('',*,*,#1469,.F.);
#1469 = EDGE_CURVE('',#1248,#1444,#1470,.T.);
#1470 = SURFACE_CURVE('',#1471,(#1475,#1481),.PCURVE_S1.);
#1471 = LINE('',#1472,#1473);
#1472 = CARTESIAN_POINT('',(25.,-28.9,87.6));
#1473 = VECTOR('',#1474,1.);
#1474 = DIRECTION('',(-0.,1.,0.));
#1475 = PCURVE('',#1263,#1476);
#1476 = DEFINITIONAL_REPRESENTATION('',(#1477),#1480);
#1477 = B_SPLINE_CURVE_WITH_KNOTS('',1,(#1478,#1479),.UNSPECIFIED.,.F.,
  .F.,(2,2),(4.7,26.2),.PIECEWISE_BEZIER_KNOTS.);
#1478 = CARTESIAN_POINT('',(85.4,0.));
#1479 = CARTESIAN_POINT('',(85.4,-21.5));
#1480 = ( GEOMETRIC_REPRESENTATION_CONTEXT(2) 
PARAMETRIC_REPRESENTATION_CONTEXT() REPRESENTATION_CONTEXT('2D SPACE',''
  ) );
#1481 = PCURVE('',#934,#1482);
#1482 = DEFINITIONAL_REPRESENTATION('',(#1483),#1486);
#1483 = B_SPLINE_CURVE_WITH_KNOTS('',1,(#1484,#1485),.UNSPECIFIED.,.F.,
  .F.,(2,2),(4.7,26.2),.PIECEWISE_BEZIER_KNOTS.);
#1484 = CARTESIAN_POINT('',(22.6,9.4));
#1485 = CARTESIAN_POINT('',(22.6,30.9));
#1486 = ( GEOMETRIC_REPRESENTATION_CONTEXT(2) 
PARAMETRIC_REPRESENTATION_CONTEXT() REPRESENTATION_CONTEXT('2D SPACE',''
  ) );
#1487 = ADVANCED_FACE('',(#1488,#1559),#1354,.F.);
#1488 = FACE_BOUND('',#1489,.F.);
#1489 = EDGE_LOOP('',(#1490,#1513,#1514,#1535));
#1490 = ORIENTED_EDGE('',*,*,#1491,.F.);
#1491 = EDGE_CURVE('',#1319,#1492,#1494,.T.);
#1492 = VERTEX_POINT('',#1493);
#1493 = CARTESIAN_POINT('',(79.,-2.7,2.4));
#1494 = SURFACE_CURVE('',#1495,(#1499,#1506),.PCURVE_S1.);
#1495 = LINE('',#1496,#1497);
#1496 = CARTESIAN_POINT('',(2.4,-2.7,2.4));
#1497 = VECTOR('',#1498,1.);
#1498 = DIRECTION('',(1.,0.,-0.));
#1499 = PCURVE('',#1354,#1500);
#1500 = DEFINITIONAL_REPRESENTATION('',(#1501),#1505);
#1501 = LINE('',#1502,#1503);
#1502 = CARTESIAN_POINT('',(0.,0.));
#1503 = VECTOR('',#1504,1.);
#1504 = DIRECTION('',(0.,1.));
#1505 = ( GEOMETRIC_REPRESENTATION_CONTEXT(2) 
PARAMETRIC_REPRESENTATION_CONTEXT() REPRESENTATION_CONTEXT('2D SPACE',''
  ) );
#1506 = PCURVE('',#880,#1507);
#1507 = DEFINITIONAL_REPRESENTATION('',(#1508),#1512);
#1508 = LINE('',#1509,#1510);
#1509 = CARTESIAN_POINT('',(0.,30.9));
#1510 = VECTOR('',#1511,1.);
#1511 = DIRECTION('',(1.,0.));
#1512 = ( GEOMETRIC_REPRESENTATION_CONTEXT(2) 
PARAMETRIC_REPRESENTATION_CONTEXT() REPRESENTATION_CONTEXT('2D SPACE',''
  ) );
#1513 = ORIENTED_EDGE('',*,*,#1339,.F.);
#1514 = ORIENTED_EDGE('',*,*,#1515,.T.);
#1515 = EDGE_CURVE('',#1340,#1516,#1518,.T.);
#1516 = VERTEX_POINT('',#1517);
#1517 = CARTESIAN_POINT('',(79.,-2.7,65.392361111111));
#1518 = SURFACE_CURVE('',#1519,(#1523,#1529),.PCURVE_S1.);
#1519 = LINE('',#1520,#1521);
#1520 = CARTESIAN_POINT('',(13.6,-2.7,65.392361111111));
#1521 = VECTOR('',#1522,1.);
#1522 = DIRECTION('',(1.,0.,0.));
#1523 = PCURVE('',#1354,#1524);
#1524 = DEFINITIONAL_REPRESENTATION('',(#1525),#1528);
#1525 = B_SPLINE_CURVE_WITH_KNOTS('',1,(#1526,#1527),.UNSPECIFIED.,.F.,
  .F.,(2,2),(11.4,65.4),.PIECEWISE_BEZIER_KNOTS.);
#1526 = CARTESIAN_POINT('',(62.992361111111,22.6));
#1527 = CARTESIAN_POINT('',(62.992361111111,76.6));
#1528 = ( GEOMETRIC_REPRESENTATION_CONTEXT(2) 
PARAMETRIC_REPRESENTATION_CONTEXT() REPRESENTATION_CONTEXT('2D SPACE',''
  ) );
#1529 = PCURVE('',#1380,#1530);
#1530 = DEFINITIONAL_REPRESENTATION('',(#1531),#1534);
#1531 = B_SPLINE_CURVE_WITH_KNOTS('',1,(#1532,#1533),.UNSPECIFIED.,.F.,
  .F.,(2,2),(11.4,65.4),.PIECEWISE_BEZIER_KNOTS.);
#1532 = CARTESIAN_POINT('',(21.009873406921,-0.2));
#1533 = CARTESIAN_POINT('',(21.009873406921,-54.2));
#1534 = ( GEOMETRIC_REPRESENTATION_CONTEXT(2) 
PARAMETRIC_REPRESENTATION_CONTEXT() REPRESENTATION_CONTEXT('2D SPACE',''
  ) );
#1535 = ORIENTED_EDGE('',*,*,#1536,.T.);
#1536 = EDGE_CURVE('',#1516,#1492,#1537,.T.);
#1537 = SURFACE_CURVE('',#1538,(#1542,#1548),.PCURVE_S1.);
#1538 = LINE('',#1539,#1540);
#1539 = CARTESIAN_POINT('',(79.,-2.7,2.3));
#1540 = VECTOR('',#1541,1.);
#1541 = DIRECTION('',(-0.,0.,-1.));
#1542 = PCURVE('',#1354,#1543);
#1543 = DEFINITIONAL_REPRESENTATION('',(#1544),#1547);
#1544 = B_SPLINE_CURVE_WITH_KNOTS('',1,(#1545,#1546),.UNSPECIFIED.,.F.,
  .F.,(2,2),(-85.3,-0.1),.PIECEWISE_BEZIER_KNOTS.);
#1545 = CARTESIAN_POINT('',(85.2,76.6));
#1546 = CARTESIAN_POINT('',(0.,76.6));
#1547 = ( GEOMETRIC_REPRESENTATION_CONTEXT(2) 
PARAMETRIC_REPRESENTATION_CONTEXT() REPRESENTATION_CONTEXT('2D SPACE',''
  ) );
#1548 = PCURVE('',#1549,#1554);
#1549 = PLANE('',#1550);
#1550 = AXIS2_PLACEMENT_3D('',#1551,#1552,#1553);
#1551 = CARTESIAN_POINT('',(79.,-24.2,2.2));
#1552 = DIRECTION('',(1.,0.,-0.));
#1553 = DIRECTION('',(0.,0.,1.));
#1554 = DEFINITIONAL_REPRESENTATION('',(#1555),#1558);
#1555 = B_SPLINE_CURVE_WITH_KNOTS('',1,(#1556,#1557),.UNSPECIFIED.,.F.,
  .F.,(2,2),(-85.3,-0.1),.PIECEWISE_BEZIER_KNOTS.);
#1556 = CARTESIAN_POINT('',(85.4,-21.5));
#1557 = CARTESIAN_POINT('',(0.2,-21.5));
#1558 = ( GEOMETRIC_REPRESENTATION_CONTEXT(2) 
PARAMETRIC_REPRESENTATION_CONTEXT() REPRESENTATION_CONTEXT('2D SPACE',''
  ) );
#1559 = FACE_BOUND('',#1560,.F.);
#1560 = EDGE_LOOP('',(#1561));
#1561 = ORIENTED_EDGE('',*,*,#1562,.F.);
#1562 = EDGE_CURVE('',#1563,#1563,#1565,.T.);
#1563 = VERTEX_POINT('',#1564);
#1564 = CARTESIAN_POINT('',(52.,-2.7,19.1));
#1565 = SURFACE_CURVE('',#1566,(#1571,#1578),.PCURVE_S1.);
#1566 = CIRCLE('',#1567,4.1);
#1567 = AXIS2_PLACEMENT_3D('',#1568,#1569,#1570);
#1568 = CARTESIAN_POINT('',(52.,-2.7,15.));
#1569 = DIRECTION('',(0.,1.,0.));
#1570 = DIRECTION('',(0.,-0.,1.));
#1571 = PCURVE('',#1354,#1572);
#1572 = DEFINITIONAL_REPRESENTATION('',(#1573),#1577);
#1573 = CIRCLE('',#1574,4.1);
#1574 = AXIS2_PLACEMENT_2D('',#1575,#1576);
#1575 = CARTESIAN_POINT('',(12.6,49.6));
#1576 = DIRECTION('',(1.,0.));
#1577 = ( GEOMETRIC_REPRESENTATION_CONTEXT(2) 
PARAMETRIC_REPRESENTATION_CONTEXT() REPRESENTATION_CONTEXT('2D SPACE',''
  ) );
#1578 = PCURVE('',#1579,#1584);
#1579 = CYLINDRICAL_SURFACE('',#1580,4.1);
#1580 = AXIS2_PLACEMENT_3D('',#1581,#1582,#1583);
#1581 = CARTESIAN_POINT('',(52.,-3.2,15.));
#1582 = DIRECTION('',(0.,1.,0.));
#1583 = DIRECTION('',(0.,-0.,1.));
#1584 = DEFINITIONAL_REPRESENTATION('',(#1585),#1589);
#1585 = LINE('',#1586,#1587);
#1586 = CARTESIAN_POINT('',(0.,0.5));
#1587 = VECTOR('',#1588,1.);
#1588 = DIRECTION('',(1.,0.));
#1589 = ( GEOMETRIC_REPRESENTATION_CONTEXT(2) 
PARAMETRIC_REPRESENTATION_CONTEXT() REPRESENTATION_CONTEXT('2D SPACE',''
  ) );
#1590 = ADVANCED_FACE('',(#1591),#1579,.F.);
#1591 = FACE_BOUND('',#1592,.F.);
#1592 = EDGE_LOOP('',(#1593,#1622,#1643,#1644));
#1593 = ORIENTED_EDGE('',*,*,#1594,.F.);
#1594 = EDGE_CURVE('',#1595,#1595,#1597,.T.);
#1595 = VERTEX_POINT('',#1596);
#1596 = CARTESIAN_POINT('',(52.,-0.3,19.1));
#1597 = SURFACE_CURVE('',#1598,(#1603,#1610),.PCURVE_S1.);
#1598 = CIRCLE('',#1599,4.1);
#1599 = AXIS2_PLACEMENT_3D('',#1600,#1601,#1602);
#1600 = CARTESIAN_POINT('',(52.,-0.3,15.));
#1601 = DIRECTION('',(0.,1.,0.));
#1602 = DIRECTION('',(0.,-0.,1.));
#1603 = PCURVE('',#1579,#1604);
#1604 = DEFINITIONAL_REPRESENTATION('',(#1605),#1609);
#1605 = LINE('',#1606,#1607);
#1606 = CARTESIAN_POINT('',(0.,2.9));
#1607 = VECTOR('',#1608,1.);
#1608 = DIRECTION('',(1.,0.));
#1609 = ( GEOMETRIC_REPRESENTATION_CONTEXT(2) 
PARAMETRIC_REPRESENTATION_CONTEXT() REPRESENTATION_CONTEXT('2D SPACE',''
  ) );
#1610 = PCURVE('',#1611,#1616);
#1611 = PLANE('',#1612);
#1612 = AXIS2_PLACEMENT_3D('',#1613,#1614,#1615);
#1613 = CARTESIAN_POINT('',(2.4,-0.3,2.4));
#1614 = DIRECTION('',(-0.,1.,0.));
#1615 = DIRECTION('',(0.,0.,1.));
#1616 = DEFINITIONAL_REPRESENTATION('',(#1617),#1621);
#1617 = CIRCLE('',#1618,4.1);
#1618 = AXIS2_PLACEMENT_2D('',#1619,#1620);
#1619 = CARTESIAN_POINT('',(12.6,49.6));
#1620 = DIRECTION('',(1.,0.));
#1621 = ( GEOMETRIC_REPRESENTATION_CONTEXT(2) 
PARAMETRIC_REPRESENTATION_CONTEXT() REPRESENTATION_CONTEXT('2D SPACE',''
  ) );
#1622 = ORIENTED_EDGE('',*,*,#1623,.F.);
#1623 = EDGE_CURVE('',#1563,#1595,#1624,.T.);
#1624 = SEAM_CURVE('',#1625,(#1629,#1636),.PCURVE_S1.);
#1625 = LINE('',#1626,#1627);
#1626 = CARTESIAN_POINT('',(52.,-3.2,19.1));
#1627 = VECTOR('',#1628,1.);
#1628 = DIRECTION('',(0.,1.,0.));
#1629 = PCURVE('',#1579,#1630);
#1630 = DEFINITIONAL_REPRESENTATION('',(#1631),#1635);
#1631 = LINE('',#1632,#1633);
#1632 = CARTESIAN_POINT('',(6.28318530718,-0.));
#1633 = VECTOR('',#1634,1.);
#1634 = DIRECTION('',(0.,1.));
#1635 = ( GEOMETRIC_REPRESENTATION_CONTEXT(2) 
PARAMETRIC_REPRESENTATION_CONTEXT() REPRESENTATION_CONTEXT('2D SPACE',''
  ) );
#1636 = PCURVE('',#1579,#1637);
#1637 = DEFINITIONAL_REPRESENTATION('',(#1638),#1642);
#1638 = LINE('',#1639,#1640);
#1639 = CARTESIAN_POINT('',(0.,-0.));
#1640 = VECTOR('',#1641,1.);
#1641 = DIRECTION('',(0.,1.));
#1642 = ( GEOMETRIC_REPRESENTATION_CONTEXT(2) 
PARAMETRIC_REPRESENTATION_CONTEXT() REPRESENTATION_CONTEXT('2D SPACE',''
  ) );
#1643 = ORIENTED_EDGE('',*,*,#1562,.T.);
#1644 = ORIENTED_EDGE('',*,*,#1623,.T.);
#1645 = ADVANCED_FACE('',(#1646,#1856,#1859,#1890,#1921,#1952,#1983,
    #2014),#1611,.T.);
#1646 = FACE_BOUND('',#1647,.T.);
#1647 = EDGE_LOOP('',(#1648,#1678,#1706,#1734,#1755,#1781,#1802,#1830));
#1648 = ORIENTED_EDGE('',*,*,#1649,.F.);
#1649 = EDGE_CURVE('',#1650,#1652,#1654,.T.);
#1650 = VERTEX_POINT('',#1651);
#1651 = CARTESIAN_POINT('',(117.6,-0.3,2.4));
#1652 = VERTEX_POINT('',#1653);
#1653 = CARTESIAN_POINT('',(117.6,-0.3,87.6));
#1654 = SURFACE_CURVE('',#1655,(#1659,#1666),.PCURVE_S1.);
#1655 = LINE('',#1656,#1657);
#1656 = CARTESIAN_POINT('',(117.6,-0.3,2.4));
#1657 = VECTOR('',#1658,1.);
#1658 = DIRECTION('',(0.,0.,1.));
#1659 = PCURVE('',#1611,#1660);
#1660 = DEFINITIONAL_REPRESENTATION('',(#1661),#1665);
#1661 = LINE('',#1662,#1663);
#1662 = CARTESIAN_POINT('',(0.,115.2));
#1663 = VECTOR('',#1664,1.);
#1664 = DIRECTION('',(1.,0.));
#1665 = ( GEOMETRIC_REPRESENTATION_CONTEXT(2) 
PARAMETRIC_REPRESENTATION_CONTEXT() REPRESENTATION_CONTEXT('2D SPACE',''
  ) );
#1666 = PCURVE('',#1667,#1672);
#1667 = PLANE('',#1668);
#1668 = AXIS2_PLACEMENT_3D('',#1669,#1670,#1671);
#1669 = CARTESIAN_POINT('',(117.6,-0.3,2.4));
#1670 = DIRECTION('',(1.,0.,-0.));
#1671 = DIRECTION('',(0.,0.,1.));
#1672 = DEFINITIONAL_REPRESENTATION('',(#1673),#1677);
#1673 = LINE('',#1674,#1675);
#1674 = CARTESIAN_POINT('',(0.,0.));
#1675 = VECTOR('',#1676,1.);
#1676 = DIRECTION('',(1.,0.));
#1677 = ( GEOMETRIC_REPRESENTATION_CONTEXT(2) 
PARAMETRIC_REPRESENTATION_CONTEXT() REPRESENTATION_CONTEXT('2D SPACE',''
  ) );
#1678 = ORIENTED_EDGE('',*,*,#1679,.F.);
#1679 = EDGE_CURVE('',#1680,#1650,#1682,.T.);
#1680 = VERTEX_POINT('',#1681);
#1681 = CARTESIAN_POINT('',(2.4,-0.3,2.4));
#1682 = SURFACE_CURVE('',#1683,(#1687,#1694),.PCURVE_S1.);
#1683 = LINE('',#1684,#1685);
#1684 = CARTESIAN_POINT('',(2.4,-0.3,2.4));
#1685 = VECTOR('',#1686,1.);
#1686 = DIRECTION('',(1.,0.,-0.));
#1687 = PCURVE('',#1611,#1688);
#1688 = DEFINITIONAL_REPRESENTATION('',(#1689),#1693);
#1689 = LINE('',#1690,#1691);
#1690 = CARTESIAN_POINT('',(0.,0.));
#1691 = VECTOR('',#1692,1.);
#1692 = DIRECTION('',(0.,1.));
#1693 = ( GEOMETRIC_REPRESENTATION_CONTEXT(2) 
PARAMETRIC_REPRESENTATION_CONTEXT() REPRESENTATION_CONTEXT('2D SPACE',''
  ) );
#1694 = PCURVE('',#1695,#1700);
#1695 = PLANE('',#1696);
#1696 = AXIS2_PLACEMENT_3D('',#1697,#1698,#1699);
#1697 = CARTESIAN_POINT('',(2.4,-0.3,2.4));
#1698 = DIRECTION('',(0.,0.,1.));
#1699 = DIRECTION('',(1.,0.,-0.));
#1700 = DEFINITIONAL_REPRESENTATION('',(#1701),#1705);
#1701 = LINE('',#1702,#1703);
#1702 = CARTESIAN_POINT('',(0.,0.));
#1703 = VECTOR('',#1704,1.);
#1704 = DIRECTION('',(1.,0.));
#1705 = ( GEOMETRIC_REPRESENTATION_CONTEXT(2) 
PARAMETRIC_REPRESENTATION_CONTEXT() REPRESENTATION_CONTEXT('2D SPACE',''
  ) );
#1706 = ORIENTED_EDGE('',*,*,#1707,.T.);
#1707 = EDGE_CURVE('',#1680,#1708,#1710,.T.);
#1708 = VERTEX_POINT('',#1709);
#1709 = CARTESIAN_POINT('',(2.4,-0.3,6.));
#1710 = SURFACE_CURVE('',#1711,(#1715,#1722),.PCURVE_S1.);
#1711 = LINE('',#1712,#1713);
#1712 = CARTESIAN_POINT('',(2.4,-0.3,2.4));
#1713 = VECTOR('',#1714,1.);
#1714 = DIRECTION('',(0.,0.,1.));
#1715 = PCURVE('',#1611,#1716);
#1716 = DEFINITIONAL_REPRESENTATION('',(#1717),#1721);
#1717 = LINE('',#1718,#1719);
#1718 = CARTESIAN_POINT('',(0.,0.));
#1719 = VECTOR('',#1720,1.);
#1720 = DIRECTION('',(1.,0.));
#1721 = ( GEOMETRIC_REPRESENTATION_CONTEXT(2) 
PARAMETRIC_REPRESENTATION_CONTEXT() REPRESENTATION_CONTEXT('2D SPACE',''
  ) );
#1722 = PCURVE('',#1723,#1728);
#1723 = PLANE('',#1724);
#1724 = AXIS2_PLACEMENT_3D('',#1725,#1726,#1727);
#1725 = CARTESIAN_POINT('',(2.4,-0.3,2.4));
#1726 = DIRECTION('',(1.,0.,-0.));
#1727 = DIRECTION('',(0.,0.,1.));
#1728 = DEFINITIONAL_REPRESENTATION('',(#1729),#1733);
#1729 = LINE('',#1730,#1731);
#1730 = CARTESIAN_POINT('',(0.,0.));
#1731 = VECTOR('',#1732,1.);
#1732 = DIRECTION('',(1.,0.));
#1733 = ( GEOMETRIC_REPRESENTATION_CONTEXT(2) 
PARAMETRIC_REPRESENTATION_CONTEXT() REPRESENTATION_CONTEXT('2D SPACE',''
  ) );
#1734 = ORIENTED_EDGE('',*,*,#1735,.T.);
#1735 = EDGE_CURVE('',#1708,#1736,#1738,.T.);
#1736 = VERTEX_POINT('',#1737);
#1737 = CARTESIAN_POINT('',(3.2,-0.3,6.));
#1738 = SURFACE_CURVE('',#1739,(#1743,#1749),.PCURVE_S1.);
#1739 = LINE('',#1740,#1741);
#1740 = CARTESIAN_POINT('',(1.,-0.3,6.));
#1741 = VECTOR('',#1742,1.);
#1742 = DIRECTION('',(1.,0.,-0.));
#1743 = PCURVE('',#1611,#1744);
#1744 = DEFINITIONAL_REPRESENTATION('',(#1745),#1748);
#1745 = B_SPLINE_CURVE_WITH_KNOTS('',1,(#1746,#1747),.UNSPECIFIED.,.F.,
  .F.,(2,2),(1.4,2.2),.PIECEWISE_BEZIER_KNOTS.);
#1746 = CARTESIAN_POINT('',(3.6,0.));
#1747 = CARTESIAN_POINT('',(3.6,0.8));
#1748 = ( GEOMETRIC_REPRESENTATION_CONTEXT(2) 
PARAMETRIC_REPRESENTATION_CONTEXT() REPRESENTATION_CONTEXT('2D SPACE',''
  ) );
#1749 = PCURVE('',#458,#1750);
#1750 = DEFINITIONAL_REPRESENTATION('',(#1751),#1754);
#1751 = B_SPLINE_CURVE_WITH_KNOTS('',1,(#1752,#1753),.UNSPECIFIED.,.F.,
  .F.,(2,2),(1.4,2.2),.PIECEWISE_BEZIER_KNOTS.);
#1752 = CARTESIAN_POINT('',(2.8,0.2));
#1753 = CARTESIAN_POINT('',(3.6,0.2));
#1754 = ( GEOMETRIC_REPRESENTATION_CONTEXT(2) 
PARAMETRIC_REPRESENTATION_CONTEXT() REPRESENTATION_CONTEXT('2D SPACE',''
  ) );
#1755 = ORIENTED_EDGE('',*,*,#1756,.F.);
#1756 = EDGE_CURVE('',#1757,#1736,#1759,.T.);
#1757 = VERTEX_POINT('',#1758);
#1758 = CARTESIAN_POINT('',(3.2,-0.3,84.));
#1759 = SURFACE_CURVE('',#1760,(#1764,#1770),.PCURVE_S1.);
#1760 = LINE('',#1761,#1762);
#1761 = CARTESIAN_POINT('',(3.2,-0.3,4.2));
#1762 = VECTOR('',#1763,1.);
#1763 = DIRECTION('',(-0.,0.,-1.));
#1764 = PCURVE('',#1611,#1765);
#1765 = DEFINITIONAL_REPRESENTATION('',(#1766),#1769);
#1766 = B_SPLINE_CURVE_WITH_KNOTS('',1,(#1767,#1768),.UNSPECIFIED.,.F.,
  .F.,(2,2),(-79.8,-1.8),.PIECEWISE_BEZIER_KNOTS.);
#1767 = CARTESIAN_POINT('',(81.6,0.8));
#1768 = CARTESIAN_POINT('',(3.6,0.8));
#1769 = ( GEOMETRIC_REPRESENTATION_CONTEXT(2) 
PARAMETRIC_REPRESENTATION_CONTEXT() REPRESENTATION_CONTEXT('2D SPACE',''
  ) );
#1770 = PCURVE('',#1771,#1776);
#1771 = PLANE('',#1772);
#1772 = AXIS2_PLACEMENT_3D('',#1773,#1774,#1775);
#1773 = CARTESIAN_POINT('',(3.2,-0.5,6.));
#1774 = DIRECTION('',(1.,0.,-0.));
#1775 = DIRECTION('',(0.,0.,1.));
#1776 = DEFINITIONAL_REPRESENTATION('',(#1777),#1780);
#1777 = B_SPLINE_CURVE_WITH_KNOTS('',1,(#1778,#1779),.UNSPECIFIED.,.F.,
  .F.,(2,2),(-79.8,-1.8),.PIECEWISE_BEZIER_KNOTS.);
#1778 = CARTESIAN_POINT('',(78.,-0.2));
#1779 = CARTESIAN_POINT('',(0.,-0.2));
#1780 = ( GEOMETRIC_REPRESENTATION_CONTEXT(2) 
PARAMETRIC_REPRESENTATION_CONTEXT() REPRESENTATION_CONTEXT('2D SPACE',''
  ) );
#1781 = ORIENTED_EDGE('',*,*,#1782,.F.);
#1782 = EDGE_CURVE('',#1783,#1757,#1785,.T.);
#1783 = VERTEX_POINT('',#1784);
#1784 = CARTESIAN_POINT('',(2.4,-0.3,84.));
#1785 = SURFACE_CURVE('',#1786,(#1790,#1796),.PCURVE_S1.);
#1786 = LINE('',#1787,#1788);
#1787 = CARTESIAN_POINT('',(1.,-0.3,84.));
#1788 = VECTOR('',#1789,1.);
#1789 = DIRECTION('',(1.,0.,-0.));
#1790 = PCURVE('',#1611,#1791);
#1791 = DEFINITIONAL_REPRESENTATION('',(#1792),#1795);
#1792 = B_SPLINE_CURVE_WITH_KNOTS('',1,(#1793,#1794),.UNSPECIFIED.,.F.,
  .F.,(2,2),(1.4,2.2),.PIECEWISE_BEZIER_KNOTS.);
#1793 = CARTESIAN_POINT('',(81.6,0.));
#1794 = CARTESIAN_POINT('',(81.6,0.8));
#1795 = ( GEOMETRIC_REPRESENTATION_CONTEXT(2) 
PARAMETRIC_REPRESENTATION_CONTEXT() REPRESENTATION_CONTEXT('2D SPACE',''
  ) );
#1796 = PCURVE('',#510,#1797);
#1797 = DEFINITIONAL_REPRESENTATION('',(#1798),#1801);
#1798 = B_SPLINE_CURVE_WITH_KNOTS('',1,(#1799,#1800),.UNSPECIFIED.,.F.,
  .F.,(2,2),(1.4,2.2),.PIECEWISE_BEZIER_KNOTS.);
#1799 = CARTESIAN_POINT('',(2.8,0.2));
#1800 = CARTESIAN_POINT('',(3.6,0.2));
#1801 = ( GEOMETRIC_REPRESENTATION_CONTEXT(2) 
PARAMETRIC_REPRESENTATION_CONTEXT() REPRESENTATION_CONTEXT('2D SPACE',''
  ) );
#1802 = ORIENTED_EDGE('',*,*,#1803,.T.);
#1803 = EDGE_CURVE('',#1783,#1804,#1806,.T.);
#1804 = VERTEX_POINT('',#1805);
#1805 = CARTESIAN_POINT('',(2.4,-0.3,87.6));
#1806 = SURFACE_CURVE('',#1807,(#1811,#1818),.PCURVE_S1.);
#1807 = LINE('',#1808,#1809);
#1808 = CARTESIAN_POINT('',(2.4,-0.3,2.4));
#1809 = VECTOR('',#1810,1.);
#1810 = DIRECTION('',(0.,0.,1.));
#1811 = PCURVE('',#1611,#1812);
#1812 = DEFINITIONAL_REPRESENTATION('',(#1813),#1817);
#1813 = LINE('',#1814,#1815);
#1814 = CARTESIAN_POINT('',(0.,0.));
#1815 = VECTOR('',#1816,1.);
#1816 = DIRECTION('',(1.,0.));
#1817 = ( GEOMETRIC_REPRESENTATION_CONTEXT(2) 
PARAMETRIC_REPRESENTATION_CONTEXT() REPRESENTATION_CONTEXT('2D SPACE',''
  ) );
#1818 = PCURVE('',#1819,#1824);
#1819 = PLANE('',#1820);
#1820 = AXIS2_PLACEMENT_3D('',#1821,#1822,#1823);
#1821 = CARTESIAN_POINT('',(2.4,-0.3,2.4));
#1822 = DIRECTION('',(1.,0.,-0.));
#1823 = DIRECTION('',(0.,0.,1.));
#1824 = DEFINITIONAL_REPRESENTATION('',(#1825),#1829);
#1825 = LINE('',#1826,#1827);
#1826 = CARTESIAN_POINT('',(0.,0.));
#1827 = VECTOR('',#1828,1.);
#1828 = DIRECTION('',(1.,0.));
#1829 = ( GEOMETRIC_REPRESENTATION_CONTEXT(2) 
PARAMETRIC_REPRESENTATION_CONTEXT() REPRESENTATION_CONTEXT('2D SPACE',''
  ) );
#1830 = ORIENTED_EDGE('',*,*,#1831,.T.);
#1831 = EDGE_CURVE('',#1804,#1652,#1832,.T.);
#1832 = SURFACE_CURVE('',#1833,(#1837,#1844),.PCURVE_S1.);
#1833 = LINE('',#1834,#1835);
#1834 = CARTESIAN_POINT('',(2.4,-0.3,87.6));
#1835 = VECTOR('',#1836,1.);
#1836 = DIRECTION('',(1.,0.,-0.));
#1837 = PCURVE('',#1611,#1838);
#1838 = DEFINITIONAL_REPRESENTATION('',(#1839),#1843);
#1839 = LINE('',#1840,#1841);
#1840 = CARTESIAN_POINT('',(85.2,0.));
#1841 = VECTOR('',#1842,1.);
#1842 = DIRECTION('',(0.,1.));
#1843 = ( GEOMETRIC_REPRESENTATION_CONTEXT(2) 
PARAMETRIC_REPRESENTATION_CONTEXT() REPRESENTATION_CONTEXT('2D SPACE',''
  ) );
#1844 = PCURVE('',#1845,#1850);
#1845 = PLANE('',#1846);
#1846 = AXIS2_PLACEMENT_3D('',#1847,#1848,#1849);
#1847 = CARTESIAN_POINT('',(2.4,-0.3,87.6));
#1848 = DIRECTION('',(0.,0.,1.));
#1849 = DIRECTION('',(1.,0.,-0.));
#1850 = DEFINITIONAL_REPRESENTATION('',(#1851),#1855);
#1851 = LINE('',#1852,#1853);
#1852 = CARTESIAN_POINT('',(0.,0.));
#1853 = VECTOR('',#1854,1.);
#1854 = DIRECTION('',(1.,0.));
#1855 = ( GEOMETRIC_REPRESENTATION_CONTEXT(2) 
PARAMETRIC_REPRESENTATION_CONTEXT() REPRESENTATION_CONTEXT('2D SPACE',''
  ) );
#1856 = FACE_BOUND('',#1857,.T.);
#1857 = EDGE_LOOP('',(#1858));
#1858 = ORIENTED_EDGE('',*,*,#1594,.F.);
#1859 = FACE_BOUND('',#1860,.T.);
#1860 = EDGE_LOOP('',(#1861));
#1861 = ORIENTED_EDGE('',*,*,#1862,.F.);
#1862 = EDGE_CURVE('',#1863,#1863,#1865,.T.);
#1863 = VERTEX_POINT('',#1864);
#1864 = CARTESIAN_POINT('',(66.,-0.3,18.2));
#1865 = SURFACE_CURVE('',#1866,(#1871,#1878),.PCURVE_S1.);
#1866 = CIRCLE('',#1867,4.2);
#1867 = AXIS2_PLACEMENT_3D('',#1868,#1869,#1870);
#1868 = CARTESIAN_POINT('',(66.,-0.3,14.));
#1869 = DIRECTION('',(0.,1.,0.));
#1870 = DIRECTION('',(0.,-0.,1.));
#1871 = PCURVE('',#1611,#1872);
#1872 = DEFINITIONAL_REPRESENTATION('',(#1873),#1877);
#1873 = CIRCLE('',#1874,4.2);
#1874 = AXIS2_PLACEMENT_2D('',#1875,#1876);
#1875 = CARTESIAN_POINT('',(11.6,63.6));
#1876 = DIRECTION('',(1.,0.));
#1877 = ( GEOMETRIC_REPRESENTATION_CONTEXT(2) 
PARAMETRIC_REPRESENTATION_CONTEXT() REPRESENTATION_CONTEXT('2D SPACE',''
  ) );
#1878 = PCURVE('',#1879,#1884);
#1879 = CYLINDRICAL_SURFACE('',#1880,4.2);
#1880 = AXIS2_PLACEMENT_3D('',#1881,#1882,#1883);
#1881 = CARTESIAN_POINT('',(66.,-0.4,14.));
#1882 = DIRECTION('',(0.,1.,0.));
#1883 = DIRECTION('',(0.,-0.,1.));
#1884 = DEFINITIONAL_REPRESENTATION('',(#1885),#1889);
#1885 = LINE('',#1886,#1887);
#1886 = CARTESIAN_POINT('',(0.,1.E-01));
#1887 = VECTOR('',#1888,1.);
#1888 = DIRECTION('',(1.,0.));
#1889 = ( GEOMETRIC_REPRESENTATION_CONTEXT(2) 
PARAMETRIC_REPRESENTATION_CONTEXT() REPRESENTATION_CONTEXT('2D SPACE',''
  ) );
#1890 = FACE_BOUND('',#1891,.T.);
#1891 = EDGE_LOOP('',(#1892));
#1892 = ORIENTED_EDGE('',*,*,#1893,.F.);
#1893 = EDGE_CURVE('',#1894,#1894,#1896,.T.);
#1894 = VERTEX_POINT('',#1895);
#1895 = CARTESIAN_POINT('',(66.,-0.3,80.2));
#1896 = SURFACE_CURVE('',#1897,(#1902,#1909),.PCURVE_S1.);
#1897 = CIRCLE('',#1898,4.2);
#1898 = AXIS2_PLACEMENT_3D('',#1899,#1900,#1901);
#1899 = CARTESIAN_POINT('',(66.,-0.3,76.));
#1900 = DIRECTION('',(0.,1.,0.));
#1901 = DIRECTION('',(0.,-0.,1.));
#1902 = PCURVE('',#1611,#1903);
#1903 = DEFINITIONAL_REPRESENTATION('',(#1904),#1908);
#1904 = CIRCLE('',#1905,4.2);
#1905 = AXIS2_PLACEMENT_2D('',#1906,#1907);
#1906 = CARTESIAN_POINT('',(73.6,63.6));
#1907 = DIRECTION('',(1.,0.));
#1908 = ( GEOMETRIC_REPRESENTATION_CONTEXT(2) 
PARAMETRIC_REPRESENTATION_CONTEXT() REPRESENTATION_CONTEXT('2D SPACE',''
  ) );
#1909 = PCURVE('',#1910,#1915);
#1910 = CYLINDRICAL_SURFACE('',#1911,4.2);
#1911 = AXIS2_PLACEMENT_3D('',#1912,#1913,#1914);
#1912 = CARTESIAN_POINT('',(66.,-0.4,76.));
#1913 = DIRECTION('',(0.,1.,0.));
#1914 = DIRECTION('',(0.,-0.,1.));
#1915 = DEFINITIONAL_REPRESENTATION('',(#1916),#1920);
#1916 = LINE('',#1917,#1918);
#1917 = CARTESIAN_POINT('',(0.,1.E-01));
#1918 = VECTOR('',#1919,1.);
#1919 = DIRECTION('',(1.,0.));
#1920 = ( GEOMETRIC_REPRESENTATION_CONTEXT(2) 
PARAMETRIC_REPRESENTATION_CONTEXT() REPRESENTATION_CONTEXT('2D SPACE',''
  ) );
#1921 = FACE_BOUND('',#1922,.T.);
#1922 = EDGE_LOOP('',(#1923));
#1923 = ORIENTED_EDGE('',*,*,#1924,.F.);
#1924 = EDGE_CURVE('',#1925,#1925,#1927,.T.);
#1925 = VERTEX_POINT('',#1926);
#1926 = CARTESIAN_POINT('',(82.,-0.3,21.1));
#1927 = SURFACE_CURVE('',#1928,(#1933,#1940),.PCURVE_S1.);
#1928 = CIRCLE('',#1929,3.1);
#1929 = AXIS2_PLACEMENT_3D('',#1930,#1931,#1932);
#1930 = CARTESIAN_POINT('',(82.,-0.3,18.));
#1931 = DIRECTION('',(0.,1.,0.));
#1932 = DIRECTION('',(0.,-0.,1.));
#1933 = PCURVE('',#1611,#1934);
#1934 = DEFINITIONAL_REPRESENTATION('',(#1935),#1939);
#1935 = CIRCLE('',#1936,3.1);
#1936 = AXIS2_PLACEMENT_2D('',#1937,#1938);
#1937 = CARTESIAN_POINT('',(15.6,79.6));
#1938 = DIRECTION('',(1.,0.));
#1939 = ( GEOMETRIC_REPRESENTATION_CONTEXT(2) 
PARAMETRIC_REPRESENTATION_CONTEXT() REPRESENTATION_CONTEXT('2D SPACE',''
  ) );
#1940 = PCURVE('',#1941,#1946);
#1941 = CYLINDRICAL_SURFACE('',#1942,3.1);
#1942 = AXIS2_PLACEMENT_3D('',#1943,#1944,#1945);
#1943 = CARTESIAN_POINT('',(82.,-0.4,18.));
#1944 = DIRECTION('',(0.,1.,0.));
#1945 = DIRECTION('',(0.,-0.,1.));
#1946 = DEFINITIONAL_REPRESENTATION('',(#1947),#1951);
#1947 = LINE('',#1948,#1949);
#1948 = CARTESIAN_POINT('',(0.,1.E-01));
#1949 = VECTOR('',#1950,1.);
#1950 = DIRECTION('',(1.,0.));
#1951 = ( GEOMETRIC_REPRESENTATION_CONTEXT(2) 
PARAMETRIC_REPRESENTATION_CONTEXT() REPRESENTATION_CONTEXT('2D SPACE',''
  ) );
#1952 = FACE_BOUND('',#1953,.T.);
#1953 = EDGE_LOOP('',(#1954));
#1954 = ORIENTED_EDGE('',*,*,#1955,.F.);
#1955 = EDGE_CURVE('',#1956,#1956,#1958,.T.);
#1956 = VERTEX_POINT('',#1957);
#1957 = CARTESIAN_POINT('',(108.,-0.3,21.1));
#1958 = SURFACE_CURVE('',#1959,(#1964,#1971),.PCURVE_S1.);
#1959 = CIRCLE('',#1960,3.1);
#1960 = AXIS2_PLACEMENT_3D('',#1961,#1962,#1963);
#1961 = CARTESIAN_POINT('',(108.,-0.3,18.));
#1962 = DIRECTION('',(0.,1.,0.));
#1963 = DIRECTION('',(0.,-0.,1.));
#1964 = PCURVE('',#1611,#1965);
#1965 = DEFINITIONAL_REPRESENTATION('',(#1966),#1970);
#1966 = CIRCLE('',#1967,3.1);
#1967 = AXIS2_PLACEMENT_2D('',#1968,#1969);
#1968 = CARTESIAN_POINT('',(15.6,105.6));
#1969 = DIRECTION('',(1.,0.));
#1970 = ( GEOMETRIC_REPRESENTATION_CONTEXT(2) 
PARAMETRIC_REPRESENTATION_CONTEXT() REPRESENTATION_CONTEXT('2D SPACE',''
  ) );
#1971 = PCURVE('',#1972,#1977);
#1972 = CYLINDRICAL_SURFACE('',#1973,3.1);
#1973 = AXIS2_PLACEMENT_3D('',#1974,#1975,#1976);
#1974 = CARTESIAN_POINT('',(108.,-0.4,18.));
#1975 = DIRECTION('',(0.,1.,0.));
#1976 = DIRECTION('',(0.,-0.,1.));
#1977 = DEFINITIONAL_REPRESENTATION('',(#1978),#1982);
#1978 = LINE('',#1979,#1980);
#1979 = CARTESIAN_POINT('',(0.,1.E-01));
#1980 = VECTOR('',#1981,1.);
#1981 = DIRECTION('',(1.,0.));
#1982 = ( GEOMETRIC_REPRESENTATION_CONTEXT(2) 
PARAMETRIC_REPRESENTATION_CONTEXT() REPRESENTATION_CONTEXT('2D SPACE',''
  ) );
#1983 = FACE_BOUND('',#1984,.T.);
#1984 = EDGE_LOOP('',(#1985));
#1985 = ORIENTED_EDGE('',*,*,#1986,.F.);
#1986 = EDGE_CURVE('',#1987,#1987,#1989,.T.);
#1987 = VERTEX_POINT('',#1988);
#1988 = CARTESIAN_POINT('',(82.,-0.3,75.1));
#1989 = SURFACE_CURVE('',#1990,(#1995,#2002),.PCURVE_S1.);
#1990 = CIRCLE('',#1991,3.1);
#1991 = AXIS2_PLACEMENT_3D('',#1992,#1993,#1994);
#1992 = CARTESIAN_POINT('',(82.,-0.3,72.));
#1993 = DIRECTION('',(0.,1.,0.));
#1994 = DIRECTION('',(0.,-0.,1.));
#1995 = PCURVE('',#1611,#1996);
#1996 = DEFINITIONAL_REPRESENTATION('',(#1997),#2001);
#1997 = CIRCLE('',#1998,3.1);
#1998 = AXIS2_PLACEMENT_2D('',#1999,#2000);
#1999 = CARTESIAN_POINT('',(69.6,79.6));
#2000 = DIRECTION('',(1.,0.));
#2001 = ( GEOMETRIC_REPRESENTATION_CONTEXT(2) 
PARAMETRIC_REPRESENTATION_CONTEXT() REPRESENTATION_CONTEXT('2D SPACE',''
  ) );
#2002 = PCURVE('',#2003,#2008);
#2003 = CYLINDRICAL_SURFACE('',#2004,3.1);
#2004 = AXIS2_PLACEMENT_3D('',#2005,#2006,#2007);
#2005 = CARTESIAN_POINT('',(82.,-0.4,72.));
#2006 = DIRECTION('',(0.,1.,0.));
#2007 = DIRECTION('',(0.,-0.,1.));
#2008 = DEFINITIONAL_REPRESENTATION('',(#2009),#2013);
#2009 = LINE('',#2010,#2011);
#2010 = CARTESIAN_POINT('',(0.,1.E-01));
#2011 = VECTOR('',#2012,1.);
#2012 = DIRECTION('',(1.,0.));
#2013 = ( GEOMETRIC_REPRESENTATION_CONTEXT(2) 
PARAMETRIC_REPRESENTATION_CONTEXT() REPRESENTATION_CONTEXT('2D SPACE',''
  ) );
#2014 = FACE_BOUND('',#2015,.T.);
#2015 = EDGE_LOOP('',(#2016));
#2016 = ORIENTED_EDGE('',*,*,#2017,.F.);
#2017 = EDGE_CURVE('',#2018,#2018,#2020,.T.);
#2018 = VERTEX_POINT('',#2019);
#2019 = CARTESIAN_POINT('',(108.,-0.3,75.1));
#2020 = SURFACE_CURVE('',#2021,(#2026,#2033),.PCURVE_S1.);
#2021 = CIRCLE('',#2022,3.1);
#2022 = AXIS2_PLACEMENT_3D('',#2023,#2024,#2025);
#2023 = CARTESIAN_POINT('',(108.,-0.3,72.));
#2024 = DIRECTION('',(0.,1.,0.));
#2025 = DIRECTION('',(0.,-0.,1.));
#2026 = PCURVE('',#1611,#2027);
#2027 = DEFINITIONAL_REPRESENTATION('',(#2028),#2032);
#2028 = CIRCLE('',#2029,3.1);
#2029 = AXIS2_PLACEMENT_2D('',#2030,#2031);
#2030 = CARTESIAN_POINT('',(69.6,105.6));
#2031 = DIRECTION('',(1.,0.));
#2032 = ( GEOMETRIC_REPRESENTATION_CONTEXT(2) 
PARAMETRIC_REPRESENTATION_CONTEXT() REPRESENTATION_CONTEXT('2D SPACE',''
  ) );
#2033 = PCURVE('',#2034,#2039);
#2034 = CYLINDRICAL_SURFACE('',#2035,3.1);
#2035 = AXIS2_PLACEMENT_3D('',#2036,#2037,#2038);
#2036 = CARTESIAN_POINT('',(108.,-0.4,72.));
#2037 = DIRECTION('',(0.,1.,0.));
#2038 = DIRECTION('',(0.,-0.,1.));
#2039 = DEFINITIONAL_REPRESENTATION('',(#2040),#2044);
#2040 = LINE('',#2041,#2042);
#2041 = CARTESIAN_POINT('',(0.,1.E-01));
#2042 = VECTOR('',#2043,1.);
#2043 = DIRECTION('',(1.,0.));
#2044 = ( GEOMETRIC_REPRESENTATION_CONTEXT(2) 
PARAMETRIC_REPRESENTATION_CONTEXT() REPRESENTATION_CONTEXT('2D SPACE',''
  ) );
#2045 = ADVANCED_FACE('',(#2046),#2034,.T.);
#2046 = FACE_BOUND('',#2047,.T.);
#2047 = EDGE_LOOP('',(#2048,#2071,#2098,#2099));
#2048 = ORIENTED_EDGE('',*,*,#2049,.T.);
#2049 = EDGE_CURVE('',#2018,#2050,#2052,.T.);
#2050 = VERTEX_POINT('',#2051);
#2051 = CARTESIAN_POINT('',(108.,1.6,75.1));
#2052 = SEAM_CURVE('',#2053,(#2057,#2064),.PCURVE_S1.);
#2053 = LINE('',#2054,#2055);
#2054 = CARTESIAN_POINT('',(108.,-0.4,75.1));
#2055 = VECTOR('',#2056,1.);
#2056 = DIRECTION('',(0.,1.,0.));
#2057 = PCURVE('',#2034,#2058);
#2058 = DEFINITIONAL_REPRESENTATION('',(#2059),#2063);
#2059 = LINE('',#2060,#2061);
#2060 = CARTESIAN_POINT('',(6.28318530718,-0.));
#2061 = VECTOR('',#2062,1.);
#2062 = DIRECTION('',(0.,1.));
#2063 = ( GEOMETRIC_REPRESENTATION_CONTEXT(2) 
PARAMETRIC_REPRESENTATION_CONTEXT() REPRESENTATION_CONTEXT('2D SPACE',''
  ) );
#2064 = PCURVE('',#2034,#2065);
#2065 = DEFINITIONAL_REPRESENTATION('',(#2066),#2070);
#2066 = LINE('',#2067,#2068);
#2067 = CARTESIAN_POINT('',(0.,-0.));
#2068 = VECTOR('',#2069,1.);
#2069 = DIRECTION('',(0.,1.));
#2070 = ( GEOMETRIC_REPRESENTATION_CONTEXT(2) 
PARAMETRIC_REPRESENTATION_CONTEXT() REPRESENTATION_CONTEXT('2D SPACE',''
  ) );
#2071 = ORIENTED_EDGE('',*,*,#2072,.F.);
#2072 = EDGE_CURVE('',#2050,#2050,#2073,.T.);
#2073 = SURFACE_CURVE('',#2074,(#2079,#2086),.PCURVE_S1.);
#2074 = CIRCLE('',#2075,3.1);
#2075 = AXIS2_PLACEMENT_3D('',#2076,#2077,#2078);
#2076 = CARTESIAN_POINT('',(108.,1.6,72.));
#2077 = DIRECTION('',(0.,1.,0.));
#2078 = DIRECTION('',(0.,-0.,1.));
#2079 = PCURVE('',#2034,#2080);
#2080 = DEFINITIONAL_REPRESENTATION('',(#2081),#2085);
#2081 = LINE('',#2082,#2083);
#2082 = CARTESIAN_POINT('',(0.,2.));
#2083 = VECTOR('',#2084,1.);
#2084 = DIRECTION('',(1.,0.));
#2085 = ( GEOMETRIC_REPRESENTATION_CONTEXT(2) 
PARAMETRIC_REPRESENTATION_CONTEXT() REPRESENTATION_CONTEXT('2D SPACE',''
  ) );
#2086 = PCURVE('',#2087,#2092);
#2087 = PLANE('',#2088);
#2088 = AXIS2_PLACEMENT_3D('',#2089,#2090,#2091);
#2089 = CARTESIAN_POINT('',(108.,1.6,72.));
#2090 = DIRECTION('',(0.,1.,0.));
#2091 = DIRECTION('',(0.,-0.,1.));
#2092 = DEFINITIONAL_REPRESENTATION('',(#2093),#2097);
#2093 = CIRCLE('',#2094,3.1);
#2094 = AXIS2_PLACEMENT_2D('',#2095,#2096);
#2095 = CARTESIAN_POINT('',(0.,0.));
#2096 = DIRECTION('',(1.,0.));
#2097 = ( GEOMETRIC_REPRESENTATION_CONTEXT(2) 
PARAMETRIC_REPRESENTATION_CONTEXT() REPRESENTATION_CONTEXT('2D SPACE',''
  ) );
#2098 = ORIENTED_EDGE('',*,*,#2049,.F.);
#2099 = ORIENTED_EDGE('',*,*,#2017,.T.);
#2100 = ADVANCED_FACE('',(#2101,#2104),#2087,.T.);
#2101 = FACE_BOUND('',#2102,.T.);
#2102 = EDGE_LOOP('',(#2103));
#2103 = ORIENTED_EDGE('',*,*,#2072,.T.);
#2104 = FACE_BOUND('',#2105,.T.);
#2105 = EDGE_LOOP('',(#2106));
#2106 = ORIENTED_EDGE('',*,*,#2107,.F.);
#2107 = EDGE_CURVE('',#2108,#2108,#2110,.T.);
#2108 = VERTEX_POINT('',#2109);
#2109 = CARTESIAN_POINT('',(108.,1.6,73.));
#2110 = SURFACE_CURVE('',#2111,(#2116,#2123),.PCURVE_S1.);
#2111 = CIRCLE('',#2112,1.);
#2112 = AXIS2_PLACEMENT_3D('',#2113,#2114,#2115);
#2113 = CARTESIAN_POINT('',(108.,1.6,72.));
#2114 = DIRECTION('',(0.,1.,0.));
#2115 = DIRECTION('',(0.,-0.,1.));
#2116 = PCURVE('',#2087,#2117);
#2117 = DEFINITIONAL_REPRESENTATION('',(#2118),#2122);
#2118 = CIRCLE('',#2119,1.);
#2119 = AXIS2_PLACEMENT_2D('',#2120,#2121);
#2120 = CARTESIAN_POINT('',(0.,0.));
#2121 = DIRECTION('',(1.,0.));
#2122 = ( GEOMETRIC_REPRESENTATION_CONTEXT(2) 
PARAMETRIC_REPRESENTATION_CONTEXT() REPRESENTATION_CONTEXT('2D SPACE',''
  ) );
#2123 = PCURVE('',#2124,#2129);
#2124 = CYLINDRICAL_SURFACE('',#2125,1.);
#2125 = AXIS2_PLACEMENT_3D('',#2126,#2127,#2128);
#2126 = CARTESIAN_POINT('',(108.,-2.15,72.));
#2127 = DIRECTION('',(0.,1.,0.));
#2128 = DIRECTION('',(0.,-0.,1.));
#2129 = DEFINITIONAL_REPRESENTATION('',(#2130),#2134);
#2130 = LINE('',#2131,#2132);
#2131 = CARTESIAN_POINT('',(0.,3.75));
#2132 = VECTOR('',#2133,1.);
#2133 = DIRECTION('',(1.,0.));
#2134 = ( GEOMETRIC_REPRESENTATION_CONTEXT(2) 
PARAMETRIC_REPRESENTATION_CONTEXT() REPRESENTATION_CONTEXT('2D SPACE',''
  ) );
#2135 = ADVANCED_FACE('',(#2136),#2124,.F.);
#2136 = FACE_BOUND('',#2137,.F.);
#2137 = EDGE_LOOP('',(#2138,#2139,#2162,#2189));
#2138 = ORIENTED_EDGE('',*,*,#2107,.F.);
#2139 = ORIENTED_EDGE('',*,*,#2140,.F.);
#2140 = EDGE_CURVE('',#2141,#2108,#2143,.T.);
#2141 = VERTEX_POINT('',#2142);
#2142 = CARTESIAN_POINT('',(108.,-2.15,73.));
#2143 = SEAM_CURVE('',#2144,(#2148,#2155),.PCURVE_S1.);
#2144 = LINE('',#2145,#2146);
#2145 = CARTESIAN_POINT('',(108.,-2.15,73.));
#2146 = VECTOR('',#2147,1.);
#2147 = DIRECTION('',(0.,1.,0.));
#2148 = PCURVE('',#2124,#2149);
#2149 = DEFINITIONAL_REPRESENTATION('',(#2150),#2154);
#2150 = LINE('',#2151,#2152);
#2151 = CARTESIAN_POINT('',(6.28318530718,-0.));
#2152 = VECTOR('',#2153,1.);
#2153 = DIRECTION('',(0.,1.));
#2154 = ( GEOMETRIC_REPRESENTATION_CONTEXT(2) 
PARAMETRIC_REPRESENTATION_CONTEXT() REPRESENTATION_CONTEXT('2D SPACE',''
  ) );
#2155 = PCURVE('',#2124,#2156);
#2156 = DEFINITIONAL_REPRESENTATION('',(#2157),#2161);
#2157 = LINE('',#2158,#2159);
#2158 = CARTESIAN_POINT('',(0.,-0.));
#2159 = VECTOR('',#2160,1.);
#2160 = DIRECTION('',(0.,1.));
#2161 = ( GEOMETRIC_REPRESENTATION_CONTEXT(2) 
PARAMETRIC_REPRESENTATION_CONTEXT() REPRESENTATION_CONTEXT('2D SPACE',''
  ) );
#2162 = ORIENTED_EDGE('',*,*,#2163,.T.);
#2163 = EDGE_CURVE('',#2141,#2141,#2164,.T.);
#2164 = SURFACE_CURVE('',#2165,(#2170,#2177),.PCURVE_S1.);
#2165 = CIRCLE('',#2166,1.);
#2166 = AXIS2_PLACEMENT_3D('',#2167,#2168,#2169);
#2167 = CARTESIAN_POINT('',(108.,-2.15,72.));
#2168 = DIRECTION('',(0.,1.,0.));
#2169 = DIRECTION('',(0.,-0.,1.));
#2170 = PCURVE('',#2124,#2171);
#2171 = DEFINITIONAL_REPRESENTATION('',(#2172),#2176);
#2172 = LINE('',#2173,#2174);
#2173 = CARTESIAN_POINT('',(0.,0.));
#2174 = VECTOR('',#2175,1.);
#2175 = DIRECTION('',(1.,0.));
#2176 = ( GEOMETRIC_REPRESENTATION_CONTEXT(2) 
PARAMETRIC_REPRESENTATION_CONTEXT() REPRESENTATION_CONTEXT('2D SPACE',''
  ) );
#2177 = PCURVE('',#2178,#2183);
#2178 = PLANE('',#2179);
#2179 = AXIS2_PLACEMENT_3D('',#2180,#2181,#2182);
#2180 = CARTESIAN_POINT('',(108.,-2.15,72.));
#2181 = DIRECTION('',(0.,1.,0.));
#2182 = DIRECTION('',(0.,-0.,1.));
#2183 = DEFINITIONAL_REPRESENTATION('',(#2184),#2188);
#2184 = CIRCLE('',#2185,1.);
#2185 = AXIS2_PLACEMENT_2D('',#2186,#2187);
#2186 = CARTESIAN_POINT('',(0.,0.));
#2187 = DIRECTION('',(1.,0.));
#2188 = ( GEOMETRIC_REPRESENTATION_CONTEXT(2) 
PARAMETRIC_REPRESENTATION_CONTEXT() REPRESENTATION_CONTEXT('2D SPACE',''
  ) );
#2189 = ORIENTED_EDGE('',*,*,#2140,.T.);
#2190 = ADVANCED_FACE('',(#2191),#2178,.T.);
#2191 = FACE_BOUND('',#2192,.F.);
#2192 = EDGE_LOOP('',(#2193));
#2193 = ORIENTED_EDGE('',*,*,#2163,.F.);
#2194 = ADVANCED_FACE('',(#2195),#2003,.T.);
#2195 = FACE_BOUND('',#2196,.T.);
#2196 = EDGE_LOOP('',(#2197,#2220,#2247,#2248));
#2197 = ORIENTED_EDGE('',*,*,#2198,.T.);
#2198 = EDGE_CURVE('',#1987,#2199,#2201,.T.);
#2199 = VERTEX_POINT('',#2200);
#2200 = CARTESIAN_POINT('',(82.,1.6,75.1));
#2201 = SEAM_CURVE('',#2202,(#2206,#2213),.PCURVE_S1.);
#2202 = LINE('',#2203,#2204);
#2203 = CARTESIAN_POINT('',(82.,-0.4,75.1));
#2204 = VECTOR('',#2205,1.);
#2205 = DIRECTION('',(0.,1.,0.));
#2206 = PCURVE('',#2003,#2207);
#2207 = DEFINITIONAL_REPRESENTATION('',(#2208),#2212);
#2208 = LINE('',#2209,#2210);
#2209 = CARTESIAN_POINT('',(6.28318530718,-0.));
#2210 = VECTOR('',#2211,1.);
#2211 = DIRECTION('',(0.,1.));
#2212 = ( GEOMETRIC_REPRESENTATION_CONTEXT(2) 
PARAMETRIC_REPRESENTATION_CONTEXT() REPRESENTATION_CONTEXT('2D SPACE',''
  ) );
#2213 = PCURVE('',#2003,#2214);
#2214 = DEFINITIONAL_REPRESENTATION('',(#2215),#2219);
#2215 = LINE('',#2216,#2217);
#2216 = CARTESIAN_POINT('',(0.,-0.));
#2217 = VECTOR('',#2218,1.);
#2218 = DIRECTION('',(0.,1.));
#2219 = ( GEOMETRIC_REPRESENTATION_CONTEXT(2) 
PARAMETRIC_REPRESENTATION_CONTEXT() REPRESENTATION_CONTEXT('2D SPACE',''
  ) );
#2220 = ORIENTED_EDGE('',*,*,#2221,.F.);
#2221 = EDGE_CURVE('',#2199,#2199,#2222,.T.);
#2222 = SURFACE_CURVE('',#2223,(#2228,#2235),.PCURVE_S1.);
#2223 = CIRCLE('',#2224,3.1);
#2224 = AXIS2_PLACEMENT_3D('',#2225,#2226,#2227);
#2225 = CARTESIAN_POINT('',(82.,1.6,72.));
#2226 = DIRECTION('',(0.,1.,0.));
#2227 = DIRECTION('',(0.,-0.,1.));
#2228 = PCURVE('',#2003,#2229);
#2229 = DEFINITIONAL_REPRESENTATION('',(#2230),#2234);
#2230 = LINE('',#2231,#2232);
#2231 = CARTESIAN_POINT('',(0.,2.));
#2232 = VECTOR('',#2233,1.);
#2233 = DIRECTION('',(1.,0.));
#2234 = ( GEOMETRIC_REPRESENTATION_CONTEXT(2) 
PARAMETRIC_REPRESENTATION_CONTEXT() REPRESENTATION_CONTEXT('2D SPACE',''
  ) );
#2235 = PCURVE('',#2236,#2241);
#2236 = PLANE('',#2237);
#2237 = AXIS2_PLACEMENT_3D('',#2238,#2239,#2240);
#2238 = CARTESIAN_POINT('',(82.,1.6,72.));
#2239 = DIRECTION('',(0.,1.,0.));
#2240 = DIRECTION('',(0.,-0.,1.));
#2241 = DEFINITIONAL_REPRESENTATION('',(#2242),#2246);
#2242 = CIRCLE('',#2243,3.1);
#2243 = AXIS2_PLACEMENT_2D('',#2244,#2245);
#2244 = CARTESIAN_POINT('',(0.,0.));
#2245 = DIRECTION('',(1.,0.));
#2246 = ( GEOMETRIC_REPRESENTATION_CONTEXT(2) 
PARAMETRIC_REPRESENTATION_CONTEXT() REPRESENTATION_CONTEXT('2D SPACE',''
  ) );
#2247 = ORIENTED_EDGE('',*,*,#2198,.F.);
#2248 = ORIENTED_EDGE('',*,*,#1986,.T.);
#2249 = ADVANCED_FACE('',(#2250,#2253),#2236,.T.);
#2250 = FACE_BOUND('',#2251,.T.);
#2251 = EDGE_LOOP('',(#2252));
#2252 = ORIENTED_EDGE('',*,*,#2221,.T.);
#2253 = FACE_BOUND('',#2254,.T.);
#2254 = EDGE_LOOP('',(#2255));
#2255 = ORIENTED_EDGE('',*,*,#2256,.F.);
#2256 = EDGE_CURVE('',#2257,#2257,#2259,.T.);
#2257 = VERTEX_POINT('',#2258);
#2258 = CARTESIAN_POINT('',(82.,1.6,73.));
#2259 = SURFACE_CURVE('',#2260,(#2265,#2272),.PCURVE_S1.);
#2260 = CIRCLE('',#2261,1.);
#2261 = AXIS2_PLACEMENT_3D('',#2262,#2263,#2264);
#2262 = CARTESIAN_POINT('',(82.,1.6,72.));
#2263 = DIRECTION('',(0.,1.,0.));
#2264 = DIRECTION('',(0.,-0.,1.));
#2265 = PCURVE('',#2236,#2266);
#2266 = DEFINITIONAL_REPRESENTATION('',(#2267),#2271);
#2267 = CIRCLE('',#2268,1.);
#2268 = AXIS2_PLACEMENT_2D('',#2269,#2270);
#2269 = CARTESIAN_POINT('',(0.,0.));
#2270 = DIRECTION('',(1.,0.));
#2271 = ( GEOMETRIC_REPRESENTATION_CONTEXT(2) 
PARAMETRIC_REPRESENTATION_CONTEXT() REPRESENTATION_CONTEXT('2D SPACE',''
  ) );
#2272 = PCURVE('',#2273,#2278);
#2273 = CYLINDRICAL_SURFACE('',#2274,1.);
#2274 = AXIS2_PLACEMENT_3D('',#2275,#2276,#2277);
#2275 = CARTESIAN_POINT('',(82.,-2.15,72.));
#2276 = DIRECTION('',(0.,1.,0.));
#2277 = DIRECTION('',(0.,-0.,1.));
#2278 = DEFINITIONAL_REPRESENTATION('',(#2279),#2283);
#2279 = LINE('',#2280,#2281);
#2280 = CARTESIAN_POINT('',(0.,3.75));
#2281 = VECTOR('',#2282,1.);
#2282 = DIRECTION('',(1.,0.));
#2283 = ( GEOMETRIC_REPRESENTATION_CONTEXT(2) 
PARAMETRIC_REPRESENTATION_CONTEXT() REPRESENTATION_CONTEXT('2D SPACE',''
  ) );
#2284 = ADVANCED_FACE('',(#2285),#2273,.F.);
#2285 = FACE_BOUND('',#2286,.F.);
#2286 = EDGE_LOOP('',(#2287,#2288,#2311,#2338));
#2287 = ORIENTED_EDGE('',*,*,#2256,.F.);
#2288 = ORIENTED_EDGE('',*,*,#2289,.F.);
#2289 = EDGE_CURVE('',#2290,#2257,#2292,.T.);
#2290 = VERTEX_POINT('',#2291);
#2291 = CARTESIAN_POINT('',(82.,-2.15,73.));
#2292 = SEAM_CURVE('',#2293,(#2297,#2304),.PCURVE_S1.);
#2293 = LINE('',#2294,#2295);
#2294 = CARTESIAN_POINT('',(82.,-2.15,73.));
#2295 = VECTOR('',#2296,1.);
#2296 = DIRECTION('',(0.,1.,0.));
#2297 = PCURVE('',#2273,#2298);
#2298 = DEFINITIONAL_REPRESENTATION('',(#2299),#2303);
#2299 = LINE('',#2300,#2301);
#2300 = CARTESIAN_POINT('',(6.28318530718,-0.));
#2301 = VECTOR('',#2302,1.);
#2302 = DIRECTION('',(0.,1.));
#2303 = ( GEOMETRIC_REPRESENTATION_CONTEXT(2) 
PARAMETRIC_REPRESENTATION_CONTEXT() REPRESENTATION_CONTEXT('2D SPACE',''
  ) );
#2304 = PCURVE('',#2273,#2305);
#2305 = DEFINITIONAL_REPRESENTATION('',(#2306),#2310);
#2306 = LINE('',#2307,#2308);
#2307 = CARTESIAN_POINT('',(0.,-0.));
#2308 = VECTOR('',#2309,1.);
#2309 = DIRECTION('',(0.,1.));
#2310 = ( GEOMETRIC_REPRESENTATION_CONTEXT(2) 
PARAMETRIC_REPRESENTATION_CONTEXT() REPRESENTATION_CONTEXT('2D SPACE',''
  ) );
#2311 = ORIENTED_EDGE('',*,*,#2312,.T.);
#2312 = EDGE_CURVE('',#2290,#2290,#2313,.T.);
#2313 = SURFACE_CURVE('',#2314,(#2319,#2326),.PCURVE_S1.);
#2314 = CIRCLE('',#2315,1.);
#2315 = AXIS2_PLACEMENT_3D('',#2316,#2317,#2318);
#2316 = CARTESIAN_POINT('',(82.,-2.15,72.));
#2317 = DIRECTION('',(0.,1.,0.));
#2318 = DIRECTION('',(0.,-0.,1.));
#2319 = PCURVE('',#2273,#2320);
#2320 = DEFINITIONAL_REPRESENTATION('',(#2321),#2325);
#2321 = LINE('',#2322,#2323);
#2322 = CARTESIAN_POINT('',(0.,0.));
#2323 = VECTOR('',#2324,1.);
#2324 = DIRECTION('',(1.,0.));
#2325 = ( GEOMETRIC_REPRESENTATION_CONTEXT(2) 
PARAMETRIC_REPRESENTATION_CONTEXT() REPRESENTATION_CONTEXT('2D SPACE',''
  ) );
#2326 = PCURVE('',#2327,#2332);
#2327 = PLANE('',#2328);
#2328 = AXIS2_PLACEMENT_3D('',#2329,#2330,#2331);
#2329 = CARTESIAN_POINT('',(82.,-2.15,72.));
#2330 = DIRECTION('',(0.,1.,0.));
#2331 = DIRECTION('',(0.,-0.,1.));
#2332 = DEFINITIONAL_REPRESENTATION('',(#2333),#2337);
#2333 = CIRCLE('',#2334,1.);
#2334 = AXIS2_PLACEMENT_2D('',#2335,#2336);
#2335 = CARTESIAN_POINT('',(0.,0.));
#2336 = DIRECTION('',(1.,0.));
#2337 = ( GEOMETRIC_REPRESENTATION_CONTEXT(2) 
PARAMETRIC_REPRESENTATION_CONTEXT() REPRESENTATION_CONTEXT('2D SPACE',''
  ) );
#2338 = ORIENTED_EDGE('',*,*,#2289,.T.);
#2339 = ADVANCED_FACE('',(#2340),#2327,.T.);
#2340 = FACE_BOUND('',#2341,.F.);
#2341 = EDGE_LOOP('',(#2342));
#2342 = ORIENTED_EDGE('',*,*,#2312,.F.);
#2343 = ADVANCED_FACE('',(#2344),#1972,.T.);
#2344 = FACE_BOUND('',#2345,.T.);
#2345 = EDGE_LOOP('',(#2346,#2369,#2396,#2397));
#2346 = ORIENTED_EDGE('',*,*,#2347,.T.);
#2347 = EDGE_CURVE('',#1956,#2348,#2350,.T.);
#2348 = VERTEX_POINT('',#2349);
#2349 = CARTESIAN_POINT('',(108.,1.6,21.1));
#2350 = SEAM_CURVE('',#2351,(#2355,#2362),.PCURVE_S1.);
#2351 = LINE('',#2352,#2353);
#2352 = CARTESIAN_POINT('',(108.,-0.4,21.1));
#2353 = VECTOR('',#2354,1.);
#2354 = DIRECTION('',(0.,1.,0.));
#2355 = PCURVE('',#1972,#2356);
#2356 = DEFINITIONAL_REPRESENTATION('',(#2357),#2361);
#2357 = LINE('',#2358,#2359);
#2358 = CARTESIAN_POINT('',(6.28318530718,-0.));
#2359 = VECTOR('',#2360,1.);
#2360 = DIRECTION('',(0.,1.));
#2361 = ( GEOMETRIC_REPRESENTATION_CONTEXT(2) 
PARAMETRIC_REPRESENTATION_CONTEXT() REPRESENTATION_CONTEXT('2D SPACE',''
  ) );
#2362 = PCURVE('',#1972,#2363);
#2363 = DEFINITIONAL_REPRESENTATION('',(#2364),#2368);
#2364 = LINE('',#2365,#2366);
#2365 = CARTESIAN_POINT('',(0.,-0.));
#2366 = VECTOR('',#2367,1.);
#2367 = DIRECTION('',(0.,1.));
#2368 = ( GEOMETRIC_REPRESENTATION_CONTEXT(2) 
PARAMETRIC_REPRESENTATION_CONTEXT() REPRESENTATION_CONTEXT('2D SPACE',''
  ) );
#2369 = ORIENTED_EDGE('',*,*,#2370,.F.);
#2370 = EDGE_CURVE('',#2348,#2348,#2371,.T.);
#2371 = SURFACE_CURVE('',#2372,(#2377,#2384),.PCURVE_S1.);
#2372 = CIRCLE('',#2373,3.1);
#2373 = AXIS2_PLACEMENT_3D('',#2374,#2375,#2376);
#2374 = CARTESIAN_POINT('',(108.,1.6,18.));
#2375 = DIRECTION('',(0.,1.,0.));
#2376 = DIRECTION('',(0.,-0.,1.));
#2377 = PCURVE('',#1972,#2378);
#2378 = DEFINITIONAL_REPRESENTATION('',(#2379),#2383);
#2379 = LINE('',#2380,#2381);
#2380 = CARTESIAN_POINT('',(0.,2.));
#2381 = VECTOR('',#2382,1.);
#2382 = DIRECTION('',(1.,0.));
#2383 = ( GEOMETRIC_REPRESENTATION_CONTEXT(2) 
PARAMETRIC_REPRESENTATION_CONTEXT() REPRESENTATION_CONTEXT('2D SPACE',''
  ) );
#2384 = PCURVE('',#2385,#2390);
#2385 = PLANE('',#2386);
#2386 = AXIS2_PLACEMENT_3D('',#2387,#2388,#2389);
#2387 = CARTESIAN_POINT('',(108.,1.6,18.));
#2388 = DIRECTION('',(0.,1.,0.));
#2389 = DIRECTION('',(0.,-0.,1.));
#2390 = DEFINITIONAL_REPRESENTATION('',(#2391),#2395);
#2391 = CIRCLE('',#2392,3.1);
#2392 = AXIS2_PLACEMENT_2D('',#2393,#2394);
#2393 = CARTESIAN_POINT('',(0.,0.));
#2394 = DIRECTION('',(1.,0.));
#2395 = ( GEOMETRIC_REPRESENTATION_CONTEXT(2) 
PARAMETRIC_REPRESENTATION_CONTEXT() REPRESENTATION_CONTEXT('2D SPACE',''
  ) );
#2396 = ORIENTED_EDGE('',*,*,#2347,.F.);
#2397 = ORIENTED_EDGE('',*,*,#1955,.T.);
#2398 = ADVANCED_FACE('',(#2399,#2402),#2385,.T.);
#2399 = FACE_BOUND('',#2400,.T.);
#2400 = EDGE_LOOP('',(#2401));
#2401 = ORIENTED_EDGE('',*,*,#2370,.T.);
#2402 = FACE_BOUND('',#2403,.T.);
#2403 = EDGE_LOOP('',(#2404));
#2404 = ORIENTED_EDGE('',*,*,#2405,.F.);
#2405 = EDGE_CURVE('',#2406,#2406,#2408,.T.);
#2406 = VERTEX_POINT('',#2407);
#2407 = CARTESIAN_POINT('',(108.,1.6,19.));
#2408 = SURFACE_CURVE('',#2409,(#2414,#2421),.PCURVE_S1.);
#2409 = CIRCLE('',#2410,1.);
#2410 = AXIS2_PLACEMENT_3D('',#2411,#2412,#2413);
#2411 = CARTESIAN_POINT('',(108.,1.6,18.));
#2412 = DIRECTION('',(0.,1.,0.));
#2413 = DIRECTION('',(0.,-0.,1.));
#2414 = PCURVE('',#2385,#2415);
#2415 = DEFINITIONAL_REPRESENTATION('',(#2416),#2420);
#2416 = CIRCLE('',#2417,1.);
#2417 = AXIS2_PLACEMENT_2D('',#2418,#2419);
#2418 = CARTESIAN_POINT('',(0.,0.));
#2419 = DIRECTION('',(1.,0.));
#2420 = ( GEOMETRIC_REPRESENTATION_CONTEXT(2) 
PARAMETRIC_REPRESENTATION_CONTEXT() REPRESENTATION_CONTEXT('2D SPACE',''
  ) );
#2421 = PCURVE('',#2422,#2427);
#2422 = CYLINDRICAL_SURFACE('',#2423,1.);
#2423 = AXIS2_PLACEMENT_3D('',#2424,#2425,#2426);
#2424 = CARTESIAN_POINT('',(108.,-2.15,18.));
#2425 = DIRECTION('',(0.,1.,0.));
#2426 = DIRECTION('',(0.,-0.,1.));
#2427 = DEFINITIONAL_REPRESENTATION('',(#2428),#2432);
#2428 = LINE('',#2429,#2430);
#2429 = CARTESIAN_POINT('',(0.,3.75));
#2430 = VECTOR('',#2431,1.);
#2431 = DIRECTION('',(1.,0.));
#2432 = ( GEOMETRIC_REPRESENTATION_CONTEXT(2) 
PARAMETRIC_REPRESENTATION_CONTEXT() REPRESENTATION_CONTEXT('2D SPACE',''
  ) );
#2433 = ADVANCED_FACE('',(#2434),#2422,.F.);
#2434 = FACE_BOUND('',#2435,.F.);
#2435 = EDGE_LOOP('',(#2436,#2437,#2460,#2487));
#2436 = ORIENTED_EDGE('',*,*,#2405,.F.);
#2437 = ORIENTED_EDGE('',*,*,#2438,.F.);
#2438 = EDGE_CURVE('',#2439,#2406,#2441,.T.);
#2439 = VERTEX_POINT('',#2440);
#2440 = CARTESIAN_POINT('',(108.,-2.15,19.));
#2441 = SEAM_CURVE('',#2442,(#2446,#2453),.PCURVE_S1.);
#2442 = LINE('',#2443,#2444);
#2443 = CARTESIAN_POINT('',(108.,-2.15,19.));
#2444 = VECTOR('',#2445,1.);
#2445 = DIRECTION('',(0.,1.,0.));
#2446 = PCURVE('',#2422,#2447);
#2447 = DEFINITIONAL_REPRESENTATION('',(#2448),#2452);
#2448 = LINE('',#2449,#2450);
#2449 = CARTESIAN_POINT('',(6.28318530718,-0.));
#2450 = VECTOR('',#2451,1.);
#2451 = DIRECTION('',(0.,1.));
#2452 = ( GEOMETRIC_REPRESENTATION_CONTEXT(2) 
PARAMETRIC_REPRESENTATION_CONTEXT() REPRESENTATION_CONTEXT('2D SPACE',''
  ) );
#2453 = PCURVE('',#2422,#2454);
#2454 = DEFINITIONAL_REPRESENTATION('',(#2455),#2459);
#2455 = LINE('',#2456,#2457);
#2456 = CARTESIAN_POINT('',(0.,-0.));
#2457 = VECTOR('',#2458,1.);
#2458 = DIRECTION('',(0.,1.));
#2459 = ( GEOMETRIC_REPRESENTATION_CONTEXT(2) 
PARAMETRIC_REPRESENTATION_CONTEXT() REPRESENTATION_CONTEXT('2D SPACE',''
  ) );
#2460 = ORIENTED_EDGE('',*,*,#2461,.T.);
#2461 = EDGE_CURVE('',#2439,#2439,#2462,.T.);
#2462 = SURFACE_CURVE('',#2463,(#2468,#2475),.PCURVE_S1.);
#2463 = CIRCLE('',#2464,1.);
#2464 = AXIS2_PLACEMENT_3D('',#2465,#2466,#2467);
#2465 = CARTESIAN_POINT('',(108.,-2.15,18.));
#2466 = DIRECTION('',(0.,1.,0.));
#2467 = DIRECTION('',(0.,-0.,1.));
#2468 = PCURVE('',#2422,#2469);
#2469 = DEFINITIONAL_REPRESENTATION('',(#2470),#2474);
#2470 = LINE('',#2471,#2472);
#2471 = CARTESIAN_POINT('',(0.,0.));
#2472 = VECTOR('',#2473,1.);
#2473 = DIRECTION('',(1.,0.));
#2474 = ( GEOMETRIC_REPRESENTATION_CONTEXT(2) 
PARAMETRIC_REPRESENTATION_CONTEXT() REPRESENTATION_CONTEXT('2D SPACE',''
  ) );
#2475 = PCURVE('',#2476,#2481);
#2476 = PLANE('',#2477);
#2477 = AXIS2_PLACEMENT_3D('',#2478,#2479,#2480);
#2478 = CARTESIAN_POINT('',(108.,-2.15,18.));
#2479 = DIRECTION('',(0.,1.,0.));
#2480 = DIRECTION('',(0.,-0.,1.));
#2481 = DEFINITIONAL_REPRESENTATION('',(#2482),#2486);
#2482 = CIRCLE('',#2483,1.);
#2483 = AXIS2_PLACEMENT_2D('',#2484,#2485);
#2484 = CARTESIAN_POINT('',(0.,0.));
#2485 = DIRECTION('',(1.,0.));
#2486 = ( GEOMETRIC_REPRESENTATION_CONTEXT(2) 
PARAMETRIC_REPRESENTATION_CONTEXT() REPRESENTATION_CONTEXT('2D SPACE',''
  ) );
#2487 = ORIENTED_EDGE('',*,*,#2438,.T.);
#2488 = ADVANCED_FACE('',(#2489),#2476,.T.);
#2489 = FACE_BOUND('',#2490,.F.);
#2490 = EDGE_LOOP('',(#2491));
#2491 = ORIENTED_EDGE('',*,*,#2461,.F.);
#2492 = ADVANCED_FACE('',(#2493),#1941,.T.);
#2493 = FACE_BOUND('',#2494,.T.);
#2494 = EDGE_LOOP('',(#2495,#2518,#2545,#2546));
#2495 = ORIENTED_EDGE('',*,*,#2496,.T.);
#2496 = EDGE_CURVE('',#1925,#2497,#2499,.T.);
#2497 = VERTEX_POINT('',#2498);
#2498 = CARTESIAN_POINT('',(82.,1.6,21.1));
#2499 = SEAM_CURVE('',#2500,(#2504,#2511),.PCURVE_S1.);
#2500 = LINE('',#2501,#2502);
#2501 = CARTESIAN_POINT('',(82.,-0.4,21.1));
#2502 = VECTOR('',#2503,1.);
#2503 = DIRECTION('',(0.,1.,0.));
#2504 = PCURVE('',#1941,#2505);
#2505 = DEFINITIONAL_REPRESENTATION('',(#2506),#2510);
#2506 = LINE('',#2507,#2508);
#2507 = CARTESIAN_POINT('',(6.28318530718,-0.));
#2508 = VECTOR('',#2509,1.);
#2509 = DIRECTION('',(0.,1.));
#2510 = ( GEOMETRIC_REPRESENTATION_CONTEXT(2) 
PARAMETRIC_REPRESENTATION_CONTEXT() REPRESENTATION_CONTEXT('2D SPACE',''
  ) );
#2511 = PCURVE('',#1941,#2512);
#2512 = DEFINITIONAL_REPRESENTATION('',(#2513),#2517);
#2513 = LINE('',#2514,#2515);
#2514 = CARTESIAN_POINT('',(0.,-0.));
#2515 = VECTOR('',#2516,1.);
#2516 = DIRECTION('',(0.,1.));
#2517 = ( GEOMETRIC_REPRESENTATION_CONTEXT(2) 
PARAMETRIC_REPRESENTATION_CONTEXT() REPRESENTATION_CONTEXT('2D SPACE',''
  ) );
#2518 = ORIENTED_EDGE('',*,*,#2519,.F.);
#2519 = EDGE_CURVE('',#2497,#2497,#2520,.T.);
#2520 = SURFACE_CURVE('',#2521,(#2526,#2533),.PCURVE_S1.);
#2521 = CIRCLE('',#2522,3.1);
#2522 = AXIS2_PLACEMENT_3D('',#2523,#2524,#2525);
#2523 = CARTESIAN_POINT('',(82.,1.6,18.));
#2524 = DIRECTION('',(0.,1.,0.));
#2525 = DIRECTION('',(0.,-0.,1.));
#2526 = PCURVE('',#1941,#2527);
#2527 = DEFINITIONAL_REPRESENTATION('',(#2528),#2532);
#2528 = LINE('',#2529,#2530);
#2529 = CARTESIAN_POINT('',(0.,2.));
#2530 = VECTOR('',#2531,1.);
#2531 = DIRECTION('',(1.,0.));
#2532 = ( GEOMETRIC_REPRESENTATION_CONTEXT(2) 
PARAMETRIC_REPRESENTATION_CONTEXT() REPRESENTATION_CONTEXT('2D SPACE',''
  ) );
#2533 = PCURVE('',#2534,#2539);
#2534 = PLANE('',#2535);
#2535 = AXIS2_PLACEMENT_3D('',#2536,#2537,#2538);
#2536 = CARTESIAN_POINT('',(82.,1.6,18.));
#2537 = DIRECTION('',(0.,1.,0.));
#2538 = DIRECTION('',(0.,-0.,1.));
#2539 = DEFINITIONAL_REPRESENTATION('',(#2540),#2544);
#2540 = CIRCLE('',#2541,3.1);
#2541 = AXIS2_PLACEMENT_2D('',#2542,#2543);
#2542 = CARTESIAN_POINT('',(0.,0.));
#2543 = DIRECTION('',(1.,0.));
#2544 = ( GEOMETRIC_REPRESENTATION_CONTEXT(2) 
PARAMETRIC_REPRESENTATION_CONTEXT() REPRESENTATION_CONTEXT('2D SPACE',''
  ) );
#2545 = ORIENTED_EDGE('',*,*,#2496,.F.);
#2546 = ORIENTED_EDGE('',*,*,#1924,.T.);
#2547 = ADVANCED_FACE('',(#2548,#2551),#2534,.T.);
#2548 = FACE_BOUND('',#2549,.T.);
#2549 = EDGE_LOOP('',(#2550));
#2550 = ORIENTED_EDGE('',*,*,#2519,.T.);
#2551 = FACE_BOUND('',#2552,.T.);
#2552 = EDGE_LOOP('',(#2553));
#2553 = ORIENTED_EDGE('',*,*,#2554,.F.);
#2554 = EDGE_CURVE('',#2555,#2555,#2557,.T.);
#2555 = VERTEX_POINT('',#2556);
#2556 = CARTESIAN_POINT('',(82.,1.6,19.));
#2557 = SURFACE_CURVE('',#2558,(#2563,#2570),.PCURVE_S1.);
#2558 = CIRCLE('',#2559,1.);
#2559 = AXIS2_PLACEMENT_3D('',#2560,#2561,#2562);
#2560 = CARTESIAN_POINT('',(82.,1.6,18.));
#2561 = DIRECTION('',(0.,1.,0.));
#2562 = DIRECTION('',(0.,-0.,1.));
#2563 = PCURVE('',#2534,#2564);
#2564 = DEFINITIONAL_REPRESENTATION('',(#2565),#2569);
#2565 = CIRCLE('',#2566,1.);
#2566 = AXIS2_PLACEMENT_2D('',#2567,#2568);
#2567 = CARTESIAN_POINT('',(0.,0.));
#2568 = DIRECTION('',(1.,0.));
#2569 = ( GEOMETRIC_REPRESENTATION_CONTEXT(2) 
PARAMETRIC_REPRESENTATION_CONTEXT() REPRESENTATION_CONTEXT('2D SPACE',''
  ) );
#2570 = PCURVE('',#2571,#2576);
#2571 = CYLINDRICAL_SURFACE('',#2572,1.);
#2572 = AXIS2_PLACEMENT_3D('',#2573,#2574,#2575);
#2573 = CARTESIAN_POINT('',(82.,-2.15,18.));
#2574 = DIRECTION('',(0.,1.,0.));
#2575 = DIRECTION('',(0.,-0.,1.));
#2576 = DEFINITIONAL_REPRESENTATION('',(#2577),#2581);
#2577 = LINE('',#2578,#2579);
#2578 = CARTESIAN_POINT('',(0.,3.75));
#2579 = VECTOR('',#2580,1.);
#2580 = DIRECTION('',(1.,0.));
#2581 = ( GEOMETRIC_REPRESENTATION_CONTEXT(2) 
PARAMETRIC_REPRESENTATION_CONTEXT() REPRESENTATION_CONTEXT('2D SPACE',''
  ) );
#2582 = ADVANCED_FACE('',(#2583),#2571,.F.);
#2583 = FACE_BOUND('',#2584,.F.);
#2584 = EDGE_LOOP('',(#2585,#2586,#2609,#2636));
#2585 = ORIENTED_EDGE('',*,*,#2554,.F.);
#2586 = ORIENTED_EDGE('',*,*,#2587,.F.);
#2587 = EDGE_CURVE('',#2588,#2555,#2590,.T.);
#2588 = VERTEX_POINT('',#2589);
#2589 = CARTESIAN_POINT('',(82.,-2.15,19.));
#2590 = SEAM_CURVE('',#2591,(#2595,#2602),.PCURVE_S1.);
#2591 = LINE('',#2592,#2593);
#2592 = CARTESIAN_POINT('',(82.,-2.15,19.));
#2593 = VECTOR('',#2594,1.);
#2594 = DIRECTION('',(0.,1.,0.));
#2595 = PCURVE('',#2571,#2596);
#2596 = DEFINITIONAL_REPRESENTATION('',(#2597),#2601);
#2597 = LINE('',#2598,#2599);
#2598 = CARTESIAN_POINT('',(6.28318530718,-0.));
#2599 = VECTOR('',#2600,1.);
#2600 = DIRECTION('',(0.,1.));
#2601 = ( GEOMETRIC_REPRESENTATION_CONTEXT(2) 
PARAMETRIC_REPRESENTATION_CONTEXT() REPRESENTATION_CONTEXT('2D SPACE',''
  ) );
#2602 = PCURVE('',#2571,#2603);
#2603 = DEFINITIONAL_REPRESENTATION('',(#2604),#2608);
#2604 = LINE('',#2605,#2606);
#2605 = CARTESIAN_POINT('',(0.,-0.));
#2606 = VECTOR('',#2607,1.);
#2607 = DIRECTION('',(0.,1.));
#2608 = ( GEOMETRIC_REPRESENTATION_CONTEXT(2) 
PARAMETRIC_REPRESENTATION_CONTEXT() REPRESENTATION_CONTEXT('2D SPACE',''
  ) );
#2609 = ORIENTED_EDGE('',*,*,#2610,.T.);
#2610 = EDGE_CURVE('',#2588,#2588,#2611,.T.);
#2611 = SURFACE_CURVE('',#2612,(#2617,#2624),.PCURVE_S1.);
#2612 = CIRCLE('',#2613,1.);
#2613 = AXIS2_PLACEMENT_3D('',#2614,#2615,#2616);
#2614 = CARTESIAN_POINT('',(82.,-2.15,18.));
#2615 = DIRECTION('',(0.,1.,0.));
#2616 = DIRECTION('',(0.,-0.,1.));
#2617 = PCURVE('',#2571,#2618);
#2618 = DEFINITIONAL_REPRESENTATION('',(#2619),#2623);
#2619 = LINE('',#2620,#2621);
#2620 = CARTESIAN_POINT('',(0.,0.));
#2621 = VECTOR('',#2622,1.);
#2622 = DIRECTION('',(1.,0.));
#2623 = ( GEOMETRIC_REPRESENTATION_CONTEXT(2) 
PARAMETRIC_REPRESENTATION_CONTEXT() REPRESENTATION_CONTEXT('2D SPACE',''
  ) );
#2624 = PCURVE('',#2625,#2630);
#2625 = PLANE('',#2626);
#2626 = AXIS2_PLACEMENT_3D('',#2627,#2628,#2629);
#2627 = CARTESIAN_POINT('',(82.,-2.15,18.));
#2628 = DIRECTION('',(0.,1.,0.));
#2629 = DIRECTION('',(0.,-0.,1.));
#2630 = DEFINITIONAL_REPRESENTATION('',(#2631),#2635);
#2631 = CIRCLE('',#2632,1.);
#2632 = AXIS2_PLACEMENT_2D('',#2633,#2634);
#2633 = CARTESIAN_POINT('',(0.,0.));
#2634 = DIRECTION('',(1.,0.));
#2635 = ( GEOMETRIC_REPRESENTATION_CONTEXT(2) 
PARAMETRIC_REPRESENTATION_CONTEXT() REPRESENTATION_CONTEXT('2D SPACE',''
  ) );
#2636 = ORIENTED_EDGE('',*,*,#2587,.T.);
#2637 = ADVANCED_FACE('',(#2638),#2625,.T.);
#2638 = FACE_BOUND('',#2639,.F.);
#2639 = EDGE_LOOP('',(#2640));
#2640 = ORIENTED_EDGE('',*,*,#2610,.F.);
#2641 = ADVANCED_FACE('',(#2642),#1910,.T.);
#2642 = FACE_BOUND('',#2643,.T.);
#2643 = EDGE_LOOP('',(#2644,#2667,#2694,#2695));
#2644 = ORIENTED_EDGE('',*,*,#2645,.T.);
#2645 = EDGE_CURVE('',#1894,#2646,#2648,.T.);
#2646 = VERTEX_POINT('',#2647);
#2647 = CARTESIAN_POINT('',(66.,5.7,80.2));
#2648 = SEAM_CURVE('',#2649,(#2653,#2660),.PCURVE_S1.);
#2649 = LINE('',#2650,#2651);
#2650 = CARTESIAN_POINT('',(66.,-0.4,80.2));
#2651 = VECTOR('',#2652,1.);
#2652 = DIRECTION('',(0.,1.,0.));
#2653 = PCURVE('',#1910,#2654);
#2654 = DEFINITIONAL_REPRESENTATION('',(#2655),#2659);
#2655 = LINE('',#2656,#2657);
#2656 = CARTESIAN_POINT('',(6.28318530718,-0.));
#2657 = VECTOR('',#2658,1.);
#2658 = DIRECTION('',(0.,1.));
#2659 = ( GEOMETRIC_REPRESENTATION_CONTEXT(2) 
PARAMETRIC_REPRESENTATION_CONTEXT() REPRESENTATION_CONTEXT('2D SPACE',''
  ) );
#2660 = PCURVE('',#1910,#2661);
#2661 = DEFINITIONAL_REPRESENTATION('',(#2662),#2666);
#2662 = LINE('',#2663,#2664);
#2663 = CARTESIAN_POINT('',(0.,-0.));
#2664 = VECTOR('',#2665,1.);
#2665 = DIRECTION('',(0.,1.));
#2666 = ( GEOMETRIC_REPRESENTATION_CONTEXT(2) 
PARAMETRIC_REPRESENTATION_CONTEXT() REPRESENTATION_CONTEXT('2D SPACE',''
  ) );
#2667 = ORIENTED_EDGE('',*,*,#2668,.F.);
#2668 = EDGE_CURVE('',#2646,#2646,#2669,.T.);
#2669 = SURFACE_CURVE('',#2670,(#2675,#2682),.PCURVE_S1.);
#2670 = CIRCLE('',#2671,4.2);
#2671 = AXIS2_PLACEMENT_3D('',#2672,#2673,#2674);
#2672 = CARTESIAN_POINT('',(66.,5.7,76.));
#2673 = DIRECTION('',(0.,1.,0.));
#2674 = DIRECTION('',(0.,-0.,1.));
#2675 = PCURVE('',#1910,#2676);
#2676 = DEFINITIONAL_REPRESENTATION('',(#2677),#2681);
#2677 = LINE('',#2678,#2679);
#2678 = CARTESIAN_POINT('',(0.,6.1));
#2679 = VECTOR('',#2680,1.);
#2680 = DIRECTION('',(1.,0.));
#2681 = ( GEOMETRIC_REPRESENTATION_CONTEXT(2) 
PARAMETRIC_REPRESENTATION_CONTEXT() REPRESENTATION_CONTEXT('2D SPACE',''
  ) );
#2682 = PCURVE('',#2683,#2688);
#2683 = PLANE('',#2684);
#2684 = AXIS2_PLACEMENT_3D('',#2685,#2686,#2687);
#2685 = CARTESIAN_POINT('',(66.,5.7,76.));
#2686 = DIRECTION('',(0.,1.,0.));
#2687 = DIRECTION('',(0.,-0.,1.));
#2688 = DEFINITIONAL_REPRESENTATION('',(#2689),#2693);
#2689 = CIRCLE('',#2690,4.2);
#2690 = AXIS2_PLACEMENT_2D('',#2691,#2692);
#2691 = CARTESIAN_POINT('',(0.,0.));
#2692 = DIRECTION('',(1.,0.));
#2693 = ( GEOMETRIC_REPRESENTATION_CONTEXT(2) 
PARAMETRIC_REPRESENTATION_CONTEXT() REPRESENTATION_CONTEXT('2D SPACE',''
  ) );
#2694 = ORIENTED_EDGE('',*,*,#2645,.F.);
#2695 = ORIENTED_EDGE('',*,*,#1893,.T.);
#2696 = ADVANCED_FACE('',(#2697,#2700),#2683,.T.);
#2697 = FACE_BOUND('',#2698,.T.);
#2698 = EDGE_LOOP('',(#2699));
#2699 = ORIENTED_EDGE('',*,*,#2668,.T.);
#2700 = FACE_BOUND('',#2701,.T.);
#2701 = EDGE_LOOP('',(#2702));
#2702 = ORIENTED_EDGE('',*,*,#2703,.F.);
#2703 = EDGE_CURVE('',#2704,#2704,#2706,.T.);
#2704 = VERTEX_POINT('',#2705);
#2705 = CARTESIAN_POINT('',(66.,5.7,78.1));
#2706 = SURFACE_CURVE('',#2707,(#2712,#2719),.PCURVE_S1.);
#2707 = CIRCLE('',#2708,2.1);
#2708 = AXIS2_PLACEMENT_3D('',#2709,#2710,#2711);
#2709 = CARTESIAN_POINT('',(66.,5.7,76.));
#2710 = DIRECTION('',(0.,1.,0.));
#2711 = DIRECTION('',(0.,-0.,1.));
#2712 = PCURVE('',#2683,#2713);
#2713 = DEFINITIONAL_REPRESENTATION('',(#2714),#2718);
#2714 = CIRCLE('',#2715,2.1);
#2715 = AXIS2_PLACEMENT_2D('',#2716,#2717);
#2716 = CARTESIAN_POINT('',(0.,0.));
#2717 = DIRECTION('',(1.,0.));
#2718 = ( GEOMETRIC_REPRESENTATION_CONTEXT(2) 
PARAMETRIC_REPRESENTATION_CONTEXT() REPRESENTATION_CONTEXT('2D SPACE',''
  ) );
#2719 = PCURVE('',#2720,#2725);
#2720 = CYLINDRICAL_SURFACE('',#2721,2.1);
#2721 = AXIS2_PLACEMENT_3D('',#2722,#2723,#2724);
#2722 = CARTESIAN_POINT('',(66.,0.4,76.));
#2723 = DIRECTION('',(0.,1.,0.));
#2724 = DIRECTION('',(0.,-0.,1.));
#2725 = DEFINITIONAL_REPRESENTATION('',(#2726),#2730);
#2726 = LINE('',#2727,#2728);
#2727 = CARTESIAN_POINT('',(0.,5.3));
#2728 = VECTOR('',#2729,1.);
#2729 = DIRECTION('',(1.,0.));
#2730 = ( GEOMETRIC_REPRESENTATION_CONTEXT(2) 
PARAMETRIC_REPRESENTATION_CONTEXT() REPRESENTATION_CONTEXT('2D SPACE',''
  ) );
#2731 = ADVANCED_FACE('',(#2732),#2720,.F.);
#2732 = FACE_BOUND('',#2733,.F.);
#2733 = EDGE_LOOP('',(#2734,#2735,#2758,#2785));
#2734 = ORIENTED_EDGE('',*,*,#2703,.F.);
#2735 = ORIENTED_EDGE('',*,*,#2736,.F.);
#2736 = EDGE_CURVE('',#2737,#2704,#2739,.T.);
#2737 = VERTEX_POINT('',#2738);
#2738 = CARTESIAN_POINT('',(66.,0.4,78.1));
#2739 = SEAM_CURVE('',#2740,(#2744,#2751),.PCURVE_S1.);
#2740 = LINE('',#2741,#2742);
#2741 = CARTESIAN_POINT('',(66.,0.4,78.1));
#2742 = VECTOR('',#2743,1.);
#2743 = DIRECTION('',(0.,1.,0.));
#2744 = PCURVE('',#2720,#2745);
#2745 = DEFINITIONAL_REPRESENTATION('',(#2746),#2750);
#2746 = LINE('',#2747,#2748);
#2747 = CARTESIAN_POINT('',(6.28318530718,-0.));
#2748 = VECTOR('',#2749,1.);
#2749 = DIRECTION('',(0.,1.));
#2750 = ( GEOMETRIC_REPRESENTATION_CONTEXT(2) 
PARAMETRIC_REPRESENTATION_CONTEXT() REPRESENTATION_CONTEXT('2D SPACE',''
  ) );
#2751 = PCURVE('',#2720,#2752);
#2752 = DEFINITIONAL_REPRESENTATION('',(#2753),#2757);
#2753 = LINE('',#2754,#2755);
#2754 = CARTESIAN_POINT('',(0.,-0.));
#2755 = VECTOR('',#2756,1.);
#2756 = DIRECTION('',(0.,1.));
#2757 = ( GEOMETRIC_REPRESENTATION_CONTEXT(2) 
PARAMETRIC_REPRESENTATION_CONTEXT() REPRESENTATION_CONTEXT('2D SPACE',''
  ) );
#2758 = ORIENTED_EDGE('',*,*,#2759,.T.);
#2759 = EDGE_CURVE('',#2737,#2737,#2760,.T.);
#2760 = SURFACE_CURVE('',#2761,(#2766,#2773),.PCURVE_S1.);
#2761 = CIRCLE('',#2762,2.1);
#2762 = AXIS2_PLACEMENT_3D('',#2763,#2764,#2765);
#2763 = CARTESIAN_POINT('',(66.,0.4,76.));
#2764 = DIRECTION('',(0.,1.,0.));
#2765 = DIRECTION('',(0.,-0.,1.));
#2766 = PCURVE('',#2720,#2767);
#2767 = DEFINITIONAL_REPRESENTATION('',(#2768),#2772);
#2768 = LINE('',#2769,#2770);
#2769 = CARTESIAN_POINT('',(0.,0.));
#2770 = VECTOR('',#2771,1.);
#2771 = DIRECTION('',(1.,0.));
#2772 = ( GEOMETRIC_REPRESENTATION_CONTEXT(2) 
PARAMETRIC_REPRESENTATION_CONTEXT() REPRESENTATION_CONTEXT('2D SPACE',''
  ) );
#2773 = PCURVE('',#2774,#2779);
#2774 = PLANE('',#2775);
#2775 = AXIS2_PLACEMENT_3D('',#2776,#2777,#2778);
#2776 = CARTESIAN_POINT('',(66.,0.4,76.));
#2777 = DIRECTION('',(0.,1.,0.));
#2778 = DIRECTION('',(0.,-0.,1.));
#2779 = DEFINITIONAL_REPRESENTATION('',(#2780),#2784);
#2780 = CIRCLE('',#2781,2.1);
#2781 = AXIS2_PLACEMENT_2D('',#2782,#2783);
#2782 = CARTESIAN_POINT('',(0.,0.));
#2783 = DIRECTION('',(1.,0.));
#2784 = ( GEOMETRIC_REPRESENTATION_CONTEXT(2) 
PARAMETRIC_REPRESENTATION_CONTEXT() REPRESENTATION_CONTEXT('2D SPACE',''
  ) );
#2785 = ORIENTED_EDGE('',*,*,#2736,.T.);
#2786 = ADVANCED_FACE('',(#2787),#2774,.T.);
#2787 = FACE_BOUND('',#2788,.F.);
#2788 = EDGE_LOOP('',(#2789));
#2789 = ORIENTED_EDGE('',*,*,#2759,.F.);
#2790 = ADVANCED_FACE('',(#2791),#1879,.T.);
#2791 = FACE_BOUND('',#2792,.T.);
#2792 = EDGE_LOOP('',(#2793,#2816,#2843,#2844));
#2793 = ORIENTED_EDGE('',*,*,#2794,.T.);
#2794 = EDGE_CURVE('',#1863,#2795,#2797,.T.);
#2795 = VERTEX_POINT('',#2796);
#2796 = CARTESIAN_POINT('',(66.,5.7,18.2));
#2797 = SEAM_CURVE('',#2798,(#2802,#2809),.PCURVE_S1.);
#2798 = LINE('',#2799,#2800);
#2799 = CARTESIAN_POINT('',(66.,-0.4,18.2));
#2800 = VECTOR('',#2801,1.);
#2801 = DIRECTION('',(0.,1.,0.));
#2802 = PCURVE('',#1879,#2803);
#2803 = DEFINITIONAL_REPRESENTATION('',(#2804),#2808);
#2804 = LINE('',#2805,#2806);
#2805 = CARTESIAN_POINT('',(6.28318530718,-0.));
#2806 = VECTOR('',#2807,1.);
#2807 = DIRECTION('',(0.,1.));
#2808 = ( GEOMETRIC_REPRESENTATION_CONTEXT(2) 
PARAMETRIC_REPRESENTATION_CONTEXT() REPRESENTATION_CONTEXT('2D SPACE',''
  ) );
#2809 = PCURVE('',#1879,#2810);
#2810 = DEFINITIONAL_REPRESENTATION('',(#2811),#2815);
#2811 = LINE('',#2812,#2813);
#2812 = CARTESIAN_POINT('',(0.,-0.));
#2813 = VECTOR('',#2814,1.);
#2814 = DIRECTION('',(0.,1.));
#2815 = ( GEOMETRIC_REPRESENTATION_CONTEXT(2) 
PARAMETRIC_REPRESENTATION_CONTEXT() REPRESENTATION_CONTEXT('2D SPACE',''
  ) );
#2816 = ORIENTED_EDGE('',*,*,#2817,.F.);
#2817 = EDGE_CURVE('',#2795,#2795,#2818,.T.);
#2818 = SURFACE_CURVE('',#2819,(#2824,#2831),.PCURVE_S1.);
#2819 = CIRCLE('',#2820,4.2);
#2820 = AXIS2_PLACEMENT_3D('',#2821,#2822,#2823);
#2821 = CARTESIAN_POINT('',(66.,5.7,14.));
#2822 = DIRECTION('',(0.,1.,0.));
#2823 = DIRECTION('',(0.,-0.,1.));
#2824 = PCURVE('',#1879,#2825);
#2825 = DEFINITIONAL_REPRESENTATION('',(#2826),#2830);
#2826 = LINE('',#2827,#2828);
#2827 = CARTESIAN_POINT('',(0.,6.1));
#2828 = VECTOR('',#2829,1.);
#2829 = DIRECTION('',(1.,0.));
#2830 = ( GEOMETRIC_REPRESENTATION_CONTEXT(2) 
PARAMETRIC_REPRESENTATION_CONTEXT() REPRESENTATION_CONTEXT('2D SPACE',''
  ) );
#2831 = PCURVE('',#2832,#2837);
#2832 = PLANE('',#2833);
#2833 = AXIS2_PLACEMENT_3D('',#2834,#2835,#2836);
#2834 = CARTESIAN_POINT('',(66.,5.7,14.));
#2835 = DIRECTION('',(0.,1.,0.));
#2836 = DIRECTION('',(0.,-0.,1.));
#2837 = DEFINITIONAL_REPRESENTATION('',(#2838),#2842);
#2838 = CIRCLE('',#2839,4.2);
#2839 = AXIS2_PLACEMENT_2D('',#2840,#2841);
#2840 = CARTESIAN_POINT('',(0.,0.));
#2841 = DIRECTION('',(1.,0.));
#2842 = ( GEOMETRIC_REPRESENTATION_CONTEXT(2) 
PARAMETRIC_REPRESENTATION_CONTEXT() REPRESENTATION_CONTEXT('2D SPACE',''
  ) );
#2843 = ORIENTED_EDGE('',*,*,#2794,.F.);
#2844 = ORIENTED_EDGE('',*,*,#1862,.T.);
#2845 = ADVANCED_FACE('',(#2846,#2849),#2832,.T.);
#2846 = FACE_BOUND('',#2847,.T.);
#2847 = EDGE_LOOP('',(#2848));
#2848 = ORIENTED_EDGE('',*,*,#2817,.T.);
#2849 = FACE_BOUND('',#2850,.T.);
#2850 = EDGE_LOOP('',(#2851));
#2851 = ORIENTED_EDGE('',*,*,#2852,.F.);
#2852 = EDGE_CURVE('',#2853,#2853,#2855,.T.);
#2853 = VERTEX_POINT('',#2854);
#2854 = CARTESIAN_POINT('',(66.,5.7,16.1));
#2855 = SURFACE_CURVE('',#2856,(#2861,#2868),.PCURVE_S1.);
#2856 = CIRCLE('',#2857,2.1);
#2857 = AXIS2_PLACEMENT_3D('',#2858,#2859,#2860);
#2858 = CARTESIAN_POINT('',(66.,5.7,14.));
#2859 = DIRECTION('',(0.,1.,0.));
#2860 = DIRECTION('',(0.,-0.,1.));
#2861 = PCURVE('',#2832,#2862);
#2862 = DEFINITIONAL_REPRESENTATION('',(#2863),#2867);
#2863 = CIRCLE('',#2864,2.1);
#2864 = AXIS2_PLACEMENT_2D('',#2865,#2866);
#2865 = CARTESIAN_POINT('',(0.,0.));
#2866 = DIRECTION('',(1.,0.));
#2867 = ( GEOMETRIC_REPRESENTATION_CONTEXT(2) 
PARAMETRIC_REPRESENTATION_CONTEXT() REPRESENTATION_CONTEXT('2D SPACE',''
  ) );
#2868 = PCURVE('',#2869,#2874);
#2869 = CYLINDRICAL_SURFACE('',#2870,2.1);
#2870 = AXIS2_PLACEMENT_3D('',#2871,#2872,#2873);
#2871 = CARTESIAN_POINT('',(66.,0.4,14.));
#2872 = DIRECTION('',(0.,1.,0.));
#2873 = DIRECTION('',(0.,-0.,1.));
#2874 = DEFINITIONAL_REPRESENTATION('',(#2875),#2879);
#2875 = LINE('',#2876,#2877);
#2876 = CARTESIAN_POINT('',(0.,5.3));
#2877 = VECTOR('',#2878,1.);
#2878 = DIRECTION('',(1.,0.));
#2879 = ( GEOMETRIC_REPRESENTATION_CONTEXT(2) 
PARAMETRIC_REPRESENTATION_CONTEXT() REPRESENTATION_CONTEXT('2D SPACE',''
  ) );
#2880 = ADVANCED_FACE('',(#2881),#2869,.F.);
#2881 = FACE_BOUND('',#2882,.F.);
#2882 = EDGE_LOOP('',(#2883,#2884,#2907,#2934));
#2883 = ORIENTED_EDGE('',*,*,#2852,.F.);
#2884 = ORIENTED_EDGE('',*,*,#2885,.F.);
#2885 = EDGE_CURVE('',#2886,#2853,#2888,.T.);
#2886 = VERTEX_POINT('',#2887);
#2887 = CARTESIAN_POINT('',(66.,0.4,16.1));
#2888 = SEAM_CURVE('',#2889,(#2893,#2900),.PCURVE_S1.);
#2889 = LINE('',#2890,#2891);
#2890 = CARTESIAN_POINT('',(66.,0.4,16.1));
#2891 = VECTOR('',#2892,1.);
#2892 = DIRECTION('',(0.,1.,0.));
#2893 = PCURVE('',#2869,#2894);
#2894 = DEFINITIONAL_REPRESENTATION('',(#2895),#2899);
#2895 = LINE('',#2896,#2897);
#2896 = CARTESIAN_POINT('',(6.28318530718,-0.));
#2897 = VECTOR('',#2898,1.);
#2898 = DIRECTION('',(0.,1.));
#2899 = ( GEOMETRIC_REPRESENTATION_CONTEXT(2) 
PARAMETRIC_REPRESENTATION_CONTEXT() REPRESENTATION_CONTEXT('2D SPACE',''
  ) );
#2900 = PCURVE('',#2869,#2901);
#2901 = DEFINITIONAL_REPRESENTATION('',(#2902),#2906);
#2902 = LINE('',#2903,#2904);
#2903 = CARTESIAN_POINT('',(0.,-0.));
#2904 = VECTOR('',#2905,1.);
#2905 = DIRECTION('',(0.,1.));
#2906 = ( GEOMETRIC_REPRESENTATION_CONTEXT(2) 
PARAMETRIC_REPRESENTATION_CONTEXT() REPRESENTATION_CONTEXT('2D SPACE',''
  ) );
#2907 = ORIENTED_EDGE('',*,*,#2908,.T.);
#2908 = EDGE_CURVE('',#2886,#2886,#2909,.T.);
#2909 = SURFACE_CURVE('',#2910,(#2915,#2922),.PCURVE_S1.);
#2910 = CIRCLE('',#2911,2.1);
#2911 = AXIS2_PLACEMENT_3D('',#2912,#2913,#2914);
#2912 = CARTESIAN_POINT('',(66.,0.4,14.));
#2913 = DIRECTION('',(0.,1.,0.));
#2914 = DIRECTION('',(0.,-0.,1.));
#2915 = PCURVE('',#2869,#2916);
#2916 = DEFINITIONAL_REPRESENTATION('',(#2917),#2921);
#2917 = LINE('',#2918,#2919);
#2918 = CARTESIAN_POINT('',(0.,0.));
#2919 = VECTOR('',#2920,1.);
#2920 = DIRECTION('',(1.,0.));
#2921 = ( GEOMETRIC_REPRESENTATION_CONTEXT(2) 
PARAMETRIC_REPRESENTATION_CONTEXT() REPRESENTATION_CONTEXT('2D SPACE',''
  ) );
#2922 = PCURVE('',#2923,#2928);
#2923 = PLANE('',#2924);
#2924 = AXIS2_PLACEMENT_3D('',#2925,#2926,#2927);
#2925 = CARTESIAN_POINT('',(66.,0.4,14.));
#2926 = DIRECTION('',(0.,1.,0.));
#2927 = DIRECTION('',(0.,-0.,1.));
#2928 = DEFINITIONAL_REPRESENTATION('',(#2929),#2933);
#2929 = CIRCLE('',#2930,2.1);
#2930 = AXIS2_PLACEMENT_2D('',#2931,#2932);
#2931 = CARTESIAN_POINT('',(0.,0.));
#2932 = DIRECTION('',(1.,0.));
#2933 = ( GEOMETRIC_REPRESENTATION_CONTEXT(2) 
PARAMETRIC_REPRESENTATION_CONTEXT() REPRESENTATION_CONTEXT('2D SPACE',''
  ) );
#2934 = ORIENTED_EDGE('',*,*,#2885,.T.);
#2935 = ADVANCED_FACE('',(#2936),#2923,.T.);
#2936 = FACE_BOUND('',#2937,.F.);
#2937 = EDGE_LOOP('',(#2938));
#2938 = ORIENTED_EDGE('',*,*,#2908,.F.);
#2939 = ADVANCED_FACE('',(#2940),#1771,.F.);
#2940 = FACE_BOUND('',#2941,.F.);
#2941 = EDGE_LOOP('',(#2942,#2965,#2988,#3009));
#2942 = ORIENTED_EDGE('',*,*,#2943,.F.);
#2943 = EDGE_CURVE('',#2944,#1757,#2946,.T.);
#2944 = VERTEX_POINT('',#2945);
#2945 = CARTESIAN_POINT('',(3.2,-0.5,84.));
#2946 = SURFACE_CURVE('',#2947,(#2951,#2958),.PCURVE_S1.);
#2947 = LINE('',#2948,#2949);
#2948 = CARTESIAN_POINT('',(3.2,-0.5,84.));
#2949 = VECTOR('',#2950,1.);
#2950 = DIRECTION('',(-0.,1.,0.));
#2951 = PCURVE('',#1771,#2952);
#2952 = DEFINITIONAL_REPRESENTATION('',(#2953),#2957);
#2953 = LINE('',#2954,#2955);
#2954 = CARTESIAN_POINT('',(78.,0.));
#2955 = VECTOR('',#2956,1.);
#2956 = DIRECTION('',(0.,-1.));
#2957 = ( GEOMETRIC_REPRESENTATION_CONTEXT(2) 
PARAMETRIC_REPRESENTATION_CONTEXT() REPRESENTATION_CONTEXT('2D SPACE',''
  ) );
#2958 = PCURVE('',#510,#2959);
#2959 = DEFINITIONAL_REPRESENTATION('',(#2960),#2964);
#2960 = LINE('',#2961,#2962);
#2961 = CARTESIAN_POINT('',(3.6,0.));
#2962 = VECTOR('',#2963,1.);
#2963 = DIRECTION('',(0.,1.));
#2964 = ( GEOMETRIC_REPRESENTATION_CONTEXT(2) 
PARAMETRIC_REPRESENTATION_CONTEXT() REPRESENTATION_CONTEXT('2D SPACE',''
  ) );
#2965 = ORIENTED_EDGE('',*,*,#2966,.F.);
#2966 = EDGE_CURVE('',#2967,#2944,#2969,.T.);
#2967 = VERTEX_POINT('',#2968);
#2968 = CARTESIAN_POINT('',(3.2,-0.5,6.));
#2969 = SURFACE_CURVE('',#2970,(#2974,#2981),.PCURVE_S1.);
#2970 = LINE('',#2971,#2972);
#2971 = CARTESIAN_POINT('',(3.2,-0.5,6.));
#2972 = VECTOR('',#2973,1.);
#2973 = DIRECTION('',(0.,0.,1.));
#2974 = PCURVE('',#1771,#2975);
#2975 = DEFINITIONAL_REPRESENTATION('',(#2976),#2980);
#2976 = LINE('',#2977,#2978);
#2977 = CARTESIAN_POINT('',(0.,0.));
#2978 = VECTOR('',#2979,1.);
#2979 = DIRECTION('',(1.,0.));
#2980 = ( GEOMETRIC_REPRESENTATION_CONTEXT(2) 
PARAMETRIC_REPRESENTATION_CONTEXT() REPRESENTATION_CONTEXT('2D SPACE',''
  ) );
#2981 = PCURVE('',#484,#2982);
#2982 = DEFINITIONAL_REPRESENTATION('',(#2983),#2987);
#2983 = LINE('',#2984,#2985);
#2984 = CARTESIAN_POINT('',(0.,3.6));
#2985 = VECTOR('',#2986,1.);
#2986 = DIRECTION('',(1.,0.));
#2987 = ( GEOMETRIC_REPRESENTATION_CONTEXT(2) 
PARAMETRIC_REPRESENTATION_CONTEXT() REPRESENTATION_CONTEXT('2D SPACE',''
  ) );
#2988 = ORIENTED_EDGE('',*,*,#2989,.T.);
#2989 = EDGE_CURVE('',#2967,#1736,#2990,.T.);
#2990 = SURFACE_CURVE('',#2991,(#2995,#3002),.PCURVE_S1.);
#2991 = LINE('',#2992,#2993);
#2992 = CARTESIAN_POINT('',(3.2,-0.5,6.));
#2993 = VECTOR('',#2994,1.);
#2994 = DIRECTION('',(-0.,1.,0.));
#2995 = PCURVE('',#1771,#2996);
#2996 = DEFINITIONAL_REPRESENTATION('',(#2997),#3001);
#2997 = LINE('',#2998,#2999);
#2998 = CARTESIAN_POINT('',(0.,0.));
#2999 = VECTOR('',#3000,1.);
#3000 = DIRECTION('',(0.,-1.));
#3001 = ( GEOMETRIC_REPRESENTATION_CONTEXT(2) 
PARAMETRIC_REPRESENTATION_CONTEXT() REPRESENTATION_CONTEXT('2D SPACE',''
  ) );
#3002 = PCURVE('',#458,#3003);
#3003 = DEFINITIONAL_REPRESENTATION('',(#3004),#3008);
#3004 = LINE('',#3005,#3006);
#3005 = CARTESIAN_POINT('',(3.6,0.));
#3006 = VECTOR('',#3007,1.);
#3007 = DIRECTION('',(0.,1.));
#3008 = ( GEOMETRIC_REPRESENTATION_CONTEXT(2) 
PARAMETRIC_REPRESENTATION_CONTEXT() REPRESENTATION_CONTEXT('2D SPACE',''
  ) );
#3009 = ORIENTED_EDGE('',*,*,#1756,.F.);
#3010 = ADVANCED_FACE('',(#3011),#1723,.T.);
#3011 = FACE_BOUND('',#3012,.T.);
#3012 = EDGE_LOOP('',(#3013,#3014,#3037,#3058,#3079,#3100,#3123,#3151));
#3013 = ORIENTED_EDGE('',*,*,#1707,.F.);
#3014 = ORIENTED_EDGE('',*,*,#3015,.T.);
#3015 = EDGE_CURVE('',#1680,#3016,#3018,.T.);
#3016 = VERTEX_POINT('',#3017);
#3017 = CARTESIAN_POINT('',(2.4,9.75,2.4));
#3018 = SURFACE_CURVE('',#3019,(#3023,#3030),.PCURVE_S1.);
#3019 = LINE('',#3020,#3021);
#3020 = CARTESIAN_POINT('',(2.4,-0.3,2.4));
#3021 = VECTOR('',#3022,1.);
#3022 = DIRECTION('',(-0.,1.,0.));
#3023 = PCURVE('',#1723,#3024);
#3024 = DEFINITIONAL_REPRESENTATION('',(#3025),#3029);
#3025 = LINE('',#3026,#3027);
#3026 = CARTESIAN_POINT('',(0.,0.));
#3027 = VECTOR('',#3028,1.);
#3028 = DIRECTION('',(0.,-1.));
#3029 = ( GEOMETRIC_REPRESENTATION_CONTEXT(2) 
PARAMETRIC_REPRESENTATION_CONTEXT() REPRESENTATION_CONTEXT('2D SPACE',''
  ) );
#3030 = PCURVE('',#1695,#3031);
#3031 = DEFINITIONAL_REPRESENTATION('',(#3032),#3036);
#3032 = LINE('',#3033,#3034);
#3033 = CARTESIAN_POINT('',(0.,0.));
#3034 = VECTOR('',#3035,1.);
#3035 = DIRECTION('',(0.,1.));
#3036 = ( GEOMETRIC_REPRESENTATION_CONTEXT(2) 
PARAMETRIC_REPRESENTATION_CONTEXT() REPRESENTATION_CONTEXT('2D SPACE',''
  ) );
#3037 = ORIENTED_EDGE('',*,*,#3038,.T.);
#3038 = EDGE_CURVE('',#3016,#3039,#3041,.T.);
#3039 = VERTEX_POINT('',#3040);
#3040 = CARTESIAN_POINT('',(2.4,9.75,4.75));
#3041 = SURFACE_CURVE('',#3042,(#3046,#3052),.PCURVE_S1.);
#3042 = LINE('',#3043,#3044);
#3043 = CARTESIAN_POINT('',(2.4,9.75,1.075));
#3044 = VECTOR('',#3045,1.);
#3045 = DIRECTION('',(0.,0.,1.));
#3046 = PCURVE('',#1723,#3047);
#3047 = DEFINITIONAL_REPRESENTATION('',(#3048),#3051);
#3048 = B_SPLINE_CURVE_WITH_KNOTS('',1,(#3049,#3050),.UNSPECIFIED.,.F.,
  .F.,(2,2),(1.325,3.675),.PIECEWISE_BEZIER_KNOTS.);
#3049 = CARTESIAN_POINT('',(0.,-10.05));
#3050 = CARTESIAN_POINT('',(2.35,-10.05));
#3051 = ( GEOMETRIC_REPRESENTATION_CONTEXT(2) 
PARAMETRIC_REPRESENTATION_CONTEXT() REPRESENTATION_CONTEXT('2D SPACE',''
  ) );
#3052 = PCURVE('',#282,#3053);
#3053 = DEFINITIONAL_REPRESENTATION('',(#3054),#3057);
#3054 = B_SPLINE_CURVE_WITH_KNOTS('',1,(#3055,#3056),.UNSPECIFIED.,.F.,
  .F.,(2,2),(1.325,3.675),.PIECEWISE_BEZIER_KNOTS.);
#3055 = CARTESIAN_POINT('',(2.65,2.8));
#3056 = CARTESIAN_POINT('',(5.,2.8));
#3057 = ( GEOMETRIC_REPRESENTATION_CONTEXT(2) 
PARAMETRIC_REPRESENTATION_CONTEXT() REPRESENTATION_CONTEXT('2D SPACE',''
  ) );
#3058 = ORIENTED_EDGE('',*,*,#3059,.F.);
#3059 = EDGE_CURVE('',#3060,#3039,#3062,.T.);
#3060 = VERTEX_POINT('',#3061);
#3061 = CARTESIAN_POINT('',(2.4,20.25,4.75));
#3062 = SURFACE_CURVE('',#3063,(#3067,#3073),.PCURVE_S1.);
#3063 = LINE('',#3064,#3065);
#3064 = CARTESIAN_POINT('',(2.4,4.725,4.75));
#3065 = VECTOR('',#3066,1.);
#3066 = DIRECTION('',(0.,-1.,0.));
#3067 = PCURVE('',#1723,#3068);
#3068 = DEFINITIONAL_REPRESENTATION('',(#3069),#3072);
#3069 = B_SPLINE_CURVE_WITH_KNOTS('',1,(#3070,#3071),.UNSPECIFIED.,.F.,
  .F.,(2,2),(-15.525,-5.025),.PIECEWISE_BEZIER_KNOTS.);
#3070 = CARTESIAN_POINT('',(2.35,-20.55));
#3071 = CARTESIAN_POINT('',(2.35,-10.05));
#3072 = ( GEOMETRIC_REPRESENTATION_CONTEXT(2) 
PARAMETRIC_REPRESENTATION_CONTEXT() REPRESENTATION_CONTEXT('2D SPACE',''
  ) );
#3073 = PCURVE('',#308,#3074);
#3074 = DEFINITIONAL_REPRESENTATION('',(#3075),#3078);
#3075 = B_SPLINE_CURVE_WITH_KNOTS('',1,(#3076,#3077),.UNSPECIFIED.,.F.,
  .F.,(2,2),(-15.525,-5.025),.PIECEWISE_BEZIER_KNOTS.);
#3076 = CARTESIAN_POINT('',(2.8,10.5));
#3077 = CARTESIAN_POINT('',(2.8,0.));
#3078 = ( GEOMETRIC_REPRESENTATION_CONTEXT(2) 
PARAMETRIC_REPRESENTATION_CONTEXT() REPRESENTATION_CONTEXT('2D SPACE',''
  ) );
#3079 = ORIENTED_EDGE('',*,*,#3080,.F.);
#3080 = EDGE_CURVE('',#3081,#3060,#3083,.T.);
#3081 = VERTEX_POINT('',#3082);
#3082 = CARTESIAN_POINT('',(2.4,20.25,2.4));
#3083 = SURFACE_CURVE('',#3084,(#3088,#3094),.PCURVE_S1.);
#3084 = LINE('',#3085,#3086);
#3085 = CARTESIAN_POINT('',(2.4,20.25,1.075));
#3086 = VECTOR('',#3087,1.);
#3087 = DIRECTION('',(0.,0.,1.));
#3088 = PCURVE('',#1723,#3089);
#3089 = DEFINITIONAL_REPRESENTATION('',(#3090),#3093);
#3090 = B_SPLINE_CURVE_WITH_KNOTS('',1,(#3091,#3092),.UNSPECIFIED.,.F.,
  .F.,(2,2),(1.325,3.675),.PIECEWISE_BEZIER_KNOTS.);
#3091 = CARTESIAN_POINT('',(0.,-20.55));
#3092 = CARTESIAN_POINT('',(2.35,-20.55));
#3093 = ( GEOMETRIC_REPRESENTATION_CONTEXT(2) 
PARAMETRIC_REPRESENTATION_CONTEXT() REPRESENTATION_CONTEXT('2D SPACE',''
  ) );
#3094 = PCURVE('',#334,#3095);
#3095 = DEFINITIONAL_REPRESENTATION('',(#3096),#3099);
#3096 = B_SPLINE_CURVE_WITH_KNOTS('',1,(#3097,#3098),.UNSPECIFIED.,.F.,
  .F.,(2,2),(1.325,3.675),.PIECEWISE_BEZIER_KNOTS.);
#3097 = CARTESIAN_POINT('',(2.65,2.8));
#3098 = CARTESIAN_POINT('',(5.,2.8));
#3099 = ( GEOMETRIC_REPRESENTATION_CONTEXT(2) 
PARAMETRIC_REPRESENTATION_CONTEXT() REPRESENTATION_CONTEXT('2D SPACE',''
  ) );
#3100 = ORIENTED_EDGE('',*,*,#3101,.T.);
#3101 = EDGE_CURVE('',#3081,#3102,#3104,.T.);
#3102 = VERTEX_POINT('',#3103);
#3103 = CARTESIAN_POINT('',(2.4,33.6,2.4));
#3104 = SURFACE_CURVE('',#3105,(#3109,#3116),.PCURVE_S1.);
#3105 = LINE('',#3106,#3107);
#3106 = CARTESIAN_POINT('',(2.4,-0.3,2.4));
#3107 = VECTOR('',#3108,1.);
#3108 = DIRECTION('',(-0.,1.,0.));
#3109 = PCURVE('',#1723,#3110);
#3110 = DEFINITIONAL_REPRESENTATION('',(#3111),#3115);
#3111 = LINE('',#3112,#3113);
#3112 = CARTESIAN_POINT('',(0.,0.));
#3113 = VECTOR('',#3114,1.);
#3114 = DIRECTION('',(0.,-1.));
#3115 = ( GEOMETRIC_REPRESENTATION_CONTEXT(2) 
PARAMETRIC_REPRESENTATION_CONTEXT() REPRESENTATION_CONTEXT('2D SPACE',''
  ) );
#3116 = PCURVE('',#1695,#3117);
#3117 = DEFINITIONAL_REPRESENTATION('',(#3118),#3122);
#3118 = LINE('',#3119,#3120);
#3119 = CARTESIAN_POINT('',(0.,0.));
#3120 = VECTOR('',#3121,1.);
#3121 = DIRECTION('',(0.,1.));
#3122 = ( GEOMETRIC_REPRESENTATION_CONTEXT(2) 
PARAMETRIC_REPRESENTATION_CONTEXT() REPRESENTATION_CONTEXT('2D SPACE',''
  ) );
#3123 = ORIENTED_EDGE('',*,*,#3124,.T.);
#3124 = EDGE_CURVE('',#3102,#3125,#3127,.T.);
#3125 = VERTEX_POINT('',#3126);
#3126 = CARTESIAN_POINT('',(2.4,33.6,6.));
#3127 = SURFACE_CURVE('',#3128,(#3132,#3139),.PCURVE_S1.);
#3128 = LINE('',#3129,#3130);
#3129 = CARTESIAN_POINT('',(2.4,33.6,2.4));
#3130 = VECTOR('',#3131,1.);
#3131 = DIRECTION('',(0.,0.,1.));
#3132 = PCURVE('',#1723,#3133);
#3133 = DEFINITIONAL_REPRESENTATION('',(#3134),#3138);
#3134 = LINE('',#3135,#3136);
#3135 = CARTESIAN_POINT('',(0.,-33.9));
#3136 = VECTOR('',#3137,1.);
#3137 = DIRECTION('',(1.,0.));
#3138 = ( GEOMETRIC_REPRESENTATION_CONTEXT(2) 
PARAMETRIC_REPRESENTATION_CONTEXT() REPRESENTATION_CONTEXT('2D SPACE',''
  ) );
#3139 = PCURVE('',#3140,#3145);
#3140 = PLANE('',#3141);
#3141 = AXIS2_PLACEMENT_3D('',#3142,#3143,#3144);
#3142 = CARTESIAN_POINT('',(2.4,33.6,2.4));
#3143 = DIRECTION('',(-0.,1.,0.));
#3144 = DIRECTION('',(0.,0.,1.));
#3145 = DEFINITIONAL_REPRESENTATION('',(#3146),#3150);
#3146 = LINE('',#3147,#3148);
#3147 = CARTESIAN_POINT('',(0.,0.));
#3148 = VECTOR('',#3149,1.);
#3149 = DIRECTION('',(1.,0.));
#3150 = ( GEOMETRIC_REPRESENTATION_CONTEXT(2) 
PARAMETRIC_REPRESENTATION_CONTEXT() REPRESENTATION_CONTEXT('2D SPACE',''
  ) );
#3151 = ORIENTED_EDGE('',*,*,#3152,.T.);
#3152 = EDGE_CURVE('',#3125,#1708,#3153,.T.);
#3153 = SURFACE_CURVE('',#3154,(#3158,#3164),.PCURVE_S1.);
#3154 = LINE('',#3155,#3156);
#3155 = CARTESIAN_POINT('',(2.4,-0.4,6.));
#3156 = VECTOR('',#3157,1.);
#3157 = DIRECTION('',(0.,-1.,0.));
#3158 = PCURVE('',#1723,#3159);
#3159 = DEFINITIONAL_REPRESENTATION('',(#3160),#3163);
#3160 = B_SPLINE_CURVE_WITH_KNOTS('',1,(#3161,#3162),.UNSPECIFIED.,.F.,
  .F.,(2,2),(-34.,-1.E-01),.PIECEWISE_BEZIER_KNOTS.);
#3161 = CARTESIAN_POINT('',(3.6,-33.9));
#3162 = CARTESIAN_POINT('',(3.6,0.));
#3163 = ( GEOMETRIC_REPRESENTATION_CONTEXT(2) 
PARAMETRIC_REPRESENTATION_CONTEXT() REPRESENTATION_CONTEXT('2D SPACE',''
  ) );
#3164 = PCURVE('',#458,#3165);
#3165 = DEFINITIONAL_REPRESENTATION('',(#3166),#3169);
#3166 = B_SPLINE_CURVE_WITH_KNOTS('',1,(#3167,#3168),.UNSPECIFIED.,.F.,
  .F.,(2,2),(-34.,-1.E-01),.PIECEWISE_BEZIER_KNOTS.);
#3167 = CARTESIAN_POINT('',(2.8,34.1));
#3168 = CARTESIAN_POINT('',(2.8,0.2));
#3169 = ( GEOMETRIC_REPRESENTATION_CONTEXT(2) 
PARAMETRIC_REPRESENTATION_CONTEXT() REPRESENTATION_CONTEXT('2D SPACE',''
  ) );
#3170 = ADVANCED_FACE('',(#3171),#3140,.F.);
#3171 = FACE_BOUND('',#3172,.F.);
#3172 = EDGE_LOOP('',(#3173,#3204,#3225,#3226,#3247,#3273,#3294,#3323));
#3173 = ORIENTED_EDGE('',*,*,#3174,.F.);
#3174 = EDGE_CURVE('',#3175,#3177,#3179,.T.);
#3175 = VERTEX_POINT('',#3176);
#3176 = CARTESIAN_POINT('',(27.136435787345,33.6,2.4));
#3177 = VERTEX_POINT('',#3178);
#3178 = CARTESIAN_POINT('',(25.857536964558,33.6,8.));
#3179 = SURFACE_CURVE('',#3180,(#3185,#3192),.PCURVE_S1.);
#3180 = CIRCLE('',#3181,4.6);
#3181 = AXIS2_PLACEMENT_3D('',#3182,#3183,#3184);
#3182 = CARTESIAN_POINT('',(30.,33.6,6.));
#3183 = DIRECTION('',(0.,1.,0.));
#3184 = DIRECTION('',(0.,-0.,1.));
#3185 = PCURVE('',#3140,#3186);
#3186 = DEFINITIONAL_REPRESENTATION('',(#3187),#3191);
#3187 = CIRCLE('',#3188,4.6);
#3188 = AXIS2_PLACEMENT_2D('',#3189,#3190);
#3189 = CARTESIAN_POINT('',(3.6,27.6));
#3190 = DIRECTION('',(1.,0.));
#3191 = ( GEOMETRIC_REPRESENTATION_CONTEXT(2) 
PARAMETRIC_REPRESENTATION_CONTEXT() REPRESENTATION_CONTEXT('2D SPACE',''
  ) );
#3192 = PCURVE('',#3193,#3198);
#3193 = CYLINDRICAL_SURFACE('',#3194,4.6);
#3194 = AXIS2_PLACEMENT_3D('',#3195,#3196,#3197);
#3195 = CARTESIAN_POINT('',(30.,28.,6.));
#3196 = DIRECTION('',(0.,1.,0.));
#3197 = DIRECTION('',(0.,-0.,1.));
#3198 = DEFINITIONAL_REPRESENTATION('',(#3199),#3203);
#3199 = LINE('',#3200,#3201);
#3200 = CARTESIAN_POINT('',(0.,5.6));
#3201 = VECTOR('',#3202,1.);
#3202 = DIRECTION('',(1.,0.));
#3203 = ( GEOMETRIC_REPRESENTATION_CONTEXT(2) 
PARAMETRIC_REPRESENTATION_CONTEXT() REPRESENTATION_CONTEXT('2D SPACE',''
  ) );
#3204 = ORIENTED_EDGE('',*,*,#3205,.F.);
#3205 = EDGE_CURVE('',#3102,#3175,#3206,.T.);
#3206 = SURFACE_CURVE('',#3207,(#3211,#3218),.PCURVE_S1.);
#3207 = LINE('',#3208,#3209);
#3208 = CARTESIAN_POINT('',(2.4,33.6,2.4));
#3209 = VECTOR('',#3210,1.);
#3210 = DIRECTION('',(1.,0.,-0.));
#3211 = PCURVE('',#3140,#3212);
#3212 = DEFINITIONAL_REPRESENTATION('',(#3213),#3217);
#3213 = LINE('',#3214,#3215);
#3214 = CARTESIAN_POINT('',(0.,0.));
#3215 = VECTOR('',#3216,1.);
#3216 = DIRECTION('',(0.,1.));
#3217 = ( GEOMETRIC_REPRESENTATION_CONTEXT(2) 
PARAMETRIC_REPRESENTATION_CONTEXT() REPRESENTATION_CONTEXT('2D SPACE',''
  ) );
#3218 = PCURVE('',#1695,#3219);
#3219 = DEFINITIONAL_REPRESENTATION('',(#3220),#3224);
#3220 = LINE('',#3221,#3222);
#3221 = CARTESIAN_POINT('',(0.,33.9));
#3222 = VECTOR('',#3223,1.);
#3223 = DIRECTION('',(1.,0.));
#3224 = ( GEOMETRIC_REPRESENTATION_CONTEXT(2) 
PARAMETRIC_REPRESENTATION_CONTEXT() REPRESENTATION_CONTEXT('2D SPACE',''
  ) );
#3225 = ORIENTED_EDGE('',*,*,#3124,.T.);
#3226 = ORIENTED_EDGE('',*,*,#3227,.T.);
#3227 = EDGE_CURVE('',#3125,#3228,#3230,.T.);
#3228 = VERTEX_POINT('',#3229);
#3229 = CARTESIAN_POINT('',(3.2,33.6,6.));
#3230 = SURFACE_CURVE('',#3231,(#3235,#3241),.PCURVE_S1.);
#3231 = LINE('',#3232,#3233);
#3232 = CARTESIAN_POINT('',(1.,33.6,6.));
#3233 = VECTOR('',#3234,1.);
#3234 = DIRECTION('',(1.,0.,-0.));
#3235 = PCURVE('',#3140,#3236);
#3236 = DEFINITIONAL_REPRESENTATION('',(#3237),#3240);
#3237 = B_SPLINE_CURVE_WITH_KNOTS('',1,(#3238,#3239),.UNSPECIFIED.,.F.,
  .F.,(2,2),(1.4,2.2),.PIECEWISE_BEZIER_KNOTS.);
#3238 = CARTESIAN_POINT('',(3.6,0.));
#3239 = CARTESIAN_POINT('',(3.6,0.8));
#3240 = ( GEOMETRIC_REPRESENTATION_CONTEXT(2) 
PARAMETRIC_REPRESENTATION_CONTEXT() REPRESENTATION_CONTEXT('2D SPACE',''
  ) );
#3241 = PCURVE('',#458,#3242);
#3242 = DEFINITIONAL_REPRESENTATION('',(#3243),#3246);
#3243 = B_SPLINE_CURVE_WITH_KNOTS('',1,(#3244,#3245),.UNSPECIFIED.,.F.,
  .F.,(2,2),(1.4,2.2),.PIECEWISE_BEZIER_KNOTS.);
#3244 = CARTESIAN_POINT('',(2.8,34.1));
#3245 = CARTESIAN_POINT('',(3.6,34.1));
#3246 = ( GEOMETRIC_REPRESENTATION_CONTEXT(2) 
PARAMETRIC_REPRESENTATION_CONTEXT() REPRESENTATION_CONTEXT('2D SPACE',''
  ) );
#3247 = ORIENTED_EDGE('',*,*,#3248,.F.);
#3248 = EDGE_CURVE('',#3249,#3228,#3251,.T.);
#3249 = VERTEX_POINT('',#3250);
#3250 = CARTESIAN_POINT('',(3.2,33.6,8.));
#3251 = SURFACE_CURVE('',#3252,(#3256,#3262),.PCURVE_S1.);
#3252 = LINE('',#3253,#3254);
#3253 = CARTESIAN_POINT('',(3.2,33.6,4.2));
#3254 = VECTOR('',#3255,1.);
#3255 = DIRECTION('',(-0.,0.,-1.));
#3256 = PCURVE('',#3140,#3257);
#3257 = DEFINITIONAL_REPRESENTATION('',(#3258),#3261);
#3258 = B_SPLINE_CURVE_WITH_KNOTS('',1,(#3259,#3260),.UNSPECIFIED.,.F.,
  .F.,(2,2),(-79.8,-1.8),.PIECEWISE_BEZIER_KNOTS.);
#3259 = CARTESIAN_POINT('',(81.6,0.8));
#3260 = CARTESIAN_POINT('',(3.6,0.8));
#3261 = ( GEOMETRIC_REPRESENTATION_CONTEXT(2) 
PARAMETRIC_REPRESENTATION_CONTEXT() REPRESENTATION_CONTEXT('2D SPACE',''
  ) );
#3262 = PCURVE('',#3263,#3268);
#3263 = PLANE('',#3264);
#3264 = AXIS2_PLACEMENT_3D('',#3265,#3266,#3267);
#3265 = CARTESIAN_POINT('',(3.2,-0.5,6.));
#3266 = DIRECTION('',(1.,0.,-0.));
#3267 = DIRECTION('',(0.,0.,1.));
#3268 = DEFINITIONAL_REPRESENTATION('',(#3269),#3272);
#3269 = B_SPLINE_CURVE_WITH_KNOTS('',1,(#3270,#3271),.UNSPECIFIED.,.F.,
  .F.,(2,2),(-79.8,-1.8),.PIECEWISE_BEZIER_KNOTS.);
#3270 = CARTESIAN_POINT('',(78.,-34.1));
#3271 = CARTESIAN_POINT('',(0.,-34.1));
#3272 = ( GEOMETRIC_REPRESENTATION_CONTEXT(2) 
PARAMETRIC_REPRESENTATION_CONTEXT() REPRESENTATION_CONTEXT('2D SPACE',''
  ) );
#3273 = ORIENTED_EDGE('',*,*,#3274,.T.);
#3274 = EDGE_CURVE('',#3249,#3275,#3277,.T.);
#3275 = VERTEX_POINT('',#3276);
#3276 = CARTESIAN_POINT('',(7.817895266735,33.6,8.));
#3277 = SURFACE_CURVE('',#3278,(#3282,#3288),.PCURVE_S1.);
#3278 = LINE('',#3279,#3280);
#3279 = CARTESIAN_POINT('',(1.,33.6,8.));
#3280 = VECTOR('',#3281,1.);
#3281 = DIRECTION('',(1.,0.,-0.));
#3282 = PCURVE('',#3140,#3283);
#3283 = DEFINITIONAL_REPRESENTATION('',(#3284),#3287);
#3284 = B_SPLINE_CURVE_WITH_KNOTS('',1,(#3285,#3286),.UNSPECIFIED.,.F.,
  .F.,(2,2),(1.4,101.),.PIECEWISE_BEZIER_KNOTS.);
#3285 = CARTESIAN_POINT('',(5.6,0.));
#3286 = CARTESIAN_POINT('',(5.6,99.6));
#3287 = ( GEOMETRIC_REPRESENTATION_CONTEXT(2) 
PARAMETRIC_REPRESENTATION_CONTEXT() REPRESENTATION_CONTEXT('2D SPACE',''
  ) );
#3288 = PCURVE('',#406,#3289);
#3289 = DEFINITIONAL_REPRESENTATION('',(#3290),#3293);
#3290 = B_SPLINE_CURVE_WITH_KNOTS('',1,(#3291,#3292),.UNSPECIFIED.,.F.,
  .F.,(2,2),(1.4,101.),.PIECEWISE_BEZIER_KNOTS.);
#3291 = CARTESIAN_POINT('',(2.8,0.3));
#3292 = CARTESIAN_POINT('',(102.4,0.3));
#3293 = ( GEOMETRIC_REPRESENTATION_CONTEXT(2) 
PARAMETRIC_REPRESENTATION_CONTEXT() REPRESENTATION_CONTEXT('2D SPACE',''
  ) );
#3294 = ORIENTED_EDGE('',*,*,#3295,.F.);
#3295 = EDGE_CURVE('',#3296,#3275,#3298,.T.);
#3296 = VERTEX_POINT('',#3297);
#3297 = CARTESIAN_POINT('',(16.182104733265,33.6,8.));
#3298 = SURFACE_CURVE('',#3299,(#3304,#3311),.PCURVE_S1.);
#3299 = CIRCLE('',#3300,4.3);
#3300 = AXIS2_PLACEMENT_3D('',#3301,#3302,#3303);
#3301 = CARTESIAN_POINT('',(12.,33.6,7.));
#3302 = DIRECTION('',(0.,1.,0.));
#3303 = DIRECTION('',(0.,-0.,1.));
#3304 = PCURVE('',#3140,#3305);
#3305 = DEFINITIONAL_REPRESENTATION('',(#3306),#3310);
#3306 = CIRCLE('',#3307,4.3);
#3307 = AXIS2_PLACEMENT_2D('',#3308,#3309);
#3308 = CARTESIAN_POINT('',(4.6,9.6));
#3309 = DIRECTION('',(1.,0.));
#3310 = ( GEOMETRIC_REPRESENTATION_CONTEXT(2) 
PARAMETRIC_REPRESENTATION_CONTEXT() REPRESENTATION_CONTEXT('2D SPACE',''
  ) );
#3311 = PCURVE('',#3312,#3317);
#3312 = CYLINDRICAL_SURFACE('',#3313,4.3);
#3313 = AXIS2_PLACEMENT_3D('',#3314,#3315,#3316);
#3314 = CARTESIAN_POINT('',(12.,29.,7.));
#3315 = DIRECTION('',(0.,1.,0.));
#3316 = DIRECTION('',(0.,-0.,1.));
#3317 = DEFINITIONAL_REPRESENTATION('',(#3318),#3322);
#3318 = LINE('',#3319,#3320);
#3319 = CARTESIAN_POINT('',(0.,4.6));
#3320 = VECTOR('',#3321,1.);
#3321 = DIRECTION('',(1.,0.));
#3322 = ( GEOMETRIC_REPRESENTATION_CONTEXT(2) 
PARAMETRIC_REPRESENTATION_CONTEXT() REPRESENTATION_CONTEXT('2D SPACE',''
  ) );
#3323 = ORIENTED_EDGE('',*,*,#3324,.T.);
#3324 = EDGE_CURVE('',#3296,#3177,#3325,.T.);
#3325 = SURFACE_CURVE('',#3326,(#3330,#3336),.PCURVE_S1.);
#3326 = LINE('',#3327,#3328);
#3327 = CARTESIAN_POINT('',(1.,33.6,8.));
#3328 = VECTOR('',#3329,1.);
#3329 = DIRECTION('',(1.,0.,-0.));
#3330 = PCURVE('',#3140,#3331);
#3331 = DEFINITIONAL_REPRESENTATION('',(#3332),#3335);
#3332 = B_SPLINE_CURVE_WITH_KNOTS('',1,(#3333,#3334),.UNSPECIFIED.,.F.,
  .F.,(2,2),(1.4,101.),.PIECEWISE_BEZIER_KNOTS.);
#3333 = CARTESIAN_POINT('',(5.6,0.));
#3334 = CARTESIAN_POINT('',(5.6,99.6));
#3335 = ( GEOMETRIC_REPRESENTATION_CONTEXT(2) 
PARAMETRIC_REPRESENTATION_CONTEXT() REPRESENTATION_CONTEXT('2D SPACE',''
  ) );
#3336 = PCURVE('',#406,#3337);
#3337 = DEFINITIONAL_REPRESENTATION('',(#3338),#3341);
#3338 = B_SPLINE_CURVE_WITH_KNOTS('',1,(#3339,#3340),.UNSPECIFIED.,.F.,
  .F.,(2,2),(1.4,101.),.PIECEWISE_BEZIER_KNOTS.);
#3339 = CARTESIAN_POINT('',(2.8,0.3));
#3340 = CARTESIAN_POINT('',(102.4,0.3));
#3341 = ( GEOMETRIC_REPRESENTATION_CONTEXT(2) 
PARAMETRIC_REPRESENTATION_CONTEXT() REPRESENTATION_CONTEXT('2D SPACE',''
  ) );
#3342 = ADVANCED_FACE('',(#3343),#3263,.F.);
#3343 = FACE_BOUND('',#3344,.F.);
#3344 = EDGE_LOOP('',(#3345,#3366,#3367,#3390));
#3345 = ORIENTED_EDGE('',*,*,#3346,.T.);
#3346 = EDGE_CURVE('',#3347,#3249,#3349,.T.);
#3347 = VERTEX_POINT('',#3348);
#3348 = CARTESIAN_POINT('',(3.2,33.8,8.));
#3349 = SURFACE_CURVE('',#3350,(#3354,#3360),.PCURVE_S1.);
#3350 = LINE('',#3351,#3352);
#3351 = CARTESIAN_POINT('',(3.2,16.4,8.));
#3352 = VECTOR('',#3353,1.);
#3353 = DIRECTION('',(0.,-1.,0.));
#3354 = PCURVE('',#3263,#3355);
#3355 = DEFINITIONAL_REPRESENTATION('',(#3356),#3359);
#3356 = B_SPLINE_CURVE_WITH_KNOTS('',1,(#3357,#3358),.UNSPECIFIED.,.F.,
  .F.,(2,2),(-17.4,-17.2),.PIECEWISE_BEZIER_KNOTS.);
#3357 = CARTESIAN_POINT('',(2.,-34.3));
#3358 = CARTESIAN_POINT('',(2.,-34.1));
#3359 = ( GEOMETRIC_REPRESENTATION_CONTEXT(2) 
PARAMETRIC_REPRESENTATION_CONTEXT() REPRESENTATION_CONTEXT('2D SPACE',''
  ) );
#3360 = PCURVE('',#406,#3361);
#3361 = DEFINITIONAL_REPRESENTATION('',(#3362),#3365);
#3362 = B_SPLINE_CURVE_WITH_KNOTS('',1,(#3363,#3364),.UNSPECIFIED.,.F.,
  .F.,(2,2),(-17.4,-17.2),.PIECEWISE_BEZIER_KNOTS.);
#3363 = CARTESIAN_POINT('',(3.6,0.5));
#3364 = CARTESIAN_POINT('',(3.6,0.3));
#3365 = ( GEOMETRIC_REPRESENTATION_CONTEXT(2) 
PARAMETRIC_REPRESENTATION_CONTEXT() REPRESENTATION_CONTEXT('2D SPACE',''
  ) );
#3366 = ORIENTED_EDGE('',*,*,#3248,.T.);
#3367 = ORIENTED_EDGE('',*,*,#3368,.T.);
#3368 = EDGE_CURVE('',#3228,#3369,#3371,.T.);
#3369 = VERTEX_POINT('',#3370);
#3370 = CARTESIAN_POINT('',(3.2,33.8,6.));
#3371 = SURFACE_CURVE('',#3372,(#3376,#3383),.PCURVE_S1.);
#3372 = LINE('',#3373,#3374);
#3373 = CARTESIAN_POINT('',(3.2,-0.5,6.));
#3374 = VECTOR('',#3375,1.);
#3375 = DIRECTION('',(-0.,1.,0.));
#3376 = PCURVE('',#3263,#3377);
#3377 = DEFINITIONAL_REPRESENTATION('',(#3378),#3382);
#3378 = LINE('',#3379,#3380);
#3379 = CARTESIAN_POINT('',(0.,0.));
#3380 = VECTOR('',#3381,1.);
#3381 = DIRECTION('',(0.,-1.));
#3382 = ( GEOMETRIC_REPRESENTATION_CONTEXT(2) 
PARAMETRIC_REPRESENTATION_CONTEXT() REPRESENTATION_CONTEXT('2D SPACE',''
  ) );
#3383 = PCURVE('',#458,#3384);
#3384 = DEFINITIONAL_REPRESENTATION('',(#3385),#3389);
#3385 = LINE('',#3386,#3387);
#3386 = CARTESIAN_POINT('',(3.6,0.));
#3387 = VECTOR('',#3388,1.);
#3388 = DIRECTION('',(0.,1.));
#3389 = ( GEOMETRIC_REPRESENTATION_CONTEXT(2) 
PARAMETRIC_REPRESENTATION_CONTEXT() REPRESENTATION_CONTEXT('2D SPACE',''
  ) );
#3390 = ORIENTED_EDGE('',*,*,#3391,.T.);
#3391 = EDGE_CURVE('',#3369,#3347,#3392,.T.);
#3392 = SURFACE_CURVE('',#3393,(#3397,#3404),.PCURVE_S1.);
#3393 = LINE('',#3394,#3395);
#3394 = CARTESIAN_POINT('',(3.2,33.8,6.));
#3395 = VECTOR('',#3396,1.);
#3396 = DIRECTION('',(0.,0.,1.));
#3397 = PCURVE('',#3263,#3398);
#3398 = DEFINITIONAL_REPRESENTATION('',(#3399),#3403);
#3399 = LINE('',#3400,#3401);
#3400 = CARTESIAN_POINT('',(0.,-34.3));
#3401 = VECTOR('',#3402,1.);
#3402 = DIRECTION('',(1.,0.));
#3403 = ( GEOMETRIC_REPRESENTATION_CONTEXT(2) 
PARAMETRIC_REPRESENTATION_CONTEXT() REPRESENTATION_CONTEXT('2D SPACE',''
  ) );
#3404 = PCURVE('',#432,#3405);
#3405 = DEFINITIONAL_REPRESENTATION('',(#3406),#3410);
#3406 = LINE('',#3407,#3408);
#3407 = CARTESIAN_POINT('',(0.,3.6));
#3408 = VECTOR('',#3409,1.);
#3409 = DIRECTION('',(1.,0.));
#3410 = ( GEOMETRIC_REPRESENTATION_CONTEXT(2) 
PARAMETRIC_REPRESENTATION_CONTEXT() REPRESENTATION_CONTEXT('2D SPACE',''
  ) );
#3411 = ADVANCED_FACE('',(#3412),#3312,.T.);
#3412 = FACE_BOUND('',#3413,.T.);
#3413 = EDGE_LOOP('',(#3414,#3439,#3468,#3487,#3488,#3509,#3531,#3532));
#3414 = ORIENTED_EDGE('',*,*,#3415,.T.);
#3415 = EDGE_CURVE('',#3416,#3418,#3420,.T.);
#3416 = VERTEX_POINT('',#3417);
#3417 = CARTESIAN_POINT('',(12.,29.,11.3));
#3418 = VERTEX_POINT('',#3419);
#3419 = CARTESIAN_POINT('',(12.,34.3,11.3));
#3420 = SEAM_CURVE('',#3421,(#3425,#3432),.PCURVE_S1.);
#3421 = LINE('',#3422,#3423);
#3422 = CARTESIAN_POINT('',(12.,29.,11.3));
#3423 = VECTOR('',#3424,1.);
#3424 = DIRECTION('',(0.,1.,0.));
#3425 = PCURVE('',#3312,#3426);
#3426 = DEFINITIONAL_REPRESENTATION('',(#3427),#3431);
#3427 = LINE('',#3428,#3429);
#3428 = CARTESIAN_POINT('',(6.28318530718,-0.));
#3429 = VECTOR('',#3430,1.);
#3430 = DIRECTION('',(0.,1.));
#3431 = ( GEOMETRIC_REPRESENTATION_CONTEXT(2) 
PARAMETRIC_REPRESENTATION_CONTEXT() REPRESENTATION_CONTEXT('2D SPACE',''
  ) );
#3432 = PCURVE('',#3312,#3433);
#3433 = DEFINITIONAL_REPRESENTATION('',(#3434),#3438);
#3434 = LINE('',#3435,#3436);
#3435 = CARTESIAN_POINT('',(0.,-0.));
#3436 = VECTOR('',#3437,1.);
#3437 = DIRECTION('',(0.,1.));
#3438 = ( GEOMETRIC_REPRESENTATION_CONTEXT(2) 
PARAMETRIC_REPRESENTATION_CONTEXT() REPRESENTATION_CONTEXT('2D SPACE',''
  ) );
#3439 = ORIENTED_EDGE('',*,*,#3440,.F.);
#3440 = EDGE_CURVE('',#3441,#3418,#3443,.T.);
#3441 = VERTEX_POINT('',#3442);
#3442 = CARTESIAN_POINT('',(7.817895266735,34.3,8.));
#3443 = SURFACE_CURVE('',#3444,(#3449,#3456),.PCURVE_S1.);
#3444 = CIRCLE('',#3445,4.3);
#3445 = AXIS2_PLACEMENT_3D('',#3446,#3447,#3448);
#3446 = CARTESIAN_POINT('',(12.,34.3,7.));
#3447 = DIRECTION('',(0.,1.,0.));
#3448 = DIRECTION('',(0.,-0.,1.));
#3449 = PCURVE('',#3312,#3450);
#3450 = DEFINITIONAL_REPRESENTATION('',(#3451),#3455);
#3451 = LINE('',#3452,#3453);
#3452 = CARTESIAN_POINT('',(0.,5.3));
#3453 = VECTOR('',#3454,1.);
#3454 = DIRECTION('',(1.,0.));
#3455 = ( GEOMETRIC_REPRESENTATION_CONTEXT(2) 
PARAMETRIC_REPRESENTATION_CONTEXT() REPRESENTATION_CONTEXT('2D SPACE',''
  ) );
#3456 = PCURVE('',#3457,#3462);
#3457 = PLANE('',#3458);
#3458 = AXIS2_PLACEMENT_3D('',#3459,#3460,#3461);
#3459 = CARTESIAN_POINT('',(12.,34.3,7.));
#3460 = DIRECTION('',(0.,1.,0.));
#3461 = DIRECTION('',(0.,-0.,1.));
#3462 = DEFINITIONAL_REPRESENTATION('',(#3463),#3467);
#3463 = CIRCLE('',#3464,4.3);
#3464 = AXIS2_PLACEMENT_2D('',#3465,#3466);
#3465 = CARTESIAN_POINT('',(0.,0.));
#3466 = DIRECTION('',(1.,0.));
#3467 = ( GEOMETRIC_REPRESENTATION_CONTEXT(2) 
PARAMETRIC_REPRESENTATION_CONTEXT() REPRESENTATION_CONTEXT('2D SPACE',''
  ) );
#3468 = ORIENTED_EDGE('',*,*,#3469,.F.);
#3469 = EDGE_CURVE('',#3275,#3441,#3470,.T.);
#3470 = SURFACE_CURVE('',#3471,(#3475,#3481),.PCURVE_S1.);
#3471 = LINE('',#3472,#3473);
#3472 = CARTESIAN_POINT('',(7.817895266735,29.,8.));
#3473 = VECTOR('',#3474,1.);
#3474 = DIRECTION('',(0.,1.,0.));
#3475 = PCURVE('',#3312,#3476);
#3476 = DEFINITIONAL_REPRESENTATION('',(#3477),#3480);
#3477 = B_SPLINE_CURVE_WITH_KNOTS('',1,(#3478,#3479),.UNSPECIFIED.,.F.,
  .F.,(2,2),(4.36,5.3000006),.PIECEWISE_BEZIER_KNOTS.);
#3478 = CARTESIAN_POINT('',(4.947096094221,4.36));
#3479 = CARTESIAN_POINT('',(4.947096094221,5.3000006));
#3480 = ( GEOMETRIC_REPRESENTATION_CONTEXT(2) 
PARAMETRIC_REPRESENTATION_CONTEXT() REPRESENTATION_CONTEXT('2D SPACE',''
  ) );
#3481 = PCURVE('',#406,#3482);
#3482 = DEFINITIONAL_REPRESENTATION('',(#3483),#3486);
#3483 = B_SPLINE_CURVE_WITH_KNOTS('',1,(#3484,#3485),.UNSPECIFIED.,.F.,
  .F.,(2,2),(4.36,5.3000006),.PIECEWISE_BEZIER_KNOTS.);
#3484 = CARTESIAN_POINT('',(8.217895266735,6.E-02));
#3485 = CARTESIAN_POINT('',(8.217895266735,1.0000006));
#3486 = ( GEOMETRIC_REPRESENTATION_CONTEXT(2) 
PARAMETRIC_REPRESENTATION_CONTEXT() REPRESENTATION_CONTEXT('2D SPACE',''
  ) );
#3487 = ORIENTED_EDGE('',*,*,#3295,.F.);
#3488 = ORIENTED_EDGE('',*,*,#3489,.T.);
#3489 = EDGE_CURVE('',#3296,#3490,#3492,.T.);
#3490 = VERTEX_POINT('',#3491);
#3491 = CARTESIAN_POINT('',(16.182104733265,34.3,8.));
#3492 = SURFACE_CURVE('',#3493,(#3497,#3503),.PCURVE_S1.);
#3493 = LINE('',#3494,#3495);
#3494 = CARTESIAN_POINT('',(16.182104733265,29.,8.));
#3495 = VECTOR('',#3496,1.);
#3496 = DIRECTION('',(0.,1.,0.));
#3497 = PCURVE('',#3312,#3498);
#3498 = DEFINITIONAL_REPRESENTATION('',(#3499),#3502);
#3499 = B_SPLINE_CURVE_WITH_KNOTS('',1,(#3500,#3501),.UNSPECIFIED.,.F.,
  .F.,(2,2),(4.36,5.3000006),.PIECEWISE_BEZIER_KNOTS.);
#3500 = CARTESIAN_POINT('',(1.336089212959,4.36));
#3501 = CARTESIAN_POINT('',(1.336089212959,5.3000006));
#3502 = ( GEOMETRIC_REPRESENTATION_CONTEXT(2) 
PARAMETRIC_REPRESENTATION_CONTEXT() REPRESENTATION_CONTEXT('2D SPACE',''
  ) );
#3503 = PCURVE('',#406,#3504);
#3504 = DEFINITIONAL_REPRESENTATION('',(#3505),#3508);
#3505 = B_SPLINE_CURVE_WITH_KNOTS('',1,(#3506,#3507),.UNSPECIFIED.,.F.,
  .F.,(2,2),(4.36,5.3000006),.PIECEWISE_BEZIER_KNOTS.);
#3506 = CARTESIAN_POINT('',(16.582104733265,6.E-02));
#3507 = CARTESIAN_POINT('',(16.582104733265,1.0000006));
#3508 = ( GEOMETRIC_REPRESENTATION_CONTEXT(2) 
PARAMETRIC_REPRESENTATION_CONTEXT() REPRESENTATION_CONTEXT('2D SPACE',''
  ) );
#3509 = ORIENTED_EDGE('',*,*,#3510,.F.);
#3510 = EDGE_CURVE('',#3418,#3490,#3511,.T.);
#3511 = SURFACE_CURVE('',#3512,(#3517,#3524),.PCURVE_S1.);
#3512 = CIRCLE('',#3513,4.3);
#3513 = AXIS2_PLACEMENT_3D('',#3514,#3515,#3516);
#3514 = CARTESIAN_POINT('',(12.,34.3,7.));
#3515 = DIRECTION('',(0.,1.,0.));
#3516 = DIRECTION('',(0.,-0.,1.));
#3517 = PCURVE('',#3312,#3518);
#3518 = DEFINITIONAL_REPRESENTATION('',(#3519),#3523);
#3519 = LINE('',#3520,#3521);
#3520 = CARTESIAN_POINT('',(0.,5.3));
#3521 = VECTOR('',#3522,1.);
#3522 = DIRECTION('',(1.,0.));
#3523 = ( GEOMETRIC_REPRESENTATION_CONTEXT(2) 
PARAMETRIC_REPRESENTATION_CONTEXT() REPRESENTATION_CONTEXT('2D SPACE',''
  ) );
#3524 = PCURVE('',#3457,#3525);
#3525 = DEFINITIONAL_REPRESENTATION('',(#3526),#3530);
#3526 = CIRCLE('',#3527,4.3);
#3527 = AXIS2_PLACEMENT_2D('',#3528,#3529);
#3528 = CARTESIAN_POINT('',(0.,0.));
#3529 = DIRECTION('',(1.,0.));
#3530 = ( GEOMETRIC_REPRESENTATION_CONTEXT(2) 
PARAMETRIC_REPRESENTATION_CONTEXT() REPRESENTATION_CONTEXT('2D SPACE',''
  ) );
#3531 = ORIENTED_EDGE('',*,*,#3415,.F.);
#3532 = ORIENTED_EDGE('',*,*,#3533,.T.);
#3533 = EDGE_CURVE('',#3416,#3416,#3534,.T.);
#3534 = SURFACE_CURVE('',#3535,(#3540,#3547),.PCURVE_S1.);
#3535 = CIRCLE('',#3536,4.3);
#3536 = AXIS2_PLACEMENT_3D('',#3537,#3538,#3539);
#3537 = CARTESIAN_POINT('',(12.,29.,7.));
#3538 = DIRECTION('',(0.,1.,0.));
#3539 = DIRECTION('',(0.,-0.,1.));
#3540 = PCURVE('',#3312,#3541);
#3541 = DEFINITIONAL_REPRESENTATION('',(#3542),#3546);
#3542 = LINE('',#3543,#3544);
#3543 = CARTESIAN_POINT('',(0.,0.));
#3544 = VECTOR('',#3545,1.);
#3545 = DIRECTION('',(1.,0.));
#3546 = ( GEOMETRIC_REPRESENTATION_CONTEXT(2) 
PARAMETRIC_REPRESENTATION_CONTEXT() REPRESENTATION_CONTEXT('2D SPACE',''
  ) );
#3547 = PCURVE('',#3548,#3553);
#3548 = PLANE('',#3549);
#3549 = AXIS2_PLACEMENT_3D('',#3550,#3551,#3552);
#3550 = CARTESIAN_POINT('',(12.,29.,7.));
#3551 = DIRECTION('',(0.,1.,0.));
#3552 = DIRECTION('',(0.,-0.,1.));
#3553 = DEFINITIONAL_REPRESENTATION('',(#3554),#3558);
#3554 = CIRCLE('',#3555,4.3);
#3555 = AXIS2_PLACEMENT_2D('',#3556,#3557);
#3556 = CARTESIAN_POINT('',(0.,0.));
#3557 = DIRECTION('',(1.,0.));
#3558 = ( GEOMETRIC_REPRESENTATION_CONTEXT(2) 
PARAMETRIC_REPRESENTATION_CONTEXT() REPRESENTATION_CONTEXT('2D SPACE',''
  ) );
#3559 = ADVANCED_FACE('',(#3560),#3457,.T.);
#3560 = FACE_BOUND('',#3561,.T.);
#3561 = EDGE_LOOP('',(#3562,#3583,#3584,#3585,#3606,#3635));
#3562 = ORIENTED_EDGE('',*,*,#3563,.T.);
#3563 = EDGE_CURVE('',#3564,#3441,#3566,.T.);
#3564 = VERTEX_POINT('',#3565);
#3565 = CARTESIAN_POINT('',(10.153381468738,34.3,8.));
#3566 = SURFACE_CURVE('',#3567,(#3571,#3577),.PCURVE_S1.);
#3567 = LINE('',#3568,#3569);
#3568 = CARTESIAN_POINT('',(5.8,34.3,8.));
#3569 = VECTOR('',#3570,1.);
#3570 = DIRECTION('',(-1.,0.,0.));
#3571 = PCURVE('',#3457,#3572);
#3572 = DEFINITIONAL_REPRESENTATION('',(#3573),#3576);
#3573 = B_SPLINE_CURVE_WITH_KNOTS('',1,(#3574,#3575),.UNSPECIFIED.,.F.,
  .F.,(2,2),(-10.5,-1.9),.PIECEWISE_BEZIER_KNOTS.);
#3574 = CARTESIAN_POINT('',(1.,4.3));
#3575 = CARTESIAN_POINT('',(1.,-4.3));
#3576 = ( GEOMETRIC_REPRESENTATION_CONTEXT(2) 
PARAMETRIC_REPRESENTATION_CONTEXT() REPRESENTATION_CONTEXT('2D SPACE',''
  ) );
#3577 = PCURVE('',#406,#3578);
#3578 = DEFINITIONAL_REPRESENTATION('',(#3579),#3582);
#3579 = B_SPLINE_CURVE_WITH_KNOTS('',1,(#3580,#3581),.UNSPECIFIED.,.F.,
  .F.,(2,2),(-10.5,-1.9),.PIECEWISE_BEZIER_KNOTS.);
#3580 = CARTESIAN_POINT('',(16.7,1.));
#3581 = CARTESIAN_POINT('',(8.1,1.));
#3582 = ( GEOMETRIC_REPRESENTATION_CONTEXT(2) 
PARAMETRIC_REPRESENTATION_CONTEXT() REPRESENTATION_CONTEXT('2D SPACE',''
  ) );
#3583 = ORIENTED_EDGE('',*,*,#3440,.T.);
#3584 = ORIENTED_EDGE('',*,*,#3510,.T.);
#3585 = ORIENTED_EDGE('',*,*,#3586,.T.);
#3586 = EDGE_CURVE('',#3490,#3587,#3589,.T.);
#3587 = VERTEX_POINT('',#3588);
#3588 = CARTESIAN_POINT('',(13.846618531262,34.3,8.));
#3589 = SURFACE_CURVE('',#3590,(#3594,#3600),.PCURVE_S1.);
#3590 = LINE('',#3591,#3592);
#3591 = CARTESIAN_POINT('',(5.8,34.3,8.));
#3592 = VECTOR('',#3593,1.);
#3593 = DIRECTION('',(-1.,0.,0.));
#3594 = PCURVE('',#3457,#3595);
#3595 = DEFINITIONAL_REPRESENTATION('',(#3596),#3599);
#3596 = B_SPLINE_CURVE_WITH_KNOTS('',1,(#3597,#3598),.UNSPECIFIED.,.F.,
  .F.,(2,2),(-10.5,-1.9),.PIECEWISE_BEZIER_KNOTS.);
#3597 = CARTESIAN_POINT('',(1.,4.3));
#3598 = CARTESIAN_POINT('',(1.,-4.3));
#3599 = ( GEOMETRIC_REPRESENTATION_CONTEXT(2) 
PARAMETRIC_REPRESENTATION_CONTEXT() REPRESENTATION_CONTEXT('2D SPACE',''
  ) );
#3600 = PCURVE('',#406,#3601);
#3601 = DEFINITIONAL_REPRESENTATION('',(#3602),#3605);
#3602 = B_SPLINE_CURVE_WITH_KNOTS('',1,(#3603,#3604),.UNSPECIFIED.,.F.,
  .F.,(2,2),(-10.5,-1.9),.PIECEWISE_BEZIER_KNOTS.);
#3603 = CARTESIAN_POINT('',(16.7,1.));
#3604 = CARTESIAN_POINT('',(8.1,1.));
#3605 = ( GEOMETRIC_REPRESENTATION_CONTEXT(2) 
PARAMETRIC_REPRESENTATION_CONTEXT() REPRESENTATION_CONTEXT('2D SPACE',''
  ) );
#3606 = ORIENTED_EDGE('',*,*,#3607,.F.);
#3607 = EDGE_CURVE('',#3608,#3587,#3610,.T.);
#3608 = VERTEX_POINT('',#3609);
#3609 = CARTESIAN_POINT('',(12.,34.3,9.1));
#3610 = SURFACE_CURVE('',#3611,(#3616,#3623),.PCURVE_S1.);
#3611 = CIRCLE('',#3612,2.1);
#3612 = AXIS2_PLACEMENT_3D('',#3613,#3614,#3615);
#3613 = CARTESIAN_POINT('',(12.,34.3,7.));
#3614 = DIRECTION('',(0.,1.,0.));
#3615 = DIRECTION('',(0.,-0.,1.));
#3616 = PCURVE('',#3457,#3617);
#3617 = DEFINITIONAL_REPRESENTATION('',(#3618),#3622);
#3618 = CIRCLE('',#3619,2.1);
#3619 = AXIS2_PLACEMENT_2D('',#3620,#3621);
#3620 = CARTESIAN_POINT('',(0.,0.));
#3621 = DIRECTION('',(1.,0.));
#3622 = ( GEOMETRIC_REPRESENTATION_CONTEXT(2) 
PARAMETRIC_REPRESENTATION_CONTEXT() REPRESENTATION_CONTEXT('2D SPACE',''
  ) );
#3623 = PCURVE('',#3624,#3629);
#3624 = CYLINDRICAL_SURFACE('',#3625,2.1);
#3625 = AXIS2_PLACEMENT_3D('',#3626,#3627,#3628);
#3626 = CARTESIAN_POINT('',(12.,29.,7.));
#3627 = DIRECTION('',(0.,1.,0.));
#3628 = DIRECTION('',(0.,-0.,1.));
#3629 = DEFINITIONAL_REPRESENTATION('',(#3630),#3634);
#3630 = LINE('',#3631,#3632);
#3631 = CARTESIAN_POINT('',(0.,5.3));
#3632 = VECTOR('',#3633,1.);
#3633 = DIRECTION('',(1.,0.));
#3634 = ( GEOMETRIC_REPRESENTATION_CONTEXT(2) 
PARAMETRIC_REPRESENTATION_CONTEXT() REPRESENTATION_CONTEXT('2D SPACE',''
  ) );
#3635 = ORIENTED_EDGE('',*,*,#3636,.F.);
#3636 = EDGE_CURVE('',#3564,#3608,#3637,.T.);
#3637 = SURFACE_CURVE('',#3638,(#3643,#3650),.PCURVE_S1.);
#3638 = CIRCLE('',#3639,2.1);
#3639 = AXIS2_PLACEMENT_3D('',#3640,#3641,#3642);
#3640 = CARTESIAN_POINT('',(12.,34.3,7.));
#3641 = DIRECTION('',(0.,1.,0.));
#3642 = DIRECTION('',(0.,-0.,1.));
#3643 = PCURVE('',#3457,#3644);
#3644 = DEFINITIONAL_REPRESENTATION('',(#3645),#3649);
#3645 = CIRCLE('',#3646,2.1);
#3646 = AXIS2_PLACEMENT_2D('',#3647,#3648);
#3647 = CARTESIAN_POINT('',(0.,0.));
#3648 = DIRECTION('',(1.,0.));
#3649 = ( GEOMETRIC_REPRESENTATION_CONTEXT(2) 
PARAMETRIC_REPRESENTATION_CONTEXT() REPRESENTATION_CONTEXT('2D SPACE',''
  ) );
#3650 = PCURVE('',#3624,#3651);
#3651 = DEFINITIONAL_REPRESENTATION('',(#3652),#3656);
#3652 = LINE('',#3653,#3654);
#3653 = CARTESIAN_POINT('',(0.,5.3));
#3654 = VECTOR('',#3655,1.);
#3655 = DIRECTION('',(1.,0.));
#3656 = ( GEOMETRIC_REPRESENTATION_CONTEXT(2) 
PARAMETRIC_REPRESENTATION_CONTEXT() REPRESENTATION_CONTEXT('2D SPACE',''
  ) );
#3657 = ADVANCED_FACE('',(#3658),#3624,.F.);
#3658 = FACE_BOUND('',#3659,.F.);
#3659 = EDGE_LOOP('',(#3660,#3691,#3710,#3711,#3734,#3756,#3757,#3758));
#3660 = ORIENTED_EDGE('',*,*,#3661,.F.);
#3661 = EDGE_CURVE('',#3662,#3664,#3666,.T.);
#3662 = VERTEX_POINT('',#3663);
#3663 = CARTESIAN_POINT('',(13.846618531262,34.5,8.));
#3664 = VERTEX_POINT('',#3665);
#3665 = CARTESIAN_POINT('',(10.153381468738,34.5,8.));
#3666 = SURFACE_CURVE('',#3667,(#3672,#3679),.PCURVE_S1.);
#3667 = CIRCLE('',#3668,2.1);
#3668 = AXIS2_PLACEMENT_3D('',#3669,#3670,#3671);
#3669 = CARTESIAN_POINT('',(12.,34.5,7.));
#3670 = DIRECTION('',(0.,1.,0.));
#3671 = DIRECTION('',(0.,-0.,1.));
#3672 = PCURVE('',#3624,#3673);
#3673 = DEFINITIONAL_REPRESENTATION('',(#3674),#3678);
#3674 = LINE('',#3675,#3676);
#3675 = CARTESIAN_POINT('',(0.,5.5));
#3676 = VECTOR('',#3677,1.);
#3677 = DIRECTION('',(1.,0.));
#3678 = ( GEOMETRIC_REPRESENTATION_CONTEXT(2) 
PARAMETRIC_REPRESENTATION_CONTEXT() REPRESENTATION_CONTEXT('2D SPACE',''
  ) );
#3679 = PCURVE('',#3680,#3685);
#3680 = PLANE('',#3681);
#3681 = AXIS2_PLACEMENT_3D('',#3682,#3683,#3684);
#3682 = CARTESIAN_POINT('',(12.,34.5,7.));
#3683 = DIRECTION('',(0.,1.,0.));
#3684 = DIRECTION('',(0.,-0.,1.));
#3685 = DEFINITIONAL_REPRESENTATION('',(#3686),#3690);
#3686 = CIRCLE('',#3687,2.1);
#3687 = AXIS2_PLACEMENT_2D('',#3688,#3689);
#3688 = CARTESIAN_POINT('',(0.,0.));
#3689 = DIRECTION('',(1.,0.));
#3690 = ( GEOMETRIC_REPRESENTATION_CONTEXT(2) 
PARAMETRIC_REPRESENTATION_CONTEXT() REPRESENTATION_CONTEXT('2D SPACE',''
  ) );
#3691 = ORIENTED_EDGE('',*,*,#3692,.F.);
#3692 = EDGE_CURVE('',#3587,#3662,#3693,.T.);
#3693 = SURFACE_CURVE('',#3694,(#3698,#3704),.PCURVE_S1.);
#3694 = LINE('',#3695,#3696);
#3695 = CARTESIAN_POINT('',(13.846618531262,29.,8.));
#3696 = VECTOR('',#3697,1.);
#3697 = DIRECTION('',(0.,1.,0.));
#3698 = PCURVE('',#3624,#3699);
#3699 = DEFINITIONAL_REPRESENTATION('',(#3700),#3703);
#3700 = B_SPLINE_CURVE_WITH_KNOTS('',1,(#3701,#3702),.UNSPECIFIED.,.F.,
  .F.,(2,2),(4.36,5.5000006),.PIECEWISE_BEZIER_KNOTS.);
#3701 = CARTESIAN_POINT('',(1.074478964669,4.36));
#3702 = CARTESIAN_POINT('',(1.074478964669,5.5000006));
#3703 = ( GEOMETRIC_REPRESENTATION_CONTEXT(2) 
PARAMETRIC_REPRESENTATION_CONTEXT() REPRESENTATION_CONTEXT('2D SPACE',''
  ) );
#3704 = PCURVE('',#406,#3705);
#3705 = DEFINITIONAL_REPRESENTATION('',(#3706),#3709);
#3706 = B_SPLINE_CURVE_WITH_KNOTS('',1,(#3707,#3708),.UNSPECIFIED.,.F.,
  .F.,(2,2),(4.36,5.5000006),.PIECEWISE_BEZIER_KNOTS.);
#3707 = CARTESIAN_POINT('',(14.246618531262,6.E-02));
#3708 = CARTESIAN_POINT('',(14.246618531262,1.2000006));
#3709 = ( GEOMETRIC_REPRESENTATION_CONTEXT(2) 
PARAMETRIC_REPRESENTATION_CONTEXT() REPRESENTATION_CONTEXT('2D SPACE',''
  ) );
#3710 = ORIENTED_EDGE('',*,*,#3607,.F.);
#3711 = ORIENTED_EDGE('',*,*,#3712,.F.);
#3712 = EDGE_CURVE('',#3713,#3608,#3715,.T.);
#3713 = VERTEX_POINT('',#3714);
#3714 = CARTESIAN_POINT('',(12.,29.,9.1));
#3715 = SEAM_CURVE('',#3716,(#3720,#3727),.PCURVE_S1.);
#3716 = LINE('',#3717,#3718);
#3717 = CARTESIAN_POINT('',(12.,29.,9.1));
#3718 = VECTOR('',#3719,1.);
#3719 = DIRECTION('',(0.,1.,0.));
#3720 = PCURVE('',#3624,#3721);
#3721 = DEFINITIONAL_REPRESENTATION('',(#3722),#3726);
#3722 = LINE('',#3723,#3724);
#3723 = CARTESIAN_POINT('',(6.28318530718,-0.));
#3724 = VECTOR('',#3725,1.);
#3725 = DIRECTION('',(0.,1.));
#3726 = ( GEOMETRIC_REPRESENTATION_CONTEXT(2) 
PARAMETRIC_REPRESENTATION_CONTEXT() REPRESENTATION_CONTEXT('2D SPACE',''
  ) );
#3727 = PCURVE('',#3624,#3728);
#3728 = DEFINITIONAL_REPRESENTATION('',(#3729),#3733);
#3729 = LINE('',#3730,#3731);
#3730 = CARTESIAN_POINT('',(0.,-0.));
#3731 = VECTOR('',#3732,1.);
#3732 = DIRECTION('',(0.,1.));
#3733 = ( GEOMETRIC_REPRESENTATION_CONTEXT(2) 
PARAMETRIC_REPRESENTATION_CONTEXT() REPRESENTATION_CONTEXT('2D SPACE',''
  ) );
#3734 = ORIENTED_EDGE('',*,*,#3735,.T.);
#3735 = EDGE_CURVE('',#3713,#3713,#3736,.T.);
#3736 = SURFACE_CURVE('',#3737,(#3742,#3749),.PCURVE_S1.);
#3737 = CIRCLE('',#3738,2.1);
#3738 = AXIS2_PLACEMENT_3D('',#3739,#3740,#3741);
#3739 = CARTESIAN_POINT('',(12.,29.,7.));
#3740 = DIRECTION('',(0.,1.,0.));
#3741 = DIRECTION('',(0.,-0.,1.));
#3742 = PCURVE('',#3624,#3743);
#3743 = DEFINITIONAL_REPRESENTATION('',(#3744),#3748);
#3744 = LINE('',#3745,#3746);
#3745 = CARTESIAN_POINT('',(0.,0.));
#3746 = VECTOR('',#3747,1.);
#3747 = DIRECTION('',(1.,0.));
#3748 = ( GEOMETRIC_REPRESENTATION_CONTEXT(2) 
PARAMETRIC_REPRESENTATION_CONTEXT() REPRESENTATION_CONTEXT('2D SPACE',''
  ) );
#3749 = PCURVE('',#3548,#3750);
#3750 = DEFINITIONAL_REPRESENTATION('',(#3751),#3755);
#3751 = CIRCLE('',#3752,2.1);
#3752 = AXIS2_PLACEMENT_2D('',#3753,#3754);
#3753 = CARTESIAN_POINT('',(0.,0.));
#3754 = DIRECTION('',(1.,0.));
#3755 = ( GEOMETRIC_REPRESENTATION_CONTEXT(2) 
PARAMETRIC_REPRESENTATION_CONTEXT() REPRESENTATION_CONTEXT('2D SPACE',''
  ) );
#3756 = ORIENTED_EDGE('',*,*,#3712,.T.);
#3757 = ORIENTED_EDGE('',*,*,#3636,.F.);
#3758 = ORIENTED_EDGE('',*,*,#3759,.T.);
#3759 = EDGE_CURVE('',#3564,#3664,#3760,.T.);
#3760 = SURFACE_CURVE('',#3761,(#3765,#3771),.PCURVE_S1.);
#3761 = LINE('',#3762,#3763);
#3762 = CARTESIAN_POINT('',(10.153381468738,29.,8.));
#3763 = VECTOR('',#3764,1.);
#3764 = DIRECTION('',(0.,1.,0.));
#3765 = PCURVE('',#3624,#3766);
#3766 = DEFINITIONAL_REPRESENTATION('',(#3767),#3770);
#3767 = B_SPLINE_CURVE_WITH_KNOTS('',1,(#3768,#3769),.UNSPECIFIED.,.F.,
  .F.,(2,2),(4.36,5.5000006),.PIECEWISE_BEZIER_KNOTS.);
#3768 = CARTESIAN_POINT('',(5.20870634251,4.36));
#3769 = CARTESIAN_POINT('',(5.20870634251,5.5000006));
#3770 = ( GEOMETRIC_REPRESENTATION_CONTEXT(2) 
PARAMETRIC_REPRESENTATION_CONTEXT() REPRESENTATION_CONTEXT('2D SPACE',''
  ) );
#3771 = PCURVE('',#406,#3772);
#3772 = DEFINITIONAL_REPRESENTATION('',(#3773),#3776);
#3773 = B_SPLINE_CURVE_WITH_KNOTS('',1,(#3774,#3775),.UNSPECIFIED.,.F.,
  .F.,(2,2),(4.36,5.5000006),.PIECEWISE_BEZIER_KNOTS.);
#3774 = CARTESIAN_POINT('',(10.553381468738,6.E-02));
#3775 = CARTESIAN_POINT('',(10.553381468738,1.2000006));
#3776 = ( GEOMETRIC_REPRESENTATION_CONTEXT(2) 
PARAMETRIC_REPRESENTATION_CONTEXT() REPRESENTATION_CONTEXT('2D SPACE',''
  ) );
#3777 = ADVANCED_FACE('',(#3778),#3680,.F.);
#3778 = FACE_BOUND('',#3779,.F.);
#3779 = EDGE_LOOP('',(#3780,#3799));
#3780 = ORIENTED_EDGE('',*,*,#3781,.F.);
#3781 = EDGE_CURVE('',#3662,#3664,#3782,.T.);
#3782 = SURFACE_CURVE('',#3783,(#3787,#3793),.PCURVE_S1.);
#3783 = LINE('',#3784,#3785);
#3784 = CARTESIAN_POINT('',(5.8,34.5,8.));
#3785 = VECTOR('',#3786,1.);
#3786 = DIRECTION('',(-1.,0.,0.));
#3787 = PCURVE('',#3680,#3788);
#3788 = DEFINITIONAL_REPRESENTATION('',(#3789),#3792);
#3789 = B_SPLINE_CURVE_WITH_KNOTS('',1,(#3790,#3791),.UNSPECIFIED.,.F.,
  .F.,(2,2),(-8.3,-4.1),.PIECEWISE_BEZIER_KNOTS.);
#3790 = CARTESIAN_POINT('',(1.,2.1));
#3791 = CARTESIAN_POINT('',(1.,-2.1));
#3792 = ( GEOMETRIC_REPRESENTATION_CONTEXT(2) 
PARAMETRIC_REPRESENTATION_CONTEXT() REPRESENTATION_CONTEXT('2D SPACE',''
  ) );
#3793 = PCURVE('',#406,#3794);
#3794 = DEFINITIONAL_REPRESENTATION('',(#3795),#3798);
#3795 = B_SPLINE_CURVE_WITH_KNOTS('',1,(#3796,#3797),.UNSPECIFIED.,.F.,
  .F.,(2,2),(-8.3,-4.1),.PIECEWISE_BEZIER_KNOTS.);
#3796 = CARTESIAN_POINT('',(14.5,1.2));
#3797 = CARTESIAN_POINT('',(10.3,1.2));
#3798 = ( GEOMETRIC_REPRESENTATION_CONTEXT(2) 
PARAMETRIC_REPRESENTATION_CONTEXT() REPRESENTATION_CONTEXT('2D SPACE',''
  ) );
#3799 = ORIENTED_EDGE('',*,*,#3661,.T.);
#3800 = ADVANCED_FACE('',(#3801,#3804),#3548,.F.);
#3801 = FACE_BOUND('',#3802,.F.);
#3802 = EDGE_LOOP('',(#3803));
#3803 = ORIENTED_EDGE('',*,*,#3533,.T.);
#3804 = FACE_BOUND('',#3805,.F.);
#3805 = EDGE_LOOP('',(#3806));
#3806 = ORIENTED_EDGE('',*,*,#3735,.F.);
#3807 = ADVANCED_FACE('',(#3808),#3193,.T.);
#3808 = FACE_BOUND('',#3809,.T.);
#3809 = EDGE_LOOP('',(#3810,#3835,#3862,#3863,#3892,#3913,#3942,#3968,
    #3992,#4011,#4012,#4033));
#3810 = ORIENTED_EDGE('',*,*,#3811,.T.);
#3811 = EDGE_CURVE('',#3812,#3814,#3816,.T.);
#3812 = VERTEX_POINT('',#3813);
#3813 = CARTESIAN_POINT('',(30.,28.,10.6));
#3814 = VERTEX_POINT('',#3815);
#3815 = CARTESIAN_POINT('',(30.,36.1,10.6));
#3816 = SEAM_CURVE('',#3817,(#3821,#3828),.PCURVE_S1.);
#3817 = LINE('',#3818,#3819);
#3818 = CARTESIAN_POINT('',(30.,28.,10.6));
#3819 = VECTOR('',#3820,1.);
#3820 = DIRECTION('',(0.,1.,0.));
#3821 = PCURVE('',#3193,#3822);
#3822 = DEFINITIONAL_REPRESENTATION('',(#3823),#3827);
#3823 = LINE('',#3824,#3825);
#3824 = CARTESIAN_POINT('',(6.28318530718,-0.));
#3825 = VECTOR('',#3826,1.);
#3826 = DIRECTION('',(0.,1.));
#3827 = ( GEOMETRIC_REPRESENTATION_CONTEXT(2) 
PARAMETRIC_REPRESENTATION_CONTEXT() REPRESENTATION_CONTEXT('2D SPACE',''
  ) );
#3828 = PCURVE('',#3193,#3829);
#3829 = DEFINITIONAL_REPRESENTATION('',(#3830),#3834);
#3830 = LINE('',#3831,#3832);
#3831 = CARTESIAN_POINT('',(0.,-0.));
#3832 = VECTOR('',#3833,1.);
#3833 = DIRECTION('',(0.,1.));
#3834 = ( GEOMETRIC_REPRESENTATION_CONTEXT(2) 
PARAMETRIC_REPRESENTATION_CONTEXT() REPRESENTATION_CONTEXT('2D SPACE',''
  ) );
#3835 = ORIENTED_EDGE('',*,*,#3836,.F.);
#3836 = EDGE_CURVE('',#3814,#3814,#3837,.T.);
#3837 = SURFACE_CURVE('',#3838,(#3843,#3850),.PCURVE_S1.);
#3838 = CIRCLE('',#3839,4.6);
#3839 = AXIS2_PLACEMENT_3D('',#3840,#3841,#3842);
#3840 = CARTESIAN_POINT('',(30.,36.1,6.));
#3841 = DIRECTION('',(0.,1.,0.));
#3842 = DIRECTION('',(0.,-0.,1.));
#3843 = PCURVE('',#3193,#3844);
#3844 = DEFINITIONAL_REPRESENTATION('',(#3845),#3849);
#3845 = LINE('',#3846,#3847);
#3846 = CARTESIAN_POINT('',(0.,8.1));
#3847 = VECTOR('',#3848,1.);
#3848 = DIRECTION('',(1.,0.));
#3849 = ( GEOMETRIC_REPRESENTATION_CONTEXT(2) 
PARAMETRIC_REPRESENTATION_CONTEXT() REPRESENTATION_CONTEXT('2D SPACE',''
  ) );
#3850 = PCURVE('',#3851,#3856);
#3851 = PLANE('',#3852);
#3852 = AXIS2_PLACEMENT_3D('',#3853,#3854,#3855);
#3853 = CARTESIAN_POINT('',(30.,36.1,6.));
#3854 = DIRECTION('',(0.,1.,0.));
#3855 = DIRECTION('',(0.,-0.,1.));
#3856 = DEFINITIONAL_REPRESENTATION('',(#3857),#3861);
#3857 = CIRCLE('',#3858,4.6);
#3858 = AXIS2_PLACEMENT_2D('',#3859,#3860);
#3859 = CARTESIAN_POINT('',(0.,0.));
#3860 = DIRECTION('',(1.,0.));
#3861 = ( GEOMETRIC_REPRESENTATION_CONTEXT(2) 
PARAMETRIC_REPRESENTATION_CONTEXT() REPRESENTATION_CONTEXT('2D SPACE',''
  ) );
#3862 = ORIENTED_EDGE('',*,*,#3811,.F.);
#3863 = ORIENTED_EDGE('',*,*,#3864,.T.);
#3864 = EDGE_CURVE('',#3812,#3865,#3867,.T.);
#3865 = VERTEX_POINT('',#3866);
#3866 = CARTESIAN_POINT('',(32.863564212655,28.,2.4));
#3867 = SURFACE_CURVE('',#3868,(#3873,#3880),.PCURVE_S1.);
#3868 = CIRCLE('',#3869,4.6);
#3869 = AXIS2_PLACEMENT_3D('',#3870,#3871,#3872);
#3870 = CARTESIAN_POINT('',(30.,28.,6.));
#3871 = DIRECTION('',(0.,1.,0.));
#3872 = DIRECTION('',(0.,-0.,1.));
#3873 = PCURVE('',#3193,#3874);
#3874 = DEFINITIONAL_REPRESENTATION('',(#3875),#3879);
#3875 = LINE('',#3876,#3877);
#3876 = CARTESIAN_POINT('',(0.,0.));
#3877 = VECTOR('',#3878,1.);
#3878 = DIRECTION('',(1.,0.));
#3879 = ( GEOMETRIC_REPRESENTATION_CONTEXT(2) 
PARAMETRIC_REPRESENTATION_CONTEXT() REPRESENTATION_CONTEXT('2D SPACE',''
  ) );
#3880 = PCURVE('',#3881,#3886);
#3881 = PLANE('',#3882);
#3882 = AXIS2_PLACEMENT_3D('',#3883,#3884,#3885);
#3883 = CARTESIAN_POINT('',(30.,28.,6.));
#3884 = DIRECTION('',(0.,1.,0.));
#3885 = DIRECTION('',(0.,-0.,1.));
#3886 = DEFINITIONAL_REPRESENTATION('',(#3887),#3891);
#3887 = CIRCLE('',#3888,4.6);
#3888 = AXIS2_PLACEMENT_2D('',#3889,#3890);
#3889 = CARTESIAN_POINT('',(0.,0.));
#3890 = DIRECTION('',(1.,0.));
#3891 = ( GEOMETRIC_REPRESENTATION_CONTEXT(2) 
PARAMETRIC_REPRESENTATION_CONTEXT() REPRESENTATION_CONTEXT('2D SPACE',''
  ) );
#3892 = ORIENTED_EDGE('',*,*,#3893,.T.);
#3893 = EDGE_CURVE('',#3865,#3894,#3896,.T.);
#3894 = VERTEX_POINT('',#3895);
#3895 = CARTESIAN_POINT('',(32.863564212655,33.6,2.4));
#3896 = SURFACE_CURVE('',#3897,(#3901,#3907),.PCURVE_S1.);
#3897 = LINE('',#3898,#3899);
#3898 = CARTESIAN_POINT('',(32.863564212655,28.,2.4));
#3899 = VECTOR('',#3900,1.);
#3900 = DIRECTION('',(0.,1.,0.));
#3901 = PCURVE('',#3193,#3902);
#3902 = DEFINITIONAL_REPRESENTATION('',(#3903),#3906);
#3903 = B_SPLINE_CURVE_WITH_KNOTS('',1,(#3904,#3905),.UNSPECIFIED.,.F.,
  .F.,(2,2),(-5.999999999062E-07,8.1000006),.PIECEWISE_BEZIER_KNOTS.);
#3904 = CARTESIAN_POINT('',(2.469641757094,-5.999999999062E-07));
#3905 = CARTESIAN_POINT('',(2.469641757094,8.1000006));
#3906 = ( GEOMETRIC_REPRESENTATION_CONTEXT(2) 
PARAMETRIC_REPRESENTATION_CONTEXT() REPRESENTATION_CONTEXT('2D SPACE',''
  ) );
#3907 = PCURVE('',#1695,#3908);
#3908 = DEFINITIONAL_REPRESENTATION('',(#3909),#3912);
#3909 = B_SPLINE_CURVE_WITH_KNOTS('',1,(#3910,#3911),.UNSPECIFIED.,.F.,
  .F.,(2,2),(-5.999999999062E-07,8.1000006),.PIECEWISE_BEZIER_KNOTS.);
#3910 = CARTESIAN_POINT('',(30.463564212655,28.2999994));
#3911 = CARTESIAN_POINT('',(30.463564212655,36.4000006));
#3912 = ( GEOMETRIC_REPRESENTATION_CONTEXT(2) 
PARAMETRIC_REPRESENTATION_CONTEXT() REPRESENTATION_CONTEXT('2D SPACE',''
  ) );
#3913 = ORIENTED_EDGE('',*,*,#3914,.F.);
#3914 = EDGE_CURVE('',#3915,#3894,#3917,.T.);
#3915 = VERTEX_POINT('',#3916);
#3916 = CARTESIAN_POINT('',(34.142463035442,33.6,8.));
#3917 = SURFACE_CURVE('',#3918,(#3923,#3930),.PCURVE_S1.);
#3918 = CIRCLE('',#3919,4.6);
#3919 = AXIS2_PLACEMENT_3D('',#3920,#3921,#3922);
#3920 = CARTESIAN_POINT('',(30.,33.6,6.));
#3921 = DIRECTION('',(0.,1.,0.));
#3922 = DIRECTION('',(0.,-0.,1.));
#3923 = PCURVE('',#3193,#3924);
#3924 = DEFINITIONAL_REPRESENTATION('',(#3925),#3929);
#3925 = LINE('',#3926,#3927);
#3926 = CARTESIAN_POINT('',(0.,5.6));
#3927 = VECTOR('',#3928,1.);
#3928 = DIRECTION('',(1.,0.));
#3929 = ( GEOMETRIC_REPRESENTATION_CONTEXT(2) 
PARAMETRIC_REPRESENTATION_CONTEXT() REPRESENTATION_CONTEXT('2D SPACE',''
  ) );
#3930 = PCURVE('',#3931,#3936);
#3931 = PLANE('',#3932);
#3932 = AXIS2_PLACEMENT_3D('',#3933,#3934,#3935);
#3933 = CARTESIAN_POINT('',(2.4,33.6,2.4));
#3934 = DIRECTION('',(-0.,1.,0.));
#3935 = DIRECTION('',(0.,0.,1.));
#3936 = DEFINITIONAL_REPRESENTATION('',(#3937),#3941);
#3937 = CIRCLE('',#3938,4.6);
#3938 = AXIS2_PLACEMENT_2D('',#3939,#3940);
#3939 = CARTESIAN_POINT('',(3.6,27.6));
#3940 = DIRECTION('',(1.,0.));
#3941 = ( GEOMETRIC_REPRESENTATION_CONTEXT(2) 
PARAMETRIC_REPRESENTATION_CONTEXT() REPRESENTATION_CONTEXT('2D SPACE',''
  ) );
#3942 = ORIENTED_EDGE('',*,*,#3943,.T.);
#3943 = EDGE_CURVE('',#3915,#3944,#3946,.T.);
#3944 = VERTEX_POINT('',#3945);
#3945 = CARTESIAN_POINT('',(34.142463035442,36.,8.));
#3946 = SURFACE_CURVE('',#3947,(#3951,#3957),.PCURVE_S1.);
#3947 = LINE('',#3948,#3949);
#3948 = CARTESIAN_POINT('',(34.142463035442,28.,8.));
#3949 = VECTOR('',#3950,1.);
#3950 = DIRECTION('',(0.,1.,0.));
#3951 = PCURVE('',#3193,#3952);
#3952 = DEFINITIONAL_REPRESENTATION('',(#3953),#3956);
#3953 = B_SPLINE_CURVE_WITH_KNOTS('',1,(#3954,#3955),.UNSPECIFIED.,.F.,
  .F.,(2,2),(5.36,8.1000006),.PIECEWISE_BEZIER_KNOTS.);
#3954 = CARTESIAN_POINT('',(1.120999466371,5.36));
#3955 = CARTESIAN_POINT('',(1.120999466371,8.1000006));
#3956 = ( GEOMETRIC_REPRESENTATION_CONTEXT(2) 
PARAMETRIC_REPRESENTATION_CONTEXT() REPRESENTATION_CONTEXT('2D SPACE',''
  ) );
#3957 = PCURVE('',#3958,#3963);
#3958 = PLANE('',#3959);
#3959 = AXIS2_PLACEMENT_3D('',#3960,#3961,#3962);
#3960 = CARTESIAN_POINT('',(-0.4,33.3,8.));
#3961 = DIRECTION('',(0.,0.,1.));
#3962 = DIRECTION('',(1.,0.,-0.));
#3963 = DEFINITIONAL_REPRESENTATION('',(#3964),#3967);
#3964 = B_SPLINE_CURVE_WITH_KNOTS('',1,(#3965,#3966),.UNSPECIFIED.,.F.,
  .F.,(2,2),(5.36,8.1000006),.PIECEWISE_BEZIER_KNOTS.);
#3965 = CARTESIAN_POINT('',(34.542463035442,6.E-02));
#3966 = CARTESIAN_POINT('',(34.542463035442,2.8000006));
#3967 = ( GEOMETRIC_REPRESENTATION_CONTEXT(2) 
PARAMETRIC_REPRESENTATION_CONTEXT() REPRESENTATION_CONTEXT('2D SPACE',''
  ) );
#3968 = ORIENTED_EDGE('',*,*,#3969,.T.);
#3969 = EDGE_CURVE('',#3944,#3970,#3972,.T.);
#3970 = VERTEX_POINT('',#3971);
#3971 = CARTESIAN_POINT('',(25.857536964558,36.,8.));
#3972 = SURFACE_CURVE('',#3973,(#3978,#3985),.PCURVE_S1.);
#3973 = CIRCLE('',#3974,4.6);
#3974 = AXIS2_PLACEMENT_3D('',#3975,#3976,#3977);
#3975 = CARTESIAN_POINT('',(30.,36.,6.));
#3976 = DIRECTION('',(0.,1.,0.));
#3977 = DIRECTION('',(0.,-0.,1.));
#3978 = PCURVE('',#3193,#3979);
#3979 = DEFINITIONAL_REPRESENTATION('',(#3980),#3984);
#3980 = LINE('',#3981,#3982);
#3981 = CARTESIAN_POINT('',(0.,8.));
#3982 = VECTOR('',#3983,1.);
#3983 = DIRECTION('',(1.,0.));
#3984 = ( GEOMETRIC_REPRESENTATION_CONTEXT(2) 
PARAMETRIC_REPRESENTATION_CONTEXT() REPRESENTATION_CONTEXT('2D SPACE',''
  ) );
#3985 = PCURVE('',#70,#3986);
#3986 = DEFINITIONAL_REPRESENTATION('',(#3987),#3991);
#3987 = CIRCLE('',#3988,4.6);
#3988 = AXIS2_PLACEMENT_2D('',#3989,#3990);
#3989 = CARTESIAN_POINT('',(6.,30.));
#3990 = DIRECTION('',(1.,0.));
#3991 = ( GEOMETRIC_REPRESENTATION_CONTEXT(2) 
PARAMETRIC_REPRESENTATION_CONTEXT() REPRESENTATION_CONTEXT('2D SPACE',''
  ) );
#3992 = ORIENTED_EDGE('',*,*,#3993,.F.);
#3993 = EDGE_CURVE('',#3177,#3970,#3994,.T.);
#3994 = SURFACE_CURVE('',#3995,(#3999,#4005),.PCURVE_S1.);
#3995 = LINE('',#3996,#3997);
#3996 = CARTESIAN_POINT('',(25.857536964558,28.,8.));
#3997 = VECTOR('',#3998,1.);
#3998 = DIRECTION('',(0.,1.,0.));
#3999 = PCURVE('',#3193,#4000);
#4000 = DEFINITIONAL_REPRESENTATION('',(#4001),#4004);
#4001 = B_SPLINE_CURVE_WITH_KNOTS('',1,(#4002,#4003),.UNSPECIFIED.,.F.,
  .F.,(2,2),(5.36,8.1000006),.PIECEWISE_BEZIER_KNOTS.);
#4002 = CARTESIAN_POINT('',(5.162185840809,5.36));
#4003 = CARTESIAN_POINT('',(5.162185840809,8.1000006));
#4004 = ( GEOMETRIC_REPRESENTATION_CONTEXT(2) 
PARAMETRIC_REPRESENTATION_CONTEXT() REPRESENTATION_CONTEXT('2D SPACE',''
  ) );
#4005 = PCURVE('',#406,#4006);
#4006 = DEFINITIONAL_REPRESENTATION('',(#4007),#4010);
#4007 = B_SPLINE_CURVE_WITH_KNOTS('',1,(#4008,#4009),.UNSPECIFIED.,.F.,
  .F.,(2,2),(5.36,8.1000006),.PIECEWISE_BEZIER_KNOTS.);
#4008 = CARTESIAN_POINT('',(26.257536964558,6.E-02));
#4009 = CARTESIAN_POINT('',(26.257536964558,2.8000006));
#4010 = ( GEOMETRIC_REPRESENTATION_CONTEXT(2) 
PARAMETRIC_REPRESENTATION_CONTEXT() REPRESENTATION_CONTEXT('2D SPACE',''
  ) );
#4011 = ORIENTED_EDGE('',*,*,#3174,.F.);
#4012 = ORIENTED_EDGE('',*,*,#4013,.F.);
#4013 = EDGE_CURVE('',#4014,#3175,#4016,.T.);
#4014 = VERTEX_POINT('',#4015);
#4015 = CARTESIAN_POINT('',(27.136435787345,28.,2.4));
#4016 = SURFACE_CURVE('',#4017,(#4021,#4027),.PCURVE_S1.);
#4017 = LINE('',#4018,#4019);
#4018 = CARTESIAN_POINT('',(27.136435787345,28.,2.4));
#4019 = VECTOR('',#4020,1.);
#4020 = DIRECTION('',(0.,1.,0.));
#4021 = PCURVE('',#3193,#4022);
#4022 = DEFINITIONAL_REPRESENTATION('',(#4023),#4026);
#4023 = B_SPLINE_CURVE_WITH_KNOTS('',1,(#4024,#4025),.UNSPECIFIED.,.F.,
  .F.,(2,2),(-5.999999999062E-07,8.1000006),.PIECEWISE_BEZIER_KNOTS.);
#4024 = CARTESIAN_POINT('',(3.813543550086,-5.999999999062E-07));
#4025 = CARTESIAN_POINT('',(3.813543550086,8.1000006));
#4026 = ( GEOMETRIC_REPRESENTATION_CONTEXT(2) 
PARAMETRIC_REPRESENTATION_CONTEXT() REPRESENTATION_CONTEXT('2D SPACE',''
  ) );
#4027 = PCURVE('',#1695,#4028);
#4028 = DEFINITIONAL_REPRESENTATION('',(#4029),#4032);
#4029 = B_SPLINE_CURVE_WITH_KNOTS('',1,(#4030,#4031),.UNSPECIFIED.,.F.,
  .F.,(2,2),(-5.999999999062E-07,8.1000006),.PIECEWISE_BEZIER_KNOTS.);
#4030 = CARTESIAN_POINT('',(24.736435787345,28.2999994));
#4031 = CARTESIAN_POINT('',(24.736435787345,36.4000006));
#4032 = ( GEOMETRIC_REPRESENTATION_CONTEXT(2) 
PARAMETRIC_REPRESENTATION_CONTEXT() REPRESENTATION_CONTEXT('2D SPACE',''
  ) );
#4033 = ORIENTED_EDGE('',*,*,#4034,.T.);
#4034 = EDGE_CURVE('',#4014,#3812,#4035,.T.);
#4035 = SURFACE_CURVE('',#4036,(#4041,#4048),.PCURVE_S1.);
#4036 = CIRCLE('',#4037,4.6);
#4037 = AXIS2_PLACEMENT_3D('',#4038,#4039,#4040);
#4038 = CARTESIAN_POINT('',(30.,28.,6.));
#4039 = DIRECTION('',(0.,1.,0.));
#4040 = DIRECTION('',(0.,-0.,1.));
#4041 = PCURVE('',#3193,#4042);
#4042 = DEFINITIONAL_REPRESENTATION('',(#4043),#4047);
#4043 = LINE('',#4044,#4045);
#4044 = CARTESIAN_POINT('',(0.,0.));
#4045 = VECTOR('',#4046,1.);
#4046 = DIRECTION('',(1.,0.));
#4047 = ( GEOMETRIC_REPRESENTATION_CONTEXT(2) 
PARAMETRIC_REPRESENTATION_CONTEXT() REPRESENTATION_CONTEXT('2D SPACE',''
  ) );
#4048 = PCURVE('',#3881,#4049);
#4049 = DEFINITIONAL_REPRESENTATION('',(#4050),#4054);
#4050 = CIRCLE('',#4051,4.6);
#4051 = AXIS2_PLACEMENT_2D('',#4052,#4053);
#4052 = CARTESIAN_POINT('',(0.,0.));
#4053 = DIRECTION('',(1.,0.));
#4054 = ( GEOMETRIC_REPRESENTATION_CONTEXT(2) 
PARAMETRIC_REPRESENTATION_CONTEXT() REPRESENTATION_CONTEXT('2D SPACE',''
  ) );
#4055 = ADVANCED_FACE('',(#4056,#4059),#3851,.T.);
#4056 = FACE_BOUND('',#4057,.T.);
#4057 = EDGE_LOOP('',(#4058));
#4058 = ORIENTED_EDGE('',*,*,#3836,.T.);
#4059 = FACE_BOUND('',#4060,.T.);
#4060 = EDGE_LOOP('',(#4061));
#4061 = ORIENTED_EDGE('',*,*,#4062,.F.);
#4062 = EDGE_CURVE('',#4063,#4063,#4065,.T.);
#4063 = VERTEX_POINT('',#4064);
#4064 = CARTESIAN_POINT('',(30.,36.1,8.1));
#4065 = SURFACE_CURVE('',#4066,(#4071,#4078),.PCURVE_S1.);
#4066 = CIRCLE('',#4067,2.1);
#4067 = AXIS2_PLACEMENT_3D('',#4068,#4069,#4070);
#4068 = CARTESIAN_POINT('',(30.,36.1,6.));
#4069 = DIRECTION('',(0.,1.,0.));
#4070 = DIRECTION('',(0.,-0.,1.));
#4071 = PCURVE('',#3851,#4072);
#4072 = DEFINITIONAL_REPRESENTATION('',(#4073),#4077);
#4073 = CIRCLE('',#4074,2.1);
#4074 = AXIS2_PLACEMENT_2D('',#4075,#4076);
#4075 = CARTESIAN_POINT('',(0.,0.));
#4076 = DIRECTION('',(1.,0.));
#4077 = ( GEOMETRIC_REPRESENTATION_CONTEXT(2) 
PARAMETRIC_REPRESENTATION_CONTEXT() REPRESENTATION_CONTEXT('2D SPACE',''
  ) );
#4078 = PCURVE('',#4079,#4084);
#4079 = CYLINDRICAL_SURFACE('',#4080,2.1);
#4080 = AXIS2_PLACEMENT_3D('',#4081,#4082,#4083);
#4081 = CARTESIAN_POINT('',(30.,30.,6.));
#4082 = DIRECTION('',(0.,1.,0.));
#4083 = DIRECTION('',(0.,-0.,1.));
#4084 = DEFINITIONAL_REPRESENTATION('',(#4085),#4089);
#4085 = LINE('',#4086,#4087);
#4086 = CARTESIAN_POINT('',(0.,6.1));
#4087 = VECTOR('',#4088,1.);
#4088 = DIRECTION('',(1.,0.));
#4089 = ( GEOMETRIC_REPRESENTATION_CONTEXT(2) 
PARAMETRIC_REPRESENTATION_CONTEXT() REPRESENTATION_CONTEXT('2D SPACE',''
  ) );
#4090 = ADVANCED_FACE('',(#4091),#4079,.F.);
#4091 = FACE_BOUND('',#4092,.F.);
#4092 = EDGE_LOOP('',(#4093,#4094,#4117,#4144));
#4093 = ORIENTED_EDGE('',*,*,#4062,.F.);
#4094 = ORIENTED_EDGE('',*,*,#4095,.F.);
#4095 = EDGE_CURVE('',#4096,#4063,#4098,.T.);
#4096 = VERTEX_POINT('',#4097);
#4097 = CARTESIAN_POINT('',(30.,30.,8.1));
#4098 = SEAM_CURVE('',#4099,(#4103,#4110),.PCURVE_S1.);
#4099 = LINE('',#4100,#4101);
#4100 = CARTESIAN_POINT('',(30.,30.,8.1));
#4101 = VECTOR('',#4102,1.);
#4102 = DIRECTION('',(0.,1.,0.));
#4103 = PCURVE('',#4079,#4104);
#4104 = DEFINITIONAL_REPRESENTATION('',(#4105),#4109);
#4105 = LINE('',#4106,#4107);
#4106 = CARTESIAN_POINT('',(6.28318530718,-0.));
#4107 = VECTOR('',#4108,1.);
#4108 = DIRECTION('',(0.,1.));
#4109 = ( GEOMETRIC_REPRESENTATION_CONTEXT(2) 
PARAMETRIC_REPRESENTATION_CONTEXT() REPRESENTATION_CONTEXT('2D SPACE',''
  ) );
#4110 = PCURVE('',#4079,#4111);
#4111 = DEFINITIONAL_REPRESENTATION('',(#4112),#4116);
#4112 = LINE('',#4113,#4114);
#4113 = CARTESIAN_POINT('',(0.,-0.));
#4114 = VECTOR('',#4115,1.);
#4115 = DIRECTION('',(0.,1.));
#4116 = ( GEOMETRIC_REPRESENTATION_CONTEXT(2) 
PARAMETRIC_REPRESENTATION_CONTEXT() REPRESENTATION_CONTEXT('2D SPACE',''
  ) );
#4117 = ORIENTED_EDGE('',*,*,#4118,.T.);
#4118 = EDGE_CURVE('',#4096,#4096,#4119,.T.);
#4119 = SURFACE_CURVE('',#4120,(#4125,#4132),.PCURVE_S1.);
#4120 = CIRCLE('',#4121,2.1);
#4121 = AXIS2_PLACEMENT_3D('',#4122,#4123,#4124);
#4122 = CARTESIAN_POINT('',(30.,30.,6.));
#4123 = DIRECTION('',(0.,1.,0.));
#4124 = DIRECTION('',(0.,-0.,1.));
#4125 = PCURVE('',#4079,#4126);
#4126 = DEFINITIONAL_REPRESENTATION('',(#4127),#4131);
#4127 = LINE('',#4128,#4129);
#4128 = CARTESIAN_POINT('',(0.,0.));
#4129 = VECTOR('',#4130,1.);
#4130 = DIRECTION('',(1.,0.));
#4131 = ( GEOMETRIC_REPRESENTATION_CONTEXT(2) 
PARAMETRIC_REPRESENTATION_CONTEXT() REPRESENTATION_CONTEXT('2D SPACE',''
  ) );
#4132 = PCURVE('',#4133,#4138);
#4133 = PLANE('',#4134);
#4134 = AXIS2_PLACEMENT_3D('',#4135,#4136,#4137);
#4135 = CARTESIAN_POINT('',(30.,30.,6.));
#4136 = DIRECTION('',(0.,1.,0.));
#4137 = DIRECTION('',(0.,-0.,1.));
#4138 = DEFINITIONAL_REPRESENTATION('',(#4139),#4143);
#4139 = CIRCLE('',#4140,2.1);
#4140 = AXIS2_PLACEMENT_2D('',#4141,#4142);
#4141 = CARTESIAN_POINT('',(0.,0.));
#4142 = DIRECTION('',(1.,0.));
#4143 = ( GEOMETRIC_REPRESENTATION_CONTEXT(2) 
PARAMETRIC_REPRESENTATION_CONTEXT() REPRESENTATION_CONTEXT('2D SPACE',''
  ) );
#4144 = ORIENTED_EDGE('',*,*,#4095,.T.);
#4145 = ADVANCED_FACE('',(#4146),#4133,.T.);
#4146 = FACE_BOUND('',#4147,.F.);
#4147 = EDGE_LOOP('',(#4148));
#4148 = ORIENTED_EDGE('',*,*,#4118,.F.);
#4149 = ADVANCED_FACE('',(#4150),#3931,.F.);
#4150 = FACE_BOUND('',#4151,.F.);
#4151 = EDGE_LOOP('',(#4152,#4183,#4204,#4205));
#4152 = ORIENTED_EDGE('',*,*,#4153,.F.);
#4153 = EDGE_CURVE('',#4154,#4156,#4158,.T.);
#4154 = VERTEX_POINT('',#4155);
#4155 = CARTESIAN_POINT('',(85.136435787345,33.6,2.4));
#4156 = VERTEX_POINT('',#4157);
#4157 = CARTESIAN_POINT('',(83.857536964558,33.6,8.));
#4158 = SURFACE_CURVE('',#4159,(#4164,#4171),.PCURVE_S1.);
#4159 = CIRCLE('',#4160,4.6);
#4160 = AXIS2_PLACEMENT_3D('',#4161,#4162,#4163);
#4161 = CARTESIAN_POINT('',(88.,33.6,6.));
#4162 = DIRECTION('',(0.,1.,0.));
#4163 = DIRECTION('',(0.,-0.,1.));
#4164 = PCURVE('',#3931,#4165);
#4165 = DEFINITIONAL_REPRESENTATION('',(#4166),#4170);
#4166 = CIRCLE('',#4167,4.6);
#4167 = AXIS2_PLACEMENT_2D('',#4168,#4169);
#4168 = CARTESIAN_POINT('',(3.6,85.6));
#4169 = DIRECTION('',(1.,0.));
#4170 = ( GEOMETRIC_REPRESENTATION_CONTEXT(2) 
PARAMETRIC_REPRESENTATION_CONTEXT() REPRESENTATION_CONTEXT('2D SPACE',''
  ) );
#4171 = PCURVE('',#4172,#4177);
#4172 = CYLINDRICAL_SURFACE('',#4173,4.6);
#4173 = AXIS2_PLACEMENT_3D('',#4174,#4175,#4176);
#4174 = CARTESIAN_POINT('',(88.,28.,6.));
#4175 = DIRECTION('',(0.,1.,0.));
#4176 = DIRECTION('',(0.,-0.,1.));
#4177 = DEFINITIONAL_REPRESENTATION('',(#4178),#4182);
#4178 = LINE('',#4179,#4180);
#4179 = CARTESIAN_POINT('',(0.,5.6));
#4180 = VECTOR('',#4181,1.);
#4181 = DIRECTION('',(1.,0.));
#4182 = ( GEOMETRIC_REPRESENTATION_CONTEXT(2) 
PARAMETRIC_REPRESENTATION_CONTEXT() REPRESENTATION_CONTEXT('2D SPACE',''
  ) );
#4183 = ORIENTED_EDGE('',*,*,#4184,.F.);
#4184 = EDGE_CURVE('',#3894,#4154,#4185,.T.);
#4185 = SURFACE_CURVE('',#4186,(#4190,#4197),.PCURVE_S1.);
#4186 = LINE('',#4187,#4188);
#4187 = CARTESIAN_POINT('',(2.4,33.6,2.4));
#4188 = VECTOR('',#4189,1.);
#4189 = DIRECTION('',(1.,0.,-0.));
#4190 = PCURVE('',#3931,#4191);
#4191 = DEFINITIONAL_REPRESENTATION('',(#4192),#4196);
#4192 = LINE('',#4193,#4194);
#4193 = CARTESIAN_POINT('',(0.,0.));
#4194 = VECTOR('',#4195,1.);
#4195 = DIRECTION('',(0.,1.));
#4196 = ( GEOMETRIC_REPRESENTATION_CONTEXT(2) 
PARAMETRIC_REPRESENTATION_CONTEXT() REPRESENTATION_CONTEXT('2D SPACE',''
  ) );
#4197 = PCURVE('',#1695,#4198);
#4198 = DEFINITIONAL_REPRESENTATION('',(#4199),#4203);
#4199 = LINE('',#4200,#4201);
#4200 = CARTESIAN_POINT('',(0.,33.9));
#4201 = VECTOR('',#4202,1.);
#4202 = DIRECTION('',(1.,0.));
#4203 = ( GEOMETRIC_REPRESENTATION_CONTEXT(2) 
PARAMETRIC_REPRESENTATION_CONTEXT() REPRESENTATION_CONTEXT('2D SPACE',''
  ) );
#4204 = ORIENTED_EDGE('',*,*,#3914,.F.);
#4205 = ORIENTED_EDGE('',*,*,#4206,.T.);
#4206 = EDGE_CURVE('',#3915,#4156,#4207,.T.);
#4207 = SURFACE_CURVE('',#4208,(#4212,#4218),.PCURVE_S1.);
#4208 = LINE('',#4209,#4210);
#4209 = CARTESIAN_POINT('',(1.,33.6,8.));
#4210 = VECTOR('',#4211,1.);
#4211 = DIRECTION('',(1.,0.,-0.));
#4212 = PCURVE('',#3931,#4213);
#4213 = DEFINITIONAL_REPRESENTATION('',(#4214),#4217);
#4214 = B_SPLINE_CURVE_WITH_KNOTS('',1,(#4215,#4216),.UNSPECIFIED.,.F.,
  .F.,(2,2),(1.4,101.),.PIECEWISE_BEZIER_KNOTS.);
#4215 = CARTESIAN_POINT('',(5.6,0.));
#4216 = CARTESIAN_POINT('',(5.6,99.6));
#4217 = ( GEOMETRIC_REPRESENTATION_CONTEXT(2) 
PARAMETRIC_REPRESENTATION_CONTEXT() REPRESENTATION_CONTEXT('2D SPACE',''
  ) );
#4218 = PCURVE('',#3958,#4219);
#4219 = DEFINITIONAL_REPRESENTATION('',(#4220),#4223);
#4220 = B_SPLINE_CURVE_WITH_KNOTS('',1,(#4221,#4222),.UNSPECIFIED.,.F.,
  .F.,(2,2),(1.4,101.),.PIECEWISE_BEZIER_KNOTS.);
#4221 = CARTESIAN_POINT('',(2.8,0.3));
#4222 = CARTESIAN_POINT('',(102.4,0.3));
#4223 = ( GEOMETRIC_REPRESENTATION_CONTEXT(2) 
PARAMETRIC_REPRESENTATION_CONTEXT() REPRESENTATION_CONTEXT('2D SPACE',''
  ) );
#4224 = ADVANCED_FACE('',(#4225),#4172,.T.);
#4225 = FACE_BOUND('',#4226,.T.);
#4226 = EDGE_LOOP('',(#4227,#4252,#4279,#4280,#4309,#4330,#4359,#4385,
    #4409,#4428,#4429,#4450));
#4227 = ORIENTED_EDGE('',*,*,#4228,.T.);
#4228 = EDGE_CURVE('',#4229,#4231,#4233,.T.);
#4229 = VERTEX_POINT('',#4230);
#4230 = CARTESIAN_POINT('',(88.,28.,10.6));
#4231 = VERTEX_POINT('',#4232);
#4232 = CARTESIAN_POINT('',(88.,36.1,10.6));
#4233 = SEAM_CURVE('',#4234,(#4238,#4245),.PCURVE_S1.);
#4234 = LINE('',#4235,#4236);
#4235 = CARTESIAN_POINT('',(88.,28.,10.6));
#4236 = VECTOR('',#4237,1.);
#4237 = DIRECTION('',(0.,1.,0.));
#4238 = PCURVE('',#4172,#4239);
#4239 = DEFINITIONAL_REPRESENTATION('',(#4240),#4244);
#4240 = LINE('',#4241,#4242);
#4241 = CARTESIAN_POINT('',(6.28318530718,-0.));
#4242 = VECTOR('',#4243,1.);
#4243 = DIRECTION('',(0.,1.));
#4244 = ( GEOMETRIC_REPRESENTATION_CONTEXT(2) 
PARAMETRIC_REPRESENTATION_CONTEXT() REPRESENTATION_CONTEXT('2D SPACE',''
  ) );
#4245 = PCURVE('',#4172,#4246);
#4246 = DEFINITIONAL_REPRESENTATION('',(#4247),#4251);
#4247 = LINE('',#4248,#4249);
#4248 = CARTESIAN_POINT('',(0.,-0.));
#4249 = VECTOR('',#4250,1.);
#4250 = DIRECTION('',(0.,1.));
#4251 = ( GEOMETRIC_REPRESENTATION_CONTEXT(2) 
PARAMETRIC_REPRESENTATION_CONTEXT() REPRESENTATION_CONTEXT('2D SPACE',''
  ) );
#4252 = ORIENTED_EDGE('',*,*,#4253,.F.);
#4253 = EDGE_CURVE('',#4231,#4231,#4254,.T.);
#4254 = SURFACE_CURVE('',#4255,(#4260,#4267),.PCURVE_S1.);
#4255 = CIRCLE('',#4256,4.6);
#4256 = AXIS2_PLACEMENT_3D('',#4257,#4258,#4259);
#4257 = CARTESIAN_POINT('',(88.,36.1,6.));
#4258 = DIRECTION('',(0.,1.,0.));
#4259 = DIRECTION('',(0.,-0.,1.));
#4260 = PCURVE('',#4172,#4261);
#4261 = DEFINITIONAL_REPRESENTATION('',(#4262),#4266);
#4262 = LINE('',#4263,#4264);
#4263 = CARTESIAN_POINT('',(0.,8.1));
#4264 = VECTOR('',#4265,1.);
#4265 = DIRECTION('',(1.,0.));
#4266 = ( GEOMETRIC_REPRESENTATION_CONTEXT(2) 
PARAMETRIC_REPRESENTATION_CONTEXT() REPRESENTATION_CONTEXT('2D SPACE',''
  ) );
#4267 = PCURVE('',#4268,#4273);
#4268 = PLANE('',#4269);
#4269 = AXIS2_PLACEMENT_3D('',#4270,#4271,#4272);
#4270 = CARTESIAN_POINT('',(88.,36.1,6.));
#4271 = DIRECTION('',(0.,1.,0.));
#4272 = DIRECTION('',(0.,-0.,1.));
#4273 = DEFINITIONAL_REPRESENTATION('',(#4274),#4278);
#4274 = CIRCLE('',#4275,4.6);
#4275 = AXIS2_PLACEMENT_2D('',#4276,#4277);
#4276 = CARTESIAN_POINT('',(0.,0.));
#4277 = DIRECTION('',(1.,0.));
#4278 = ( GEOMETRIC_REPRESENTATION_CONTEXT(2) 
PARAMETRIC_REPRESENTATION_CONTEXT() REPRESENTATION_CONTEXT('2D SPACE',''
  ) );
#4279 = ORIENTED_EDGE('',*,*,#4228,.F.);
#4280 = ORIENTED_EDGE('',*,*,#4281,.T.);
#4281 = EDGE_CURVE('',#4229,#4282,#4284,.T.);
#4282 = VERTEX_POINT('',#4283);
#4283 = CARTESIAN_POINT('',(90.863564212655,28.,2.4));
#4284 = SURFACE_CURVE('',#4285,(#4290,#4297),.PCURVE_S1.);
#4285 = CIRCLE('',#4286,4.6);
#4286 = AXIS2_PLACEMENT_3D('',#4287,#4288,#4289);
#4287 = CARTESIAN_POINT('',(88.,28.,6.));
#4288 = DIRECTION('',(0.,1.,0.));
#4289 = DIRECTION('',(0.,-0.,1.));
#4290 = PCURVE('',#4172,#4291);
#4291 = DEFINITIONAL_REPRESENTATION('',(#4292),#4296);
#4292 = LINE('',#4293,#4294);
#4293 = CARTESIAN_POINT('',(0.,0.));
#4294 = VECTOR('',#4295,1.);
#4295 = DIRECTION('',(1.,0.));
#4296 = ( GEOMETRIC_REPRESENTATION_CONTEXT(2) 
PARAMETRIC_REPRESENTATION_CONTEXT() REPRESENTATION_CONTEXT('2D SPACE',''
  ) );
#4297 = PCURVE('',#4298,#4303);
#4298 = PLANE('',#4299);
#4299 = AXIS2_PLACEMENT_3D('',#4300,#4301,#4302);
#4300 = CARTESIAN_POINT('',(88.,28.,6.));
#4301 = DIRECTION('',(0.,1.,0.));
#4302 = DIRECTION('',(0.,-0.,1.));
#4303 = DEFINITIONAL_REPRESENTATION('',(#4304),#4308);
#4304 = CIRCLE('',#4305,4.6);
#4305 = AXIS2_PLACEMENT_2D('',#4306,#4307);
#4306 = CARTESIAN_POINT('',(0.,0.));
#4307 = DIRECTION('',(1.,0.));
#4308 = ( GEOMETRIC_REPRESENTATION_CONTEXT(2) 
PARAMETRIC_REPRESENTATION_CONTEXT() REPRESENTATION_CONTEXT('2D SPACE',''
  ) );
#4309 = ORIENTED_EDGE('',*,*,#4310,.T.);
#4310 = EDGE_CURVE('',#4282,#4311,#4313,.T.);
#4311 = VERTEX_POINT('',#4312);
#4312 = CARTESIAN_POINT('',(90.863564212655,33.6,2.4));
#4313 = SURFACE_CURVE('',#4314,(#4318,#4324),.PCURVE_S1.);
#4314 = LINE('',#4315,#4316);
#4315 = CARTESIAN_POINT('',(90.863564212655,28.,2.4));
#4316 = VECTOR('',#4317,1.);
#4317 = DIRECTION('',(0.,1.,0.));
#4318 = PCURVE('',#4172,#4319);
#4319 = DEFINITIONAL_REPRESENTATION('',(#4320),#4323);
#4320 = B_SPLINE_CURVE_WITH_KNOTS('',1,(#4321,#4322),.UNSPECIFIED.,.F.,
  .F.,(2,2),(-5.999999999062E-07,8.1000006),.PIECEWISE_BEZIER_KNOTS.);
#4321 = CARTESIAN_POINT('',(2.469641757094,-5.999999999062E-07));
#4322 = CARTESIAN_POINT('',(2.469641757094,8.1000006));
#4323 = ( GEOMETRIC_REPRESENTATION_CONTEXT(2) 
PARAMETRIC_REPRESENTATION_CONTEXT() REPRESENTATION_CONTEXT('2D SPACE',''
  ) );
#4324 = PCURVE('',#1695,#4325);
#4325 = DEFINITIONAL_REPRESENTATION('',(#4326),#4329);
#4326 = B_SPLINE_CURVE_WITH_KNOTS('',1,(#4327,#4328),.UNSPECIFIED.,.F.,
  .F.,(2,2),(-5.999999999062E-07,8.1000006),.PIECEWISE_BEZIER_KNOTS.);
#4327 = CARTESIAN_POINT('',(88.463564212655,28.2999994));
#4328 = CARTESIAN_POINT('',(88.463564212655,36.4000006));
#4329 = ( GEOMETRIC_REPRESENTATION_CONTEXT(2) 
PARAMETRIC_REPRESENTATION_CONTEXT() REPRESENTATION_CONTEXT('2D SPACE',''
  ) );
#4330 = ORIENTED_EDGE('',*,*,#4331,.F.);
#4331 = EDGE_CURVE('',#4332,#4311,#4334,.T.);
#4332 = VERTEX_POINT('',#4333);
#4333 = CARTESIAN_POINT('',(92.142463035442,33.6,8.));
#4334 = SURFACE_CURVE('',#4335,(#4340,#4347),.PCURVE_S1.);
#4335 = CIRCLE('',#4336,4.6);
#4336 = AXIS2_PLACEMENT_3D('',#4337,#4338,#4339);
#4337 = CARTESIAN_POINT('',(88.,33.6,6.));
#4338 = DIRECTION('',(0.,1.,0.));
#4339 = DIRECTION('',(0.,-0.,1.));
#4340 = PCURVE('',#4172,#4341);
#4341 = DEFINITIONAL_REPRESENTATION('',(#4342),#4346);
#4342 = LINE('',#4343,#4344);
#4343 = CARTESIAN_POINT('',(0.,5.6));
#4344 = VECTOR('',#4345,1.);
#4345 = DIRECTION('',(1.,0.));
#4346 = ( GEOMETRIC_REPRESENTATION_CONTEXT(2) 
PARAMETRIC_REPRESENTATION_CONTEXT() REPRESENTATION_CONTEXT('2D SPACE',''
  ) );
#4347 = PCURVE('',#4348,#4353);
#4348 = PLANE('',#4349);
#4349 = AXIS2_PLACEMENT_3D('',#4350,#4351,#4352);
#4350 = CARTESIAN_POINT('',(2.4,33.6,2.4));
#4351 = DIRECTION('',(-0.,1.,0.));
#4352 = DIRECTION('',(0.,0.,1.));
#4353 = DEFINITIONAL_REPRESENTATION('',(#4354),#4358);
#4354 = CIRCLE('',#4355,4.6);
#4355 = AXIS2_PLACEMENT_2D('',#4356,#4357);
#4356 = CARTESIAN_POINT('',(3.6,85.6));
#4357 = DIRECTION('',(1.,0.));
#4358 = ( GEOMETRIC_REPRESENTATION_CONTEXT(2) 
PARAMETRIC_REPRESENTATION_CONTEXT() REPRESENTATION_CONTEXT('2D SPACE',''
  ) );
#4359 = ORIENTED_EDGE('',*,*,#4360,.T.);
#4360 = EDGE_CURVE('',#4332,#4361,#4363,.T.);
#4361 = VERTEX_POINT('',#4362);
#4362 = CARTESIAN_POINT('',(92.142463035442,36.,8.));
#4363 = SURFACE_CURVE('',#4364,(#4368,#4374),.PCURVE_S1.);
#4364 = LINE('',#4365,#4366);
#4365 = CARTESIAN_POINT('',(92.142463035442,28.,8.));
#4366 = VECTOR('',#4367,1.);
#4367 = DIRECTION('',(0.,1.,0.));
#4368 = PCURVE('',#4172,#4369);
#4369 = DEFINITIONAL_REPRESENTATION('',(#4370),#4373);
#4370 = B_SPLINE_CURVE_WITH_KNOTS('',1,(#4371,#4372),.UNSPECIFIED.,.F.,
  .F.,(2,2),(5.36,8.1000006),.PIECEWISE_BEZIER_KNOTS.);
#4371 = CARTESIAN_POINT('',(1.120999466371,5.36));
#4372 = CARTESIAN_POINT('',(1.120999466371,8.1000006));
#4373 = ( GEOMETRIC_REPRESENTATION_CONTEXT(2) 
PARAMETRIC_REPRESENTATION_CONTEXT() REPRESENTATION_CONTEXT('2D SPACE',''
  ) );
#4374 = PCURVE('',#4375,#4380);
#4375 = PLANE('',#4376);
#4376 = AXIS2_PLACEMENT_3D('',#4377,#4378,#4379);
#4377 = CARTESIAN_POINT('',(-0.4,33.3,8.));
#4378 = DIRECTION('',(0.,0.,1.));
#4379 = DIRECTION('',(1.,0.,-0.));
#4380 = DEFINITIONAL_REPRESENTATION('',(#4381),#4384);
#4381 = B_SPLINE_CURVE_WITH_KNOTS('',1,(#4382,#4383),.UNSPECIFIED.,.F.,
  .F.,(2,2),(5.36,8.1000006),.PIECEWISE_BEZIER_KNOTS.);
#4382 = CARTESIAN_POINT('',(92.542463035442,6.E-02));
#4383 = CARTESIAN_POINT('',(92.542463035442,2.8000006));
#4384 = ( GEOMETRIC_REPRESENTATION_CONTEXT(2) 
PARAMETRIC_REPRESENTATION_CONTEXT() REPRESENTATION_CONTEXT('2D SPACE',''
  ) );
#4385 = ORIENTED_EDGE('',*,*,#4386,.T.);
#4386 = EDGE_CURVE('',#4361,#4387,#4389,.T.);
#4387 = VERTEX_POINT('',#4388);
#4388 = CARTESIAN_POINT('',(83.857536964558,36.,8.));
#4389 = SURFACE_CURVE('',#4390,(#4395,#4402),.PCURVE_S1.);
#4390 = CIRCLE('',#4391,4.6);
#4391 = AXIS2_PLACEMENT_3D('',#4392,#4393,#4394);
#4392 = CARTESIAN_POINT('',(88.,36.,6.));
#4393 = DIRECTION('',(0.,1.,0.));
#4394 = DIRECTION('',(0.,-0.,1.));
#4395 = PCURVE('',#4172,#4396);
#4396 = DEFINITIONAL_REPRESENTATION('',(#4397),#4401);
#4397 = LINE('',#4398,#4399);
#4398 = CARTESIAN_POINT('',(0.,8.));
#4399 = VECTOR('',#4400,1.);
#4400 = DIRECTION('',(1.,0.));
#4401 = ( GEOMETRIC_REPRESENTATION_CONTEXT(2) 
PARAMETRIC_REPRESENTATION_CONTEXT() REPRESENTATION_CONTEXT('2D SPACE',''
  ) );
#4402 = PCURVE('',#70,#4403);
#4403 = DEFINITIONAL_REPRESENTATION('',(#4404),#4408);
#4404 = CIRCLE('',#4405,4.6);
#4405 = AXIS2_PLACEMENT_2D('',#4406,#4407);
#4406 = CARTESIAN_POINT('',(6.,88.));
#4407 = DIRECTION('',(1.,0.));
#4408 = ( GEOMETRIC_REPRESENTATION_CONTEXT(2) 
PARAMETRIC_REPRESENTATION_CONTEXT() REPRESENTATION_CONTEXT('2D SPACE',''
  ) );
#4409 = ORIENTED_EDGE('',*,*,#4410,.F.);
#4410 = EDGE_CURVE('',#4156,#4387,#4411,.T.);
#4411 = SURFACE_CURVE('',#4412,(#4416,#4422),.PCURVE_S1.);
#4412 = LINE('',#4413,#4414);
#4413 = CARTESIAN_POINT('',(83.857536964558,28.,8.));
#4414 = VECTOR('',#4415,1.);
#4415 = DIRECTION('',(0.,1.,0.));
#4416 = PCURVE('',#4172,#4417);
#4417 = DEFINITIONAL_REPRESENTATION('',(#4418),#4421);
#4418 = B_SPLINE_CURVE_WITH_KNOTS('',1,(#4419,#4420),.UNSPECIFIED.,.F.,
  .F.,(2,2),(5.36,8.1000006),.PIECEWISE_BEZIER_KNOTS.);
#4419 = CARTESIAN_POINT('',(5.162185840809,5.36));
#4420 = CARTESIAN_POINT('',(5.162185840809,8.1000006));
#4421 = ( GEOMETRIC_REPRESENTATION_CONTEXT(2) 
PARAMETRIC_REPRESENTATION_CONTEXT() REPRESENTATION_CONTEXT('2D SPACE',''
  ) );
#4422 = PCURVE('',#3958,#4423);
#4423 = DEFINITIONAL_REPRESENTATION('',(#4424),#4427);
#4424 = B_SPLINE_CURVE_WITH_KNOTS('',1,(#4425,#4426),.UNSPECIFIED.,.F.,
  .F.,(2,2),(5.36,8.1000006),.PIECEWISE_BEZIER_KNOTS.);
#4425 = CARTESIAN_POINT('',(84.257536964558,6.E-02));
#4426 = CARTESIAN_POINT('',(84.257536964558,2.8000006));
#4427 = ( GEOMETRIC_REPRESENTATION_CONTEXT(2) 
PARAMETRIC_REPRESENTATION_CONTEXT() REPRESENTATION_CONTEXT('2D SPACE',''
  ) );
#4428 = ORIENTED_EDGE('',*,*,#4153,.F.);
#4429 = ORIENTED_EDGE('',*,*,#4430,.F.);
#4430 = EDGE_CURVE('',#4431,#4154,#4433,.T.);
#4431 = VERTEX_POINT('',#4432);
#4432 = CARTESIAN_POINT('',(85.136435787345,28.,2.4));
#4433 = SURFACE_CURVE('',#4434,(#4438,#4444),.PCURVE_S1.);
#4434 = LINE('',#4435,#4436);
#4435 = CARTESIAN_POINT('',(85.136435787345,28.,2.4));
#4436 = VECTOR('',#4437,1.);
#4437 = DIRECTION('',(0.,1.,0.));
#4438 = PCURVE('',#4172,#4439);
#4439 = DEFINITIONAL_REPRESENTATION('',(#4440),#4443);
#4440 = B_SPLINE_CURVE_WITH_KNOTS('',1,(#4441,#4442),.UNSPECIFIED.,.F.,
  .F.,(2,2),(-5.999999999062E-07,8.1000006),.PIECEWISE_BEZIER_KNOTS.);
#4441 = CARTESIAN_POINT('',(3.813543550086,-5.999999999062E-07));
#4442 = CARTESIAN_POINT('',(3.813543550086,8.1000006));
#4443 = ( GEOMETRIC_REPRESENTATION_CONTEXT(2) 
PARAMETRIC_REPRESENTATION_CONTEXT() REPRESENTATION_CONTEXT('2D SPACE',''
  ) );
#4444 = PCURVE('',#1695,#4445);
#4445 = DEFINITIONAL_REPRESENTATION('',(#4446),#4449);
#4446 = B_SPLINE_CURVE_WITH_KNOTS('',1,(#4447,#4448),.UNSPECIFIED.,.F.,
  .F.,(2,2),(-5.999999999062E-07,8.1000006),.PIECEWISE_BEZIER_KNOTS.);
#4447 = CARTESIAN_POINT('',(82.736435787345,28.2999994));
#4448 = CARTESIAN_POINT('',(82.736435787345,36.4000006));
#4449 = ( GEOMETRIC_REPRESENTATION_CONTEXT(2) 
PARAMETRIC_REPRESENTATION_CONTEXT() REPRESENTATION_CONTEXT('2D SPACE',''
  ) );
#4450 = ORIENTED_EDGE('',*,*,#4451,.T.);
#4451 = EDGE_CURVE('',#4431,#4229,#4452,.T.);
#4452 = SURFACE_CURVE('',#4453,(#4458,#4465),.PCURVE_S1.);
#4453 = CIRCLE('',#4454,4.6);
#4454 = AXIS2_PLACEMENT_3D('',#4455,#4456,#4457);
#4455 = CARTESIAN_POINT('',(88.,28.,6.));
#4456 = DIRECTION('',(0.,1.,0.));
#4457 = DIRECTION('',(0.,-0.,1.));
#4458 = PCURVE('',#4172,#4459);
#4459 = DEFINITIONAL_REPRESENTATION('',(#4460),#4464);
#4460 = LINE('',#4461,#4462);
#4461 = CARTESIAN_POINT('',(0.,0.));
#4462 = VECTOR('',#4463,1.);
#4463 = DIRECTION('',(1.,0.));
#4464 = ( GEOMETRIC_REPRESENTATION_CONTEXT(2) 
PARAMETRIC_REPRESENTATION_CONTEXT() REPRESENTATION_CONTEXT('2D SPACE',''
  ) );
#4465 = PCURVE('',#4298,#4466);
#4466 = DEFINITIONAL_REPRESENTATION('',(#4467),#4471);
#4467 = CIRCLE('',#4468,4.6);
#4468 = AXIS2_PLACEMENT_2D('',#4469,#4470);
#4469 = CARTESIAN_POINT('',(0.,0.));
#4470 = DIRECTION('',(1.,0.));
#4471 = ( GEOMETRIC_REPRESENTATION_CONTEXT(2) 
PARAMETRIC_REPRESENTATION_CONTEXT() REPRESENTATION_CONTEXT('2D SPACE',''
  ) );
#4472 = ADVANCED_FACE('',(#4473,#4476),#4268,.T.);
#4473 = FACE_BOUND('',#4474,.T.);
#4474 = EDGE_LOOP('',(#4475));
#4475 = ORIENTED_EDGE('',*,*,#4253,.T.);
#4476 = FACE_BOUND('',#4477,.T.);
#4477 = EDGE_LOOP('',(#4478));
#4478 = ORIENTED_EDGE('',*,*,#4479,.F.);
#4479 = EDGE_CURVE('',#4480,#4480,#4482,.T.);
#4480 = VERTEX_POINT('',#4481);
#4481 = CARTESIAN_POINT('',(88.,36.1,8.1));
#4482 = SURFACE_CURVE('',#4483,(#4488,#4495),.PCURVE_S1.);
#4483 = CIRCLE('',#4484,2.1);
#4484 = AXIS2_PLACEMENT_3D('',#4485,#4486,#4487);
#4485 = CARTESIAN_POINT('',(88.,36.1,6.));
#4486 = DIRECTION('',(0.,1.,0.));
#4487 = DIRECTION('',(0.,-0.,1.));
#4488 = PCURVE('',#4268,#4489);
#4489 = DEFINITIONAL_REPRESENTATION('',(#4490),#4494);
#4490 = CIRCLE('',#4491,2.1);
#4491 = AXIS2_PLACEMENT_2D('',#4492,#4493);
#4492 = CARTESIAN_POINT('',(0.,0.));
#4493 = DIRECTION('',(1.,0.));
#4494 = ( GEOMETRIC_REPRESENTATION_CONTEXT(2) 
PARAMETRIC_REPRESENTATION_CONTEXT() REPRESENTATION_CONTEXT('2D SPACE',''
  ) );
#4495 = PCURVE('',#4496,#4501);
#4496 = CYLINDRICAL_SURFACE('',#4497,2.1);
#4497 = AXIS2_PLACEMENT_3D('',#4498,#4499,#4500);
#4498 = CARTESIAN_POINT('',(88.,30.,6.));
#4499 = DIRECTION('',(0.,1.,0.));
#4500 = DIRECTION('',(0.,-0.,1.));
#4501 = DEFINITIONAL_REPRESENTATION('',(#4502),#4506);
#4502 = LINE('',#4503,#4504);
#4503 = CARTESIAN_POINT('',(0.,6.1));
#4504 = VECTOR('',#4505,1.);
#4505 = DIRECTION('',(1.,0.));
#4506 = ( GEOMETRIC_REPRESENTATION_CONTEXT(2) 
PARAMETRIC_REPRESENTATION_CONTEXT() REPRESENTATION_CONTEXT('2D SPACE',''
  ) );
#4507 = ADVANCED_FACE('',(#4508),#4496,.F.);
#4508 = FACE_BOUND('',#4509,.F.);
#4509 = EDGE_LOOP('',(#4510,#4511,#4534,#4561));
#4510 = ORIENTED_EDGE('',*,*,#4479,.F.);
#4511 = ORIENTED_EDGE('',*,*,#4512,.F.);
#4512 = EDGE_CURVE('',#4513,#4480,#4515,.T.);
#4513 = VERTEX_POINT('',#4514);
#4514 = CARTESIAN_POINT('',(88.,30.,8.1));
#4515 = SEAM_CURVE('',#4516,(#4520,#4527),.PCURVE_S1.);
#4516 = LINE('',#4517,#4518);
#4517 = CARTESIAN_POINT('',(88.,30.,8.1));
#4518 = VECTOR('',#4519,1.);
#4519 = DIRECTION('',(0.,1.,0.));
#4520 = PCURVE('',#4496,#4521);
#4521 = DEFINITIONAL_REPRESENTATION('',(#4522),#4526);
#4522 = LINE('',#4523,#4524);
#4523 = CARTESIAN_POINT('',(6.28318530718,-0.));
#4524 = VECTOR('',#4525,1.);
#4525 = DIRECTION('',(0.,1.));
#4526 = ( GEOMETRIC_REPRESENTATION_CONTEXT(2) 
PARAMETRIC_REPRESENTATION_CONTEXT() REPRESENTATION_CONTEXT('2D SPACE',''
  ) );
#4527 = PCURVE('',#4496,#4528);
#4528 = DEFINITIONAL_REPRESENTATION('',(#4529),#4533);
#4529 = LINE('',#4530,#4531);
#4530 = CARTESIAN_POINT('',(0.,-0.));
#4531 = VECTOR('',#4532,1.);
#4532 = DIRECTION('',(0.,1.));
#4533 = ( GEOMETRIC_REPRESENTATION_CONTEXT(2) 
PARAMETRIC_REPRESENTATION_CONTEXT() REPRESENTATION_CONTEXT('2D SPACE',''
  ) );
#4534 = ORIENTED_EDGE('',*,*,#4535,.T.);
#4535 = EDGE_CURVE('',#4513,#4513,#4536,.T.);
#4536 = SURFACE_CURVE('',#4537,(#4542,#4549),.PCURVE_S1.);
#4537 = CIRCLE('',#4538,2.1);
#4538 = AXIS2_PLACEMENT_3D('',#4539,#4540,#4541);
#4539 = CARTESIAN_POINT('',(88.,30.,6.));
#4540 = DIRECTION('',(0.,1.,0.));
#4541 = DIRECTION('',(0.,-0.,1.));
#4542 = PCURVE('',#4496,#4543);
#4543 = DEFINITIONAL_REPRESENTATION('',(#4544),#4548);
#4544 = LINE('',#4545,#4546);
#4545 = CARTESIAN_POINT('',(0.,0.));
#4546 = VECTOR('',#4547,1.);
#4547 = DIRECTION('',(1.,0.));
#4548 = ( GEOMETRIC_REPRESENTATION_CONTEXT(2) 
PARAMETRIC_REPRESENTATION_CONTEXT() REPRESENTATION_CONTEXT('2D SPACE',''
  ) );
#4549 = PCURVE('',#4550,#4555);
#4550 = PLANE('',#4551);
#4551 = AXIS2_PLACEMENT_3D('',#4552,#4553,#4554);
#4552 = CARTESIAN_POINT('',(88.,30.,6.));
#4553 = DIRECTION('',(0.,1.,0.));
#4554 = DIRECTION('',(0.,-0.,1.));
#4555 = DEFINITIONAL_REPRESENTATION('',(#4556),#4560);
#4556 = CIRCLE('',#4557,2.1);
#4557 = AXIS2_PLACEMENT_2D('',#4558,#4559);
#4558 = CARTESIAN_POINT('',(0.,0.));
#4559 = DIRECTION('',(1.,0.));
#4560 = ( GEOMETRIC_REPRESENTATION_CONTEXT(2) 
PARAMETRIC_REPRESENTATION_CONTEXT() REPRESENTATION_CONTEXT('2D SPACE',''
  ) );
#4561 = ORIENTED_EDGE('',*,*,#4512,.T.);
#4562 = ADVANCED_FACE('',(#4563),#4550,.T.);
#4563 = FACE_BOUND('',#4564,.F.);
#4564 = EDGE_LOOP('',(#4565));
#4565 = ORIENTED_EDGE('',*,*,#4535,.F.);
#4566 = ADVANCED_FACE('',(#4567),#4348,.F.);
#4567 = FACE_BOUND('',#4568,.F.);
#4568 = EDGE_LOOP('',(#4569,#4600,#4623,#4646,#4667,#4668,#4689,#4715,
    #4744,#4768,#4794));
#4569 = ORIENTED_EDGE('',*,*,#4570,.F.);
#4570 = EDGE_CURVE('',#4571,#4573,#4575,.T.);
#4571 = VERTEX_POINT('',#4572);
#4572 = CARTESIAN_POINT('',(90.863564212655,33.6,87.6));
#4573 = VERTEX_POINT('',#4574);
#4574 = CARTESIAN_POINT('',(92.142463035442,33.6,82.));
#4575 = SURFACE_CURVE('',#4576,(#4581,#4588),.PCURVE_S1.);
#4576 = CIRCLE('',#4577,4.6);
#4577 = AXIS2_PLACEMENT_3D('',#4578,#4579,#4580);
#4578 = CARTESIAN_POINT('',(88.,33.6,84.));
#4579 = DIRECTION('',(0.,1.,0.));
#4580 = DIRECTION('',(0.,-0.,1.));
#4581 = PCURVE('',#4348,#4582);
#4582 = DEFINITIONAL_REPRESENTATION('',(#4583),#4587);
#4583 = CIRCLE('',#4584,4.6);
#4584 = AXIS2_PLACEMENT_2D('',#4585,#4586);
#4585 = CARTESIAN_POINT('',(81.6,85.6));
#4586 = DIRECTION('',(1.,0.));
#4587 = ( GEOMETRIC_REPRESENTATION_CONTEXT(2) 
PARAMETRIC_REPRESENTATION_CONTEXT() REPRESENTATION_CONTEXT('2D SPACE',''
  ) );
#4588 = PCURVE('',#4589,#4594);
#4589 = CYLINDRICAL_SURFACE('',#4590,4.6);
#4590 = AXIS2_PLACEMENT_3D('',#4591,#4592,#4593);
#4591 = CARTESIAN_POINT('',(88.,28.,84.));
#4592 = DIRECTION('',(0.,1.,0.));
#4593 = DIRECTION('',(0.,-0.,1.));
#4594 = DEFINITIONAL_REPRESENTATION('',(#4595),#4599);
#4595 = LINE('',#4596,#4597);
#4596 = CARTESIAN_POINT('',(0.,5.6));
#4597 = VECTOR('',#4598,1.);
#4598 = DIRECTION('',(1.,0.));
#4599 = ( GEOMETRIC_REPRESENTATION_CONTEXT(2) 
PARAMETRIC_REPRESENTATION_CONTEXT() REPRESENTATION_CONTEXT('2D SPACE',''
  ) );
#4600 = ORIENTED_EDGE('',*,*,#4601,.T.);
#4601 = EDGE_CURVE('',#4571,#4602,#4604,.T.);
#4602 = VERTEX_POINT('',#4603);
#4603 = CARTESIAN_POINT('',(117.6,33.6,87.6));
#4604 = SURFACE_CURVE('',#4605,(#4609,#4616),.PCURVE_S1.);
#4605 = LINE('',#4606,#4607);
#4606 = CARTESIAN_POINT('',(2.4,33.6,87.6));
#4607 = VECTOR('',#4608,1.);
#4608 = DIRECTION('',(1.,0.,-0.));
#4609 = PCURVE('',#4348,#4610);
#4610 = DEFINITIONAL_REPRESENTATION('',(#4611),#4615);
#4611 = LINE('',#4612,#4613);
#4612 = CARTESIAN_POINT('',(85.2,0.));
#4613 = VECTOR('',#4614,1.);
#4614 = DIRECTION('',(0.,1.));
#4615 = ( GEOMETRIC_REPRESENTATION_CONTEXT(2) 
PARAMETRIC_REPRESENTATION_CONTEXT() REPRESENTATION_CONTEXT('2D SPACE',''
  ) );
#4616 = PCURVE('',#1845,#4617);
#4617 = DEFINITIONAL_REPRESENTATION('',(#4618),#4622);
#4618 = LINE('',#4619,#4620);
#4619 = CARTESIAN_POINT('',(0.,33.9));
#4620 = VECTOR('',#4621,1.);
#4621 = DIRECTION('',(1.,0.));
#4622 = ( GEOMETRIC_REPRESENTATION_CONTEXT(2) 
PARAMETRIC_REPRESENTATION_CONTEXT() REPRESENTATION_CONTEXT('2D SPACE',''
  ) );
#4623 = ORIENTED_EDGE('',*,*,#4624,.F.);
#4624 = EDGE_CURVE('',#4625,#4602,#4627,.T.);
#4625 = VERTEX_POINT('',#4626);
#4626 = CARTESIAN_POINT('',(117.6,33.6,2.4));
#4627 = SURFACE_CURVE('',#4628,(#4632,#4639),.PCURVE_S1.);
#4628 = LINE('',#4629,#4630);
#4629 = CARTESIAN_POINT('',(117.6,33.6,2.4));
#4630 = VECTOR('',#4631,1.);
#4631 = DIRECTION('',(0.,0.,1.));
#4632 = PCURVE('',#4348,#4633);
#4633 = DEFINITIONAL_REPRESENTATION('',(#4634),#4638);
#4634 = LINE('',#4635,#4636);
#4635 = CARTESIAN_POINT('',(0.,115.2));
#4636 = VECTOR('',#4637,1.);
#4637 = DIRECTION('',(1.,0.));
#4638 = ( GEOMETRIC_REPRESENTATION_CONTEXT(2) 
PARAMETRIC_REPRESENTATION_CONTEXT() REPRESENTATION_CONTEXT('2D SPACE',''
  ) );
#4639 = PCURVE('',#1667,#4640);
#4640 = DEFINITIONAL_REPRESENTATION('',(#4641),#4645);
#4641 = LINE('',#4642,#4643);
#4642 = CARTESIAN_POINT('',(0.,-33.9));
#4643 = VECTOR('',#4644,1.);
#4644 = DIRECTION('',(1.,0.));
#4645 = ( GEOMETRIC_REPRESENTATION_CONTEXT(2) 
PARAMETRIC_REPRESENTATION_CONTEXT() REPRESENTATION_CONTEXT('2D SPACE',''
  ) );
#4646 = ORIENTED_EDGE('',*,*,#4647,.F.);
#4647 = EDGE_CURVE('',#4311,#4625,#4648,.T.);
#4648 = SURFACE_CURVE('',#4649,(#4653,#4660),.PCURVE_S1.);
#4649 = LINE('',#4650,#4651);
#4650 = CARTESIAN_POINT('',(2.4,33.6,2.4));
#4651 = VECTOR('',#4652,1.);
#4652 = DIRECTION('',(1.,0.,-0.));
#4653 = PCURVE('',#4348,#4654);
#4654 = DEFINITIONAL_REPRESENTATION('',(#4655),#4659);
#4655 = LINE('',#4656,#4657);
#4656 = CARTESIAN_POINT('',(0.,0.));
#4657 = VECTOR('',#4658,1.);
#4658 = DIRECTION('',(0.,1.));
#4659 = ( GEOMETRIC_REPRESENTATION_CONTEXT(2) 
PARAMETRIC_REPRESENTATION_CONTEXT() REPRESENTATION_CONTEXT('2D SPACE',''
  ) );
#4660 = PCURVE('',#1695,#4661);
#4661 = DEFINITIONAL_REPRESENTATION('',(#4662),#4666);
#4662 = LINE('',#4663,#4664);
#4663 = CARTESIAN_POINT('',(0.,33.9));
#4664 = VECTOR('',#4665,1.);
#4665 = DIRECTION('',(1.,0.));
#4666 = ( GEOMETRIC_REPRESENTATION_CONTEXT(2) 
PARAMETRIC_REPRESENTATION_CONTEXT() REPRESENTATION_CONTEXT('2D SPACE',''
  ) );
#4667 = ORIENTED_EDGE('',*,*,#4331,.F.);
#4668 = ORIENTED_EDGE('',*,*,#4669,.T.);
#4669 = EDGE_CURVE('',#4332,#4670,#4672,.T.);
#4670 = VERTEX_POINT('',#4671);
#4671 = CARTESIAN_POINT('',(102.,33.6,8.));
#4672 = SURFACE_CURVE('',#4673,(#4677,#4683),.PCURVE_S1.);
#4673 = LINE('',#4674,#4675);
#4674 = CARTESIAN_POINT('',(1.,33.6,8.));
#4675 = VECTOR('',#4676,1.);
#4676 = DIRECTION('',(1.,0.,-0.));
#4677 = PCURVE('',#4348,#4678);
#4678 = DEFINITIONAL_REPRESENTATION('',(#4679),#4682);
#4679 = B_SPLINE_CURVE_WITH_KNOTS('',1,(#4680,#4681),.UNSPECIFIED.,.F.,
  .F.,(2,2),(1.4,101.),.PIECEWISE_BEZIER_KNOTS.);
#4680 = CARTESIAN_POINT('',(5.6,0.));
#4681 = CARTESIAN_POINT('',(5.6,99.6));
#4682 = ( GEOMETRIC_REPRESENTATION_CONTEXT(2) 
PARAMETRIC_REPRESENTATION_CONTEXT() REPRESENTATION_CONTEXT('2D SPACE',''
  ) );
#4683 = PCURVE('',#4375,#4684);
#4684 = DEFINITIONAL_REPRESENTATION('',(#4685),#4688);
#4685 = B_SPLINE_CURVE_WITH_KNOTS('',1,(#4686,#4687),.UNSPECIFIED.,.F.,
  .F.,(2,2),(1.4,101.),.PIECEWISE_BEZIER_KNOTS.);
#4686 = CARTESIAN_POINT('',(2.8,0.3));
#4687 = CARTESIAN_POINT('',(102.4,0.3));
#4688 = ( GEOMETRIC_REPRESENTATION_CONTEXT(2) 
PARAMETRIC_REPRESENTATION_CONTEXT() REPRESENTATION_CONTEXT('2D SPACE',''
  ) );
#4689 = ORIENTED_EDGE('',*,*,#4690,.F.);
#4690 = EDGE_CURVE('',#4691,#4670,#4693,.T.);
#4691 = VERTEX_POINT('',#4692);
#4692 = CARTESIAN_POINT('',(102.,33.6,41.138653084739));
#4693 = SURFACE_CURVE('',#4694,(#4698,#4704),.PCURVE_S1.);
#4694 = LINE('',#4695,#4696);
#4695 = CARTESIAN_POINT('',(102.,33.6,5.2));
#4696 = VECTOR('',#4697,1.);
#4697 = DIRECTION('',(-0.,0.,-1.));
#4698 = PCURVE('',#4348,#4699);
#4699 = DEFINITIONAL_REPRESENTATION('',(#4700),#4703);
#4700 = B_SPLINE_CURVE_WITH_KNOTS('',1,(#4701,#4702),.UNSPECIFIED.,.F.,
  .F.,(2,2),(-76.8,-2.8),.PIECEWISE_BEZIER_KNOTS.);
#4701 = CARTESIAN_POINT('',(79.6,99.6));
#4702 = CARTESIAN_POINT('',(5.6,99.6));
#4703 = ( GEOMETRIC_REPRESENTATION_CONTEXT(2) 
PARAMETRIC_REPRESENTATION_CONTEXT() REPRESENTATION_CONTEXT('2D SPACE',''
  ) );
#4704 = PCURVE('',#4705,#4710);
#4705 = PLANE('',#4706);
#4706 = AXIS2_PLACEMENT_3D('',#4707,#4708,#4709);
#4707 = CARTESIAN_POINT('',(102.,33.3,8.));
#4708 = DIRECTION('',(1.,0.,-0.));
#4709 = DIRECTION('',(0.,0.,1.));
#4710 = DEFINITIONAL_REPRESENTATION('',(#4711),#4714);
#4711 = B_SPLINE_CURVE_WITH_KNOTS('',1,(#4712,#4713),.UNSPECIFIED.,.F.,
  .F.,(2,2),(-76.8,-2.8),.PIECEWISE_BEZIER_KNOTS.);
#4712 = CARTESIAN_POINT('',(74.,-0.3));
#4713 = CARTESIAN_POINT('',(0.,-0.3));
#4714 = ( GEOMETRIC_REPRESENTATION_CONTEXT(2) 
PARAMETRIC_REPRESENTATION_CONTEXT() REPRESENTATION_CONTEXT('2D SPACE',''
  ) );
#4715 = ORIENTED_EDGE('',*,*,#4716,.F.);
#4716 = EDGE_CURVE('',#4717,#4691,#4719,.T.);
#4717 = VERTEX_POINT('',#4718);
#4718 = CARTESIAN_POINT('',(104.5,33.6,49.6));
#4719 = SURFACE_CURVE('',#4720,(#4725,#4732),.PCURVE_S1.);
#4720 = CIRCLE('',#4721,4.6);
#4721 = AXIS2_PLACEMENT_3D('',#4722,#4723,#4724);
#4722 = CARTESIAN_POINT('',(104.5,33.6,45.));
#4723 = DIRECTION('',(0.,1.,0.));
#4724 = DIRECTION('',(0.,-0.,1.));
#4725 = PCURVE('',#4348,#4726);
#4726 = DEFINITIONAL_REPRESENTATION('',(#4727),#4731);
#4727 = CIRCLE('',#4728,4.6);
#4728 = AXIS2_PLACEMENT_2D('',#4729,#4730);
#4729 = CARTESIAN_POINT('',(42.6,102.1));
#4730 = DIRECTION('',(1.,0.));
#4731 = ( GEOMETRIC_REPRESENTATION_CONTEXT(2) 
PARAMETRIC_REPRESENTATION_CONTEXT() REPRESENTATION_CONTEXT('2D SPACE',''
  ) );
#4732 = PCURVE('',#4733,#4738);
#4733 = CYLINDRICAL_SURFACE('',#4734,4.6);
#4734 = AXIS2_PLACEMENT_3D('',#4735,#4736,#4737);
#4735 = CARTESIAN_POINT('',(104.5,29.,45.));
#4736 = DIRECTION('',(0.,1.,0.));
#4737 = DIRECTION('',(0.,-0.,1.));
#4738 = DEFINITIONAL_REPRESENTATION('',(#4739),#4743);
#4739 = LINE('',#4740,#4741);
#4740 = CARTESIAN_POINT('',(0.,4.6));
#4741 = VECTOR('',#4742,1.);
#4742 = DIRECTION('',(1.,0.));
#4743 = ( GEOMETRIC_REPRESENTATION_CONTEXT(2) 
PARAMETRIC_REPRESENTATION_CONTEXT() REPRESENTATION_CONTEXT('2D SPACE',''
  ) );
#4744 = ORIENTED_EDGE('',*,*,#4745,.F.);
#4745 = EDGE_CURVE('',#4746,#4717,#4748,.T.);
#4746 = VERTEX_POINT('',#4747);
#4747 = CARTESIAN_POINT('',(102.,33.6,48.861346915261));
#4748 = SURFACE_CURVE('',#4749,(#4754,#4761),.PCURVE_S1.);
#4749 = CIRCLE('',#4750,4.6);
#4750 = AXIS2_PLACEMENT_3D('',#4751,#4752,#4753);
#4751 = CARTESIAN_POINT('',(104.5,33.6,45.));
#4752 = DIRECTION('',(0.,1.,0.));
#4753 = DIRECTION('',(0.,-0.,1.));
#4754 = PCURVE('',#4348,#4755);
#4755 = DEFINITIONAL_REPRESENTATION('',(#4756),#4760);
#4756 = CIRCLE('',#4757,4.6);
#4757 = AXIS2_PLACEMENT_2D('',#4758,#4759);
#4758 = CARTESIAN_POINT('',(42.6,102.1));
#4759 = DIRECTION('',(1.,0.));
#4760 = ( GEOMETRIC_REPRESENTATION_CONTEXT(2) 
PARAMETRIC_REPRESENTATION_CONTEXT() REPRESENTATION_CONTEXT('2D SPACE',''
  ) );
#4761 = PCURVE('',#4733,#4762);
#4762 = DEFINITIONAL_REPRESENTATION('',(#4763),#4767);
#4763 = LINE('',#4764,#4765);
#4764 = CARTESIAN_POINT('',(0.,4.6));
#4765 = VECTOR('',#4766,1.);
#4766 = DIRECTION('',(1.,0.));
#4767 = ( GEOMETRIC_REPRESENTATION_CONTEXT(2) 
PARAMETRIC_REPRESENTATION_CONTEXT() REPRESENTATION_CONTEXT('2D SPACE',''
  ) );
#4768 = ORIENTED_EDGE('',*,*,#4769,.F.);
#4769 = EDGE_CURVE('',#4770,#4746,#4772,.T.);
#4770 = VERTEX_POINT('',#4771);
#4771 = CARTESIAN_POINT('',(102.,33.6,82.));
#4772 = SURFACE_CURVE('',#4773,(#4777,#4783),.PCURVE_S1.);
#4773 = LINE('',#4774,#4775);
#4774 = CARTESIAN_POINT('',(102.,33.6,5.2));
#4775 = VECTOR('',#4776,1.);
#4776 = DIRECTION('',(-0.,0.,-1.));
#4777 = PCURVE('',#4348,#4778);
#4778 = DEFINITIONAL_REPRESENTATION('',(#4779),#4782);
#4779 = B_SPLINE_CURVE_WITH_KNOTS('',1,(#4780,#4781),.UNSPECIFIED.,.F.,
  .F.,(2,2),(-76.8,-2.8),.PIECEWISE_BEZIER_KNOTS.);
#4780 = CARTESIAN_POINT('',(79.6,99.6));
#4781 = CARTESIAN_POINT('',(5.6,99.6));
#4782 = ( GEOMETRIC_REPRESENTATION_CONTEXT(2) 
PARAMETRIC_REPRESENTATION_CONTEXT() REPRESENTATION_CONTEXT('2D SPACE',''
  ) );
#4783 = PCURVE('',#4784,#4789);
#4784 = PLANE('',#4785);
#4785 = AXIS2_PLACEMENT_3D('',#4786,#4787,#4788);
#4786 = CARTESIAN_POINT('',(102.,33.3,8.));
#4787 = DIRECTION('',(1.,0.,-0.));
#4788 = DIRECTION('',(0.,0.,1.));
#4789 = DEFINITIONAL_REPRESENTATION('',(#4790),#4793);
#4790 = B_SPLINE_CURVE_WITH_KNOTS('',1,(#4791,#4792),.UNSPECIFIED.,.F.,
  .F.,(2,2),(-76.8,-2.8),.PIECEWISE_BEZIER_KNOTS.);
#4791 = CARTESIAN_POINT('',(74.,-0.3));
#4792 = CARTESIAN_POINT('',(0.,-0.3));
#4793 = ( GEOMETRIC_REPRESENTATION_CONTEXT(2) 
PARAMETRIC_REPRESENTATION_CONTEXT() REPRESENTATION_CONTEXT('2D SPACE',''
  ) );
#4794 = ORIENTED_EDGE('',*,*,#4795,.F.);
#4795 = EDGE_CURVE('',#4573,#4770,#4796,.T.);
#4796 = SURFACE_CURVE('',#4797,(#4801,#4807),.PCURVE_S1.);
#4797 = LINE('',#4798,#4799);
#4798 = CARTESIAN_POINT('',(1.,33.6,82.));
#4799 = VECTOR('',#4800,1.);
#4800 = DIRECTION('',(1.,0.,-0.));
#4801 = PCURVE('',#4348,#4802);
#4802 = DEFINITIONAL_REPRESENTATION('',(#4803),#4806);
#4803 = B_SPLINE_CURVE_WITH_KNOTS('',1,(#4804,#4805),.UNSPECIFIED.,.F.,
  .F.,(2,2),(1.4,101.),.PIECEWISE_BEZIER_KNOTS.);
#4804 = CARTESIAN_POINT('',(79.6,0.));
#4805 = CARTESIAN_POINT('',(79.6,99.6));
#4806 = ( GEOMETRIC_REPRESENTATION_CONTEXT(2) 
PARAMETRIC_REPRESENTATION_CONTEXT() REPRESENTATION_CONTEXT('2D SPACE',''
  ) );
#4807 = PCURVE('',#4808,#4813);
#4808 = PLANE('',#4809);
#4809 = AXIS2_PLACEMENT_3D('',#4810,#4811,#4812);
#4810 = CARTESIAN_POINT('',(-0.4,33.3,82.));
#4811 = DIRECTION('',(0.,0.,1.));
#4812 = DIRECTION('',(1.,0.,-0.));
#4813 = DEFINITIONAL_REPRESENTATION('',(#4814),#4817);
#4814 = B_SPLINE_CURVE_WITH_KNOTS('',1,(#4815,#4816),.UNSPECIFIED.,.F.,
  .F.,(2,2),(1.4,101.),.PIECEWISE_BEZIER_KNOTS.);
#4815 = CARTESIAN_POINT('',(2.8,0.3));
#4816 = CARTESIAN_POINT('',(102.4,0.3));
#4817 = ( GEOMETRIC_REPRESENTATION_CONTEXT(2) 
PARAMETRIC_REPRESENTATION_CONTEXT() REPRESENTATION_CONTEXT('2D SPACE',''
  ) );
#4818 = ADVANCED_FACE('',(#4819),#4705,.F.);
#4819 = FACE_BOUND('',#4820,.F.);
#4820 = EDGE_LOOP('',(#4821,#4842,#4843,#4866));
#4821 = ORIENTED_EDGE('',*,*,#4822,.F.);
#4822 = EDGE_CURVE('',#4691,#4823,#4825,.T.);
#4823 = VERTEX_POINT('',#4824);
#4824 = CARTESIAN_POINT('',(102.,36.,41.138653084738));
#4825 = SURFACE_CURVE('',#4826,(#4830,#4836),.PCURVE_S1.);
#4826 = LINE('',#4827,#4828);
#4827 = CARTESIAN_POINT('',(102.,29.,41.138653084738));
#4828 = VECTOR('',#4829,1.);
#4829 = DIRECTION('',(0.,1.,0.));
#4830 = PCURVE('',#4705,#4831);
#4831 = DEFINITIONAL_REPRESENTATION('',(#4832),#4835);
#4832 = B_SPLINE_CURVE_WITH_KNOTS('',1,(#4833,#4834),.UNSPECIFIED.,.F.,
  .F.,(2,2),(4.36,7.1000006),.PIECEWISE_BEZIER_KNOTS.);
#4833 = CARTESIAN_POINT('',(33.138653084738,-6.E-02));
#4834 = CARTESIAN_POINT('',(33.138653084738,-2.8000006));
#4835 = ( GEOMETRIC_REPRESENTATION_CONTEXT(2) 
PARAMETRIC_REPRESENTATION_CONTEXT() REPRESENTATION_CONTEXT('2D SPACE',''
  ) );
#4836 = PCURVE('',#4733,#4837);
#4837 = DEFINITIONAL_REPRESENTATION('',(#4838),#4841);
#4838 = B_SPLINE_CURVE_WITH_KNOTS('',1,(#4839,#4840),.UNSPECIFIED.,.F.,
  .F.,(2,2),(4.36,7.1000006),.PIECEWISE_BEZIER_KNOTS.);
#4839 = CARTESIAN_POINT('',(3.71616786328,4.36));
#4840 = CARTESIAN_POINT('',(3.71616786328,7.1000006));
#4841 = ( GEOMETRIC_REPRESENTATION_CONTEXT(2) 
PARAMETRIC_REPRESENTATION_CONTEXT() REPRESENTATION_CONTEXT('2D SPACE',''
  ) );
#4842 = ORIENTED_EDGE('',*,*,#4690,.T.);
#4843 = ORIENTED_EDGE('',*,*,#4844,.T.);
#4844 = EDGE_CURVE('',#4670,#4845,#4847,.T.);
#4845 = VERTEX_POINT('',#4846);
#4846 = CARTESIAN_POINT('',(102.,36.,8.));
#4847 = SURFACE_CURVE('',#4848,(#4852,#4859),.PCURVE_S1.);
#4848 = LINE('',#4849,#4850);
#4849 = CARTESIAN_POINT('',(102.,33.3,8.));
#4850 = VECTOR('',#4851,1.);
#4851 = DIRECTION('',(-0.,1.,0.));
#4852 = PCURVE('',#4705,#4853);
#4853 = DEFINITIONAL_REPRESENTATION('',(#4854),#4858);
#4854 = LINE('',#4855,#4856);
#4855 = CARTESIAN_POINT('',(0.,0.));
#4856 = VECTOR('',#4857,1.);
#4857 = DIRECTION('',(0.,-1.));
#4858 = ( GEOMETRIC_REPRESENTATION_CONTEXT(2) 
PARAMETRIC_REPRESENTATION_CONTEXT() REPRESENTATION_CONTEXT('2D SPACE',''
  ) );
#4859 = PCURVE('',#4375,#4860);
#4860 = DEFINITIONAL_REPRESENTATION('',(#4861),#4865);
#4861 = LINE('',#4862,#4863);
#4862 = CARTESIAN_POINT('',(102.4,0.));
#4863 = VECTOR('',#4864,1.);
#4864 = DIRECTION('',(0.,1.));
#4865 = ( GEOMETRIC_REPRESENTATION_CONTEXT(2) 
PARAMETRIC_REPRESENTATION_CONTEXT() REPRESENTATION_CONTEXT('2D SPACE',''
  ) );
#4866 = ORIENTED_EDGE('',*,*,#4867,.F.);
#4867 = EDGE_CURVE('',#4823,#4845,#4868,.T.);
#4868 = SURFACE_CURVE('',#4869,(#4873,#4879),.PCURVE_S1.);
#4869 = LINE('',#4870,#4871);
#4870 = CARTESIAN_POINT('',(102.,36.,4.));
#4871 = VECTOR('',#4872,1.);
#4872 = DIRECTION('',(-0.,0.,-1.));
#4873 = PCURVE('',#4705,#4874);
#4874 = DEFINITIONAL_REPRESENTATION('',(#4875),#4878);
#4875 = B_SPLINE_CURVE_WITH_KNOTS('',1,(#4876,#4877),.UNSPECIFIED.,.F.,
  .F.,(2,2),(-78.,-4.),.PIECEWISE_BEZIER_KNOTS.);
#4876 = CARTESIAN_POINT('',(74.,-2.7));
#4877 = CARTESIAN_POINT('',(0.,-2.7));
#4878 = ( GEOMETRIC_REPRESENTATION_CONTEXT(2) 
PARAMETRIC_REPRESENTATION_CONTEXT() REPRESENTATION_CONTEXT('2D SPACE',''
  ) );
#4879 = PCURVE('',#70,#4880);
#4880 = DEFINITIONAL_REPRESENTATION('',(#4881),#4884);
#4881 = B_SPLINE_CURVE_WITH_KNOTS('',1,(#4882,#4883),.UNSPECIFIED.,.F.,
  .F.,(2,2),(-78.,-4.),.PIECEWISE_BEZIER_KNOTS.);
#4882 = CARTESIAN_POINT('',(82.,102.));
#4883 = CARTESIAN_POINT('',(8.,102.));
#4884 = ( GEOMETRIC_REPRESENTATION_CONTEXT(2) 
PARAMETRIC_REPRESENTATION_CONTEXT() REPRESENTATION_CONTEXT('2D SPACE',''
  ) );
#4885 = ADVANCED_FACE('',(#4886),#4733,.T.);
#4886 = FACE_BOUND('',#4887,.T.);
#4887 = EDGE_LOOP('',(#4888,#4913,#4940,#4941,#4963,#4964,#4965,#4988,
    #5015,#5016,#5017,#5038));
#4888 = ORIENTED_EDGE('',*,*,#4889,.T.);
#4889 = EDGE_CURVE('',#4890,#4892,#4894,.T.);
#4890 = VERTEX_POINT('',#4891);
#4891 = CARTESIAN_POINT('',(104.5,36.,49.6));
#4892 = VERTEX_POINT('',#4893);
#4893 = CARTESIAN_POINT('',(104.5,36.1,49.6));
#4894 = SEAM_CURVE('',#4895,(#4899,#4906),.PCURVE_S1.);
#4895 = LINE('',#4896,#4897);
#4896 = CARTESIAN_POINT('',(104.5,29.,49.6));
#4897 = VECTOR('',#4898,1.);
#4898 = DIRECTION('',(0.,1.,0.));
#4899 = PCURVE('',#4733,#4900);
#4900 = DEFINITIONAL_REPRESENTATION('',(#4901),#4905);
#4901 = LINE('',#4902,#4903);
#4902 = CARTESIAN_POINT('',(6.28318530718,-0.));
#4903 = VECTOR('',#4904,1.);
#4904 = DIRECTION('',(0.,1.));
#4905 = ( GEOMETRIC_REPRESENTATION_CONTEXT(2) 
PARAMETRIC_REPRESENTATION_CONTEXT() REPRESENTATION_CONTEXT('2D SPACE',''
  ) );
#4906 = PCURVE('',#4733,#4907);
#4907 = DEFINITIONAL_REPRESENTATION('',(#4908),#4912);
#4908 = LINE('',#4909,#4910);
#4909 = CARTESIAN_POINT('',(0.,-0.));
#4910 = VECTOR('',#4911,1.);
#4911 = DIRECTION('',(0.,1.));
#4912 = ( GEOMETRIC_REPRESENTATION_CONTEXT(2) 
PARAMETRIC_REPRESENTATION_CONTEXT() REPRESENTATION_CONTEXT('2D SPACE',''
  ) );
#4913 = ORIENTED_EDGE('',*,*,#4914,.F.);
#4914 = EDGE_CURVE('',#4892,#4892,#4915,.T.);
#4915 = SURFACE_CURVE('',#4916,(#4921,#4928),.PCURVE_S1.);
#4916 = CIRCLE('',#4917,4.6);
#4917 = AXIS2_PLACEMENT_3D('',#4918,#4919,#4920);
#4918 = CARTESIAN_POINT('',(104.5,36.1,45.));
#4919 = DIRECTION('',(0.,1.,0.));
#4920 = DIRECTION('',(0.,-0.,1.));
#4921 = PCURVE('',#4733,#4922);
#4922 = DEFINITIONAL_REPRESENTATION('',(#4923),#4927);
#4923 = LINE('',#4924,#4925);
#4924 = CARTESIAN_POINT('',(0.,7.1));
#4925 = VECTOR('',#4926,1.);
#4926 = DIRECTION('',(1.,0.));
#4927 = ( GEOMETRIC_REPRESENTATION_CONTEXT(2) 
PARAMETRIC_REPRESENTATION_CONTEXT() REPRESENTATION_CONTEXT('2D SPACE',''
  ) );
#4928 = PCURVE('',#4929,#4934);
#4929 = PLANE('',#4930);
#4930 = AXIS2_PLACEMENT_3D('',#4931,#4932,#4933);
#4931 = CARTESIAN_POINT('',(104.5,36.1,45.));
#4932 = DIRECTION('',(0.,1.,0.));
#4933 = DIRECTION('',(0.,-0.,1.));
#4934 = DEFINITIONAL_REPRESENTATION('',(#4935),#4939);
#4935 = CIRCLE('',#4936,4.6);
#4936 = AXIS2_PLACEMENT_2D('',#4937,#4938);
#4937 = CARTESIAN_POINT('',(0.,0.));
#4938 = DIRECTION('',(1.,0.));
#4939 = ( GEOMETRIC_REPRESENTATION_CONTEXT(2) 
PARAMETRIC_REPRESENTATION_CONTEXT() REPRESENTATION_CONTEXT('2D SPACE',''
  ) );
#4940 = ORIENTED_EDGE('',*,*,#4889,.F.);
#4941 = ORIENTED_EDGE('',*,*,#4942,.T.);
#4942 = EDGE_CURVE('',#4890,#4823,#4943,.T.);
#4943 = SURFACE_CURVE('',#4944,(#4949,#4956),.PCURVE_S1.);
#4944 = CIRCLE('',#4945,4.6);
#4945 = AXIS2_PLACEMENT_3D('',#4946,#4947,#4948);
#4946 = CARTESIAN_POINT('',(104.5,36.,45.));
#4947 = DIRECTION('',(0.,1.,0.));
#4948 = DIRECTION('',(0.,-0.,1.));
#4949 = PCURVE('',#4733,#4950);
#4950 = DEFINITIONAL_REPRESENTATION('',(#4951),#4955);
#4951 = LINE('',#4952,#4953);
#4952 = CARTESIAN_POINT('',(0.,7.));
#4953 = VECTOR('',#4954,1.);
#4954 = DIRECTION('',(1.,0.));
#4955 = ( GEOMETRIC_REPRESENTATION_CONTEXT(2) 
PARAMETRIC_REPRESENTATION_CONTEXT() REPRESENTATION_CONTEXT('2D SPACE',''
  ) );
#4956 = PCURVE('',#70,#4957);
#4957 = DEFINITIONAL_REPRESENTATION('',(#4958),#4962);
#4958 = CIRCLE('',#4959,4.6);
#4959 = AXIS2_PLACEMENT_2D('',#4960,#4961);
#4960 = CARTESIAN_POINT('',(45.,104.5));
#4961 = DIRECTION('',(1.,0.));
#4962 = ( GEOMETRIC_REPRESENTATION_CONTEXT(2) 
PARAMETRIC_REPRESENTATION_CONTEXT() REPRESENTATION_CONTEXT('2D SPACE',''
  ) );
#4963 = ORIENTED_EDGE('',*,*,#4822,.F.);
#4964 = ORIENTED_EDGE('',*,*,#4716,.F.);
#4965 = ORIENTED_EDGE('',*,*,#4966,.F.);
#4966 = EDGE_CURVE('',#4967,#4717,#4969,.T.);
#4967 = VERTEX_POINT('',#4968);
#4968 = CARTESIAN_POINT('',(104.5,29.,49.6));
#4969 = SEAM_CURVE('',#4970,(#4974,#4981),.PCURVE_S1.);
#4970 = LINE('',#4971,#4972);
#4971 = CARTESIAN_POINT('',(104.5,29.,49.6));
#4972 = VECTOR('',#4973,1.);
#4973 = DIRECTION('',(0.,1.,0.));
#4974 = PCURVE('',#4733,#4975);
#4975 = DEFINITIONAL_REPRESENTATION('',(#4976),#4980);
#4976 = LINE('',#4977,#4978);
#4977 = CARTESIAN_POINT('',(6.28318530718,-0.));
#4978 = VECTOR('',#4979,1.);
#4979 = DIRECTION('',(0.,1.));
#4980 = ( GEOMETRIC_REPRESENTATION_CONTEXT(2) 
PARAMETRIC_REPRESENTATION_CONTEXT() REPRESENTATION_CONTEXT('2D SPACE',''
  ) );
#4981 = PCURVE('',#4733,#4982);
#4982 = DEFINITIONAL_REPRESENTATION('',(#4983),#4987);
#4983 = LINE('',#4984,#4985);
#4984 = CARTESIAN_POINT('',(0.,-0.));
#4985 = VECTOR('',#4986,1.);
#4986 = DIRECTION('',(0.,1.));
#4987 = ( GEOMETRIC_REPRESENTATION_CONTEXT(2) 
PARAMETRIC_REPRESENTATION_CONTEXT() REPRESENTATION_CONTEXT('2D SPACE',''
  ) );
#4988 = ORIENTED_EDGE('',*,*,#4989,.T.);
#4989 = EDGE_CURVE('',#4967,#4967,#4990,.T.);
#4990 = SURFACE_CURVE('',#4991,(#4996,#5003),.PCURVE_S1.);
#4991 = CIRCLE('',#4992,4.6);
#4992 = AXIS2_PLACEMENT_3D('',#4993,#4994,#4995);
#4993 = CARTESIAN_POINT('',(104.5,29.,45.));
#4994 = DIRECTION('',(0.,1.,0.));
#4995 = DIRECTION('',(0.,-0.,1.));
#4996 = PCURVE('',#4733,#4997);
#4997 = DEFINITIONAL_REPRESENTATION('',(#4998),#5002);
#4998 = LINE('',#4999,#5000);
#4999 = CARTESIAN_POINT('',(0.,0.));
#5000 = VECTOR('',#5001,1.);
#5001 = DIRECTION('',(1.,0.));
#5002 = ( GEOMETRIC_REPRESENTATION_CONTEXT(2) 
PARAMETRIC_REPRESENTATION_CONTEXT() REPRESENTATION_CONTEXT('2D SPACE',''
  ) );
#5003 = PCURVE('',#5004,#5009);
#5004 = PLANE('',#5005);
#5005 = AXIS2_PLACEMENT_3D('',#5006,#5007,#5008);
#5006 = CARTESIAN_POINT('',(104.5,29.,45.));
#5007 = DIRECTION('',(0.,1.,0.));
#5008 = DIRECTION('',(0.,-0.,1.));
#5009 = DEFINITIONAL_REPRESENTATION('',(#5010),#5014);
#5010 = CIRCLE('',#5011,4.6);
#5011 = AXIS2_PLACEMENT_2D('',#5012,#5013);
#5012 = CARTESIAN_POINT('',(0.,0.));
#5013 = DIRECTION('',(1.,0.));
#5014 = ( GEOMETRIC_REPRESENTATION_CONTEXT(2) 
PARAMETRIC_REPRESENTATION_CONTEXT() REPRESENTATION_CONTEXT('2D SPACE',''
  ) );
#5015 = ORIENTED_EDGE('',*,*,#4966,.T.);
#5016 = ORIENTED_EDGE('',*,*,#4745,.F.);
#5017 = ORIENTED_EDGE('',*,*,#5018,.T.);
#5018 = EDGE_CURVE('',#4746,#5019,#5021,.T.);
#5019 = VERTEX_POINT('',#5020);
#5020 = CARTESIAN_POINT('',(102.,36.,48.861346915262));
#5021 = SURFACE_CURVE('',#5022,(#5026,#5032),.PCURVE_S1.);
#5022 = LINE('',#5023,#5024);
#5023 = CARTESIAN_POINT('',(102.,29.,48.861346915262));
#5024 = VECTOR('',#5025,1.);
#5025 = DIRECTION('',(0.,1.,0.));
#5026 = PCURVE('',#4733,#5027);
#5027 = DEFINITIONAL_REPRESENTATION('',(#5028),#5031);
#5028 = B_SPLINE_CURVE_WITH_KNOTS('',1,(#5029,#5030),.UNSPECIFIED.,.F.,
  .F.,(2,2),(4.36,7.1000006),.PIECEWISE_BEZIER_KNOTS.);
#5029 = CARTESIAN_POINT('',(5.708610097489,4.36));
#5030 = CARTESIAN_POINT('',(5.708610097489,7.1000006));
#5031 = ( GEOMETRIC_REPRESENTATION_CONTEXT(2) 
PARAMETRIC_REPRESENTATION_CONTEXT() REPRESENTATION_CONTEXT('2D SPACE',''
  ) );
#5032 = PCURVE('',#4784,#5033);
#5033 = DEFINITIONAL_REPRESENTATION('',(#5034),#5037);
#5034 = B_SPLINE_CURVE_WITH_KNOTS('',1,(#5035,#5036),.UNSPECIFIED.,.F.,
  .F.,(2,2),(4.36,7.1000006),.PIECEWISE_BEZIER_KNOTS.);
#5035 = CARTESIAN_POINT('',(40.861346915262,-6.E-02));
#5036 = CARTESIAN_POINT('',(40.861346915262,-2.8000006));
#5037 = ( GEOMETRIC_REPRESENTATION_CONTEXT(2) 
PARAMETRIC_REPRESENTATION_CONTEXT() REPRESENTATION_CONTEXT('2D SPACE',''
  ) );
#5038 = ORIENTED_EDGE('',*,*,#5039,.T.);
#5039 = EDGE_CURVE('',#5019,#4890,#5040,.T.);
#5040 = SURFACE_CURVE('',#5041,(#5046,#5053),.PCURVE_S1.);
#5041 = CIRCLE('',#5042,4.6);
#5042 = AXIS2_PLACEMENT_3D('',#5043,#5044,#5045);
#5043 = CARTESIAN_POINT('',(104.5,36.,45.));
#5044 = DIRECTION('',(0.,1.,0.));
#5045 = DIRECTION('',(0.,-0.,1.));
#5046 = PCURVE('',#4733,#5047);
#5047 = DEFINITIONAL_REPRESENTATION('',(#5048),#5052);
#5048 = LINE('',#5049,#5050);
#5049 = CARTESIAN_POINT('',(0.,7.));
#5050 = VECTOR('',#5051,1.);
#5051 = DIRECTION('',(1.,0.));
#5052 = ( GEOMETRIC_REPRESENTATION_CONTEXT(2) 
PARAMETRIC_REPRESENTATION_CONTEXT() REPRESENTATION_CONTEXT('2D SPACE',''
  ) );
#5053 = PCURVE('',#70,#5054);
#5054 = DEFINITIONAL_REPRESENTATION('',(#5055),#5059);
#5055 = CIRCLE('',#5056,4.6);
#5056 = AXIS2_PLACEMENT_2D('',#5057,#5058);
#5057 = CARTESIAN_POINT('',(45.,104.5));
#5058 = DIRECTION('',(1.,0.));
#5059 = ( GEOMETRIC_REPRESENTATION_CONTEXT(2) 
PARAMETRIC_REPRESENTATION_CONTEXT() REPRESENTATION_CONTEXT('2D SPACE',''
  ) );
#5060 = ADVANCED_FACE('',(#5061,#5064),#4929,.T.);
#5061 = FACE_BOUND('',#5062,.T.);
#5062 = EDGE_LOOP('',(#5063));
#5063 = ORIENTED_EDGE('',*,*,#4914,.T.);
#5064 = FACE_BOUND('',#5065,.T.);
#5065 = EDGE_LOOP('',(#5066));
#5066 = ORIENTED_EDGE('',*,*,#5067,.F.);
#5067 = EDGE_CURVE('',#5068,#5068,#5070,.T.);
#5068 = VERTEX_POINT('',#5069);
#5069 = CARTESIAN_POINT('',(104.5,36.1,47.1));
#5070 = SURFACE_CURVE('',#5071,(#5076,#5083),.PCURVE_S1.);
#5071 = CIRCLE('',#5072,2.1);
#5072 = AXIS2_PLACEMENT_3D('',#5073,#5074,#5075);
#5073 = CARTESIAN_POINT('',(104.5,36.1,45.));
#5074 = DIRECTION('',(0.,1.,0.));
#5075 = DIRECTION('',(0.,-0.,1.));
#5076 = PCURVE('',#4929,#5077);
#5077 = DEFINITIONAL_REPRESENTATION('',(#5078),#5082);
#5078 = CIRCLE('',#5079,2.1);
#5079 = AXIS2_PLACEMENT_2D('',#5080,#5081);
#5080 = CARTESIAN_POINT('',(0.,0.));
#5081 = DIRECTION('',(1.,0.));
#5082 = ( GEOMETRIC_REPRESENTATION_CONTEXT(2) 
PARAMETRIC_REPRESENTATION_CONTEXT() REPRESENTATION_CONTEXT('2D SPACE',''
  ) );
#5083 = PCURVE('',#5084,#5089);
#5084 = CYLINDRICAL_SURFACE('',#5085,2.1);
#5085 = AXIS2_PLACEMENT_3D('',#5086,#5087,#5088);
#5086 = CARTESIAN_POINT('',(104.5,30.5,45.));
#5087 = DIRECTION('',(0.,1.,0.));
#5088 = DIRECTION('',(0.,-0.,1.));
#5089 = DEFINITIONAL_REPRESENTATION('',(#5090),#5094);
#5090 = LINE('',#5091,#5092);
#5091 = CARTESIAN_POINT('',(0.,5.6));
#5092 = VECTOR('',#5093,1.);
#5093 = DIRECTION('',(1.,0.));
#5094 = ( GEOMETRIC_REPRESENTATION_CONTEXT(2) 
PARAMETRIC_REPRESENTATION_CONTEXT() REPRESENTATION_CONTEXT('2D SPACE',''
  ) );
#5095 = ADVANCED_FACE('',(#5096),#5084,.F.);
#5096 = FACE_BOUND('',#5097,.F.);
#5097 = EDGE_LOOP('',(#5098,#5099,#5122,#5149));
#5098 = ORIENTED_EDGE('',*,*,#5067,.F.);
#5099 = ORIENTED_EDGE('',*,*,#5100,.F.);
#5100 = EDGE_CURVE('',#5101,#5068,#5103,.T.);
#5101 = VERTEX_POINT('',#5102);
#5102 = CARTESIAN_POINT('',(104.5,30.5,47.1));
#5103 = SEAM_CURVE('',#5104,(#5108,#5115),.PCURVE_S1.);
#5104 = LINE('',#5105,#5106);
#5105 = CARTESIAN_POINT('',(104.5,30.5,47.1));
#5106 = VECTOR('',#5107,1.);
#5107 = DIRECTION('',(0.,1.,0.));
#5108 = PCURVE('',#5084,#5109);
#5109 = DEFINITIONAL_REPRESENTATION('',(#5110),#5114);
#5110 = LINE('',#5111,#5112);
#5111 = CARTESIAN_POINT('',(6.28318530718,-0.));
#5112 = VECTOR('',#5113,1.);
#5113 = DIRECTION('',(0.,1.));
#5114 = ( GEOMETRIC_REPRESENTATION_CONTEXT(2) 
PARAMETRIC_REPRESENTATION_CONTEXT() REPRESENTATION_CONTEXT('2D SPACE',''
  ) );
#5115 = PCURVE('',#5084,#5116);
#5116 = DEFINITIONAL_REPRESENTATION('',(#5117),#5121);
#5117 = LINE('',#5118,#5119);
#5118 = CARTESIAN_POINT('',(0.,-0.));
#5119 = VECTOR('',#5120,1.);
#5120 = DIRECTION('',(0.,1.));
#5121 = ( GEOMETRIC_REPRESENTATION_CONTEXT(2) 
PARAMETRIC_REPRESENTATION_CONTEXT() REPRESENTATION_CONTEXT('2D SPACE',''
  ) );
#5122 = ORIENTED_EDGE('',*,*,#5123,.T.);
#5123 = EDGE_CURVE('',#5101,#5101,#5124,.T.);
#5124 = SURFACE_CURVE('',#5125,(#5130,#5137),.PCURVE_S1.);
#5125 = CIRCLE('',#5126,2.1);
#5126 = AXIS2_PLACEMENT_3D('',#5127,#5128,#5129);
#5127 = CARTESIAN_POINT('',(104.5,30.5,45.));
#5128 = DIRECTION('',(0.,1.,0.));
#5129 = DIRECTION('',(0.,-0.,1.));
#5130 = PCURVE('',#5084,#5131);
#5131 = DEFINITIONAL_REPRESENTATION('',(#5132),#5136);
#5132 = LINE('',#5133,#5134);
#5133 = CARTESIAN_POINT('',(0.,0.));
#5134 = VECTOR('',#5135,1.);
#5135 = DIRECTION('',(1.,0.));
#5136 = ( GEOMETRIC_REPRESENTATION_CONTEXT(2) 
PARAMETRIC_REPRESENTATION_CONTEXT() REPRESENTATION_CONTEXT('2D SPACE',''
  ) );
#5137 = PCURVE('',#5138,#5143);
#5138 = PLANE('',#5139);
#5139 = AXIS2_PLACEMENT_3D('',#5140,#5141,#5142);
#5140 = CARTESIAN_POINT('',(104.5,30.5,45.));
#5141 = DIRECTION('',(0.,1.,0.));
#5142 = DIRECTION('',(0.,-0.,1.));
#5143 = DEFINITIONAL_REPRESENTATION('',(#5144),#5148);
#5144 = CIRCLE('',#5145,2.1);
#5145 = AXIS2_PLACEMENT_2D('',#5146,#5147);
#5146 = CARTESIAN_POINT('',(0.,0.));
#5147 = DIRECTION('',(1.,0.));
#5148 = ( GEOMETRIC_REPRESENTATION_CONTEXT(2) 
PARAMETRIC_REPRESENTATION_CONTEXT() REPRESENTATION_CONTEXT('2D SPACE',''
  ) );
#5149 = ORIENTED_EDGE('',*,*,#5100,.T.);
#5150 = ADVANCED_FACE('',(#5151),#5138,.T.);
#5151 = FACE_BOUND('',#5152,.F.);
#5152 = EDGE_LOOP('',(#5153));
#5153 = ORIENTED_EDGE('',*,*,#5123,.F.);
#5154 = ADVANCED_FACE('',(#5155),#5004,.F.);
#5155 = FACE_BOUND('',#5156,.T.);
#5156 = EDGE_LOOP('',(#5157));
#5157 = ORIENTED_EDGE('',*,*,#4989,.F.);
#5158 = ADVANCED_FACE('',(#5159),#4784,.F.);
#5159 = FACE_BOUND('',#5160,.F.);
#5160 = EDGE_LOOP('',(#5161,#5184,#5185,#5186));
#5161 = ORIENTED_EDGE('',*,*,#5162,.F.);
#5162 = EDGE_CURVE('',#4770,#5163,#5165,.T.);
#5163 = VERTEX_POINT('',#5164);
#5164 = CARTESIAN_POINT('',(102.,36.,82.));
#5165 = SURFACE_CURVE('',#5166,(#5170,#5177),.PCURVE_S1.);
#5166 = LINE('',#5167,#5168);
#5167 = CARTESIAN_POINT('',(102.,33.3,82.));
#5168 = VECTOR('',#5169,1.);
#5169 = DIRECTION('',(-0.,1.,0.));
#5170 = PCURVE('',#4784,#5171);
#5171 = DEFINITIONAL_REPRESENTATION('',(#5172),#5176);
#5172 = LINE('',#5173,#5174);
#5173 = CARTESIAN_POINT('',(74.,0.));
#5174 = VECTOR('',#5175,1.);
#5175 = DIRECTION('',(0.,-1.));
#5176 = ( GEOMETRIC_REPRESENTATION_CONTEXT(2) 
PARAMETRIC_REPRESENTATION_CONTEXT() REPRESENTATION_CONTEXT('2D SPACE',''
  ) );
#5177 = PCURVE('',#4808,#5178);
#5178 = DEFINITIONAL_REPRESENTATION('',(#5179),#5183);
#5179 = LINE('',#5180,#5181);
#5180 = CARTESIAN_POINT('',(102.4,0.));
#5181 = VECTOR('',#5182,1.);
#5182 = DIRECTION('',(0.,1.));
#5183 = ( GEOMETRIC_REPRESENTATION_CONTEXT(2) 
PARAMETRIC_REPRESENTATION_CONTEXT() REPRESENTATION_CONTEXT('2D SPACE',''
  ) );
#5184 = ORIENTED_EDGE('',*,*,#4769,.T.);
#5185 = ORIENTED_EDGE('',*,*,#5018,.T.);
#5186 = ORIENTED_EDGE('',*,*,#5187,.F.);
#5187 = EDGE_CURVE('',#5163,#5019,#5188,.T.);
#5188 = SURFACE_CURVE('',#5189,(#5193,#5199),.PCURVE_S1.);
#5189 = LINE('',#5190,#5191);
#5190 = CARTESIAN_POINT('',(102.,36.,4.));
#5191 = VECTOR('',#5192,1.);
#5192 = DIRECTION('',(-0.,0.,-1.));
#5193 = PCURVE('',#4784,#5194);
#5194 = DEFINITIONAL_REPRESENTATION('',(#5195),#5198);
#5195 = B_SPLINE_CURVE_WITH_KNOTS('',1,(#5196,#5197),.UNSPECIFIED.,.F.,
  .F.,(2,2),(-78.,-4.),.PIECEWISE_BEZIER_KNOTS.);
#5196 = CARTESIAN_POINT('',(74.,-2.7));
#5197 = CARTESIAN_POINT('',(0.,-2.7));
#5198 = ( GEOMETRIC_REPRESENTATION_CONTEXT(2) 
PARAMETRIC_REPRESENTATION_CONTEXT() REPRESENTATION_CONTEXT('2D SPACE',''
  ) );
#5199 = PCURVE('',#70,#5200);
#5200 = DEFINITIONAL_REPRESENTATION('',(#5201),#5204);
#5201 = B_SPLINE_CURVE_WITH_KNOTS('',1,(#5202,#5203),.UNSPECIFIED.,.F.,
  .F.,(2,2),(-78.,-4.),.PIECEWISE_BEZIER_KNOTS.);
#5202 = CARTESIAN_POINT('',(82.,102.));
#5203 = CARTESIAN_POINT('',(8.,102.));
#5204 = ( GEOMETRIC_REPRESENTATION_CONTEXT(2) 
PARAMETRIC_REPRESENTATION_CONTEXT() REPRESENTATION_CONTEXT('2D SPACE',''
  ) );
#5205 = ADVANCED_FACE('',(#5206),#4808,.F.);
#5206 = FACE_BOUND('',#5207,.F.);
#5207 = EDGE_LOOP('',(#5208,#5229,#5230,#5231));
#5208 = ORIENTED_EDGE('',*,*,#5209,.F.);
#5209 = EDGE_CURVE('',#4573,#5210,#5212,.T.);
#5210 = VERTEX_POINT('',#5211);
#5211 = CARTESIAN_POINT('',(92.142463035441,36.,82.));
#5212 = SURFACE_CURVE('',#5213,(#5217,#5223),.PCURVE_S1.);
#5213 = LINE('',#5214,#5215);
#5214 = CARTESIAN_POINT('',(92.142463035442,28.,82.));
#5215 = VECTOR('',#5216,1.);
#5216 = DIRECTION('',(0.,1.,0.));
#5217 = PCURVE('',#4808,#5218);
#5218 = DEFINITIONAL_REPRESENTATION('',(#5219),#5222);
#5219 = B_SPLINE_CURVE_WITH_KNOTS('',1,(#5220,#5221),.UNSPECIFIED.,.F.,
  .F.,(2,2),(5.36,8.1000006),.PIECEWISE_BEZIER_KNOTS.);
#5220 = CARTESIAN_POINT('',(92.542463035442,6.E-02));
#5221 = CARTESIAN_POINT('',(92.542463035442,2.8000006));
#5222 = ( GEOMETRIC_REPRESENTATION_CONTEXT(2) 
PARAMETRIC_REPRESENTATION_CONTEXT() REPRESENTATION_CONTEXT('2D SPACE',''
  ) );
#5223 = PCURVE('',#4589,#5224);
#5224 = DEFINITIONAL_REPRESENTATION('',(#5225),#5228);
#5225 = B_SPLINE_CURVE_WITH_KNOTS('',1,(#5226,#5227),.UNSPECIFIED.,.F.,
  .F.,(2,2),(5.36,8.1000006),.PIECEWISE_BEZIER_KNOTS.);
#5226 = CARTESIAN_POINT('',(2.020593187219,5.36));
#5227 = CARTESIAN_POINT('',(2.020593187219,8.1000006));
#5228 = ( GEOMETRIC_REPRESENTATION_CONTEXT(2) 
PARAMETRIC_REPRESENTATION_CONTEXT() REPRESENTATION_CONTEXT('2D SPACE',''
  ) );
#5229 = ORIENTED_EDGE('',*,*,#4795,.T.);
#5230 = ORIENTED_EDGE('',*,*,#5162,.T.);
#5231 = ORIENTED_EDGE('',*,*,#5232,.F.);
#5232 = EDGE_CURVE('',#5210,#5163,#5233,.T.);
#5233 = SURFACE_CURVE('',#5234,(#5238,#5244),.PCURVE_S1.);
#5234 = LINE('',#5235,#5236);
#5235 = CARTESIAN_POINT('',(-0.2,36.,82.));
#5236 = VECTOR('',#5237,1.);
#5237 = DIRECTION('',(1.,0.,-0.));
#5238 = PCURVE('',#4808,#5239);
#5239 = DEFINITIONAL_REPRESENTATION('',(#5240),#5243);
#5240 = B_SPLINE_CURVE_WITH_KNOTS('',1,(#5241,#5242),.UNSPECIFIED.,.F.,
  .F.,(2,2),(0.2,102.2),.PIECEWISE_BEZIER_KNOTS.);
#5241 = CARTESIAN_POINT('',(0.4,2.7));
#5242 = CARTESIAN_POINT('',(102.4,2.7));
#5243 = ( GEOMETRIC_REPRESENTATION_CONTEXT(2) 
PARAMETRIC_REPRESENTATION_CONTEXT() REPRESENTATION_CONTEXT('2D SPACE',''
  ) );
#5244 = PCURVE('',#70,#5245);
#5245 = DEFINITIONAL_REPRESENTATION('',(#5246),#5249);
#5246 = B_SPLINE_CURVE_WITH_KNOTS('',1,(#5247,#5248),.UNSPECIFIED.,.F.,
  .F.,(2,2),(0.2,102.2),.PIECEWISE_BEZIER_KNOTS.);
#5247 = CARTESIAN_POINT('',(82.,0.));
#5248 = CARTESIAN_POINT('',(82.,102.));
#5249 = ( GEOMETRIC_REPRESENTATION_CONTEXT(2) 
PARAMETRIC_REPRESENTATION_CONTEXT() REPRESENTATION_CONTEXT('2D SPACE',''
  ) );
#5250 = ADVANCED_FACE('',(#5251),#4589,.T.);
#5251 = FACE_BOUND('',#5252,.T.);
#5252 = EDGE_LOOP('',(#5253,#5278,#5305,#5306,#5328,#5329,#5330,#5351,
    #5380,#5401,#5430,#5456));
#5253 = ORIENTED_EDGE('',*,*,#5254,.T.);
#5254 = EDGE_CURVE('',#5255,#5257,#5259,.T.);
#5255 = VERTEX_POINT('',#5256);
#5256 = CARTESIAN_POINT('',(88.,36.,88.6));
#5257 = VERTEX_POINT('',#5258);
#5258 = CARTESIAN_POINT('',(88.,36.1,88.6));
#5259 = SEAM_CURVE('',#5260,(#5264,#5271),.PCURVE_S1.);
#5260 = LINE('',#5261,#5262);
#5261 = CARTESIAN_POINT('',(88.,28.,88.6));
#5262 = VECTOR('',#5263,1.);
#5263 = DIRECTION('',(0.,1.,0.));
#5264 = PCURVE('',#4589,#5265);
#5265 = DEFINITIONAL_REPRESENTATION('',(#5266),#5270);
#5266 = LINE('',#5267,#5268);
#5267 = CARTESIAN_POINT('',(6.28318530718,-0.));
#5268 = VECTOR('',#5269,1.);
#5269 = DIRECTION('',(0.,1.));
#5270 = ( GEOMETRIC_REPRESENTATION_CONTEXT(2) 
PARAMETRIC_REPRESENTATION_CONTEXT() REPRESENTATION_CONTEXT('2D SPACE',''
  ) );
#5271 = PCURVE('',#4589,#5272);
#5272 = DEFINITIONAL_REPRESENTATION('',(#5273),#5277);
#5273 = LINE('',#5274,#5275);
#5274 = CARTESIAN_POINT('',(0.,-0.));
#5275 = VECTOR('',#5276,1.);
#5276 = DIRECTION('',(0.,1.));
#5277 = ( GEOMETRIC_REPRESENTATION_CONTEXT(2) 
PARAMETRIC_REPRESENTATION_CONTEXT() REPRESENTATION_CONTEXT('2D SPACE',''
  ) );
#5278 = ORIENTED_EDGE('',*,*,#5279,.F.);
#5279 = EDGE_CURVE('',#5257,#5257,#5280,.T.);
#5280 = SURFACE_CURVE('',#5281,(#5286,#5293),.PCURVE_S1.);
#5281 = CIRCLE('',#5282,4.6);
#5282 = AXIS2_PLACEMENT_3D('',#5283,#5284,#5285);
#5283 = CARTESIAN_POINT('',(88.,36.1,84.));
#5284 = DIRECTION('',(0.,1.,0.));
#5285 = DIRECTION('',(0.,-0.,1.));
#5286 = PCURVE('',#4589,#5287);
#5287 = DEFINITIONAL_REPRESENTATION('',(#5288),#5292);
#5288 = LINE('',#5289,#5290);
#5289 = CARTESIAN_POINT('',(0.,8.1));
#5290 = VECTOR('',#5291,1.);
#5291 = DIRECTION('',(1.,0.));
#5292 = ( GEOMETRIC_REPRESENTATION_CONTEXT(2) 
PARAMETRIC_REPRESENTATION_CONTEXT() REPRESENTATION_CONTEXT('2D SPACE',''
  ) );
#5293 = PCURVE('',#5294,#5299);
#5294 = PLANE('',#5295);
#5295 = AXIS2_PLACEMENT_3D('',#5296,#5297,#5298);
#5296 = CARTESIAN_POINT('',(88.,36.1,84.));
#5297 = DIRECTION('',(0.,1.,0.));
#5298 = DIRECTION('',(0.,-0.,1.));
#5299 = DEFINITIONAL_REPRESENTATION('',(#5300),#5304);
#5300 = CIRCLE('',#5301,4.6);
#5301 = AXIS2_PLACEMENT_2D('',#5302,#5303);
#5302 = CARTESIAN_POINT('',(0.,0.));
#5303 = DIRECTION('',(1.,0.));
#5304 = ( GEOMETRIC_REPRESENTATION_CONTEXT(2) 
PARAMETRIC_REPRESENTATION_CONTEXT() REPRESENTATION_CONTEXT('2D SPACE',''
  ) );
#5305 = ORIENTED_EDGE('',*,*,#5254,.F.);
#5306 = ORIENTED_EDGE('',*,*,#5307,.T.);
#5307 = EDGE_CURVE('',#5255,#5210,#5308,.T.);
#5308 = SURFACE_CURVE('',#5309,(#5314,#5321),.PCURVE_S1.);
#5309 = CIRCLE('',#5310,4.6);
#5310 = AXIS2_PLACEMENT_3D('',#5311,#5312,#5313);
#5311 = CARTESIAN_POINT('',(88.,36.,84.));
#5312 = DIRECTION('',(0.,1.,0.));
#5313 = DIRECTION('',(0.,-0.,1.));
#5314 = PCURVE('',#4589,#5315);
#5315 = DEFINITIONAL_REPRESENTATION('',(#5316),#5320);
#5316 = LINE('',#5317,#5318);
#5317 = CARTESIAN_POINT('',(0.,8.));
#5318 = VECTOR('',#5319,1.);
#5319 = DIRECTION('',(1.,0.));
#5320 = ( GEOMETRIC_REPRESENTATION_CONTEXT(2) 
PARAMETRIC_REPRESENTATION_CONTEXT() REPRESENTATION_CONTEXT('2D SPACE',''
  ) );
#5321 = PCURVE('',#70,#5322);
#5322 = DEFINITIONAL_REPRESENTATION('',(#5323),#5327);
#5323 = CIRCLE('',#5324,4.6);
#5324 = AXIS2_PLACEMENT_2D('',#5325,#5326);
#5325 = CARTESIAN_POINT('',(84.,88.));
#5326 = DIRECTION('',(1.,0.));
#5327 = ( GEOMETRIC_REPRESENTATION_CONTEXT(2) 
PARAMETRIC_REPRESENTATION_CONTEXT() REPRESENTATION_CONTEXT('2D SPACE',''
  ) );
#5328 = ORIENTED_EDGE('',*,*,#5209,.F.);
#5329 = ORIENTED_EDGE('',*,*,#4570,.F.);
#5330 = ORIENTED_EDGE('',*,*,#5331,.F.);
#5331 = EDGE_CURVE('',#5332,#4571,#5334,.T.);
#5332 = VERTEX_POINT('',#5333);
#5333 = CARTESIAN_POINT('',(90.863564212655,28.,87.6));
#5334 = SURFACE_CURVE('',#5335,(#5339,#5345),.PCURVE_S1.);
#5335 = LINE('',#5336,#5337);
#5336 = CARTESIAN_POINT('',(90.863564212655,28.,87.6));
#5337 = VECTOR('',#5338,1.);
#5338 = DIRECTION('',(0.,1.,0.));
#5339 = PCURVE('',#4589,#5340);
#5340 = DEFINITIONAL_REPRESENTATION('',(#5341),#5344);
#5341 = B_SPLINE_CURVE_WITH_KNOTS('',1,(#5342,#5343),.UNSPECIFIED.,.F.,
  .F.,(2,2),(-5.999999999062E-07,8.1000006),.PIECEWISE_BEZIER_KNOTS.);
#5342 = CARTESIAN_POINT('',(0.671950896496,-5.999999999062E-07));
#5343 = CARTESIAN_POINT('',(0.671950896496,8.1000006));
#5344 = ( GEOMETRIC_REPRESENTATION_CONTEXT(2) 
PARAMETRIC_REPRESENTATION_CONTEXT() REPRESENTATION_CONTEXT('2D SPACE',''
  ) );
#5345 = PCURVE('',#1845,#5346);
#5346 = DEFINITIONAL_REPRESENTATION('',(#5347),#5350);
#5347 = B_SPLINE_CURVE_WITH_KNOTS('',1,(#5348,#5349),.UNSPECIFIED.,.F.,
  .F.,(2,2),(-5.999999999062E-07,8.1000006),.PIECEWISE_BEZIER_KNOTS.);
#5348 = CARTESIAN_POINT('',(88.463564212655,28.2999994));
#5349 = CARTESIAN_POINT('',(88.463564212655,36.4000006));
#5350 = ( GEOMETRIC_REPRESENTATION_CONTEXT(2) 
PARAMETRIC_REPRESENTATION_CONTEXT() REPRESENTATION_CONTEXT('2D SPACE',''
  ) );
#5351 = ORIENTED_EDGE('',*,*,#5352,.T.);
#5352 = EDGE_CURVE('',#5332,#5353,#5355,.T.);
#5353 = VERTEX_POINT('',#5354);
#5354 = CARTESIAN_POINT('',(85.136435787345,28.,87.6));
#5355 = SURFACE_CURVE('',#5356,(#5361,#5368),.PCURVE_S1.);
#5356 = CIRCLE('',#5357,4.6);
#5357 = AXIS2_PLACEMENT_3D('',#5358,#5359,#5360);
#5358 = CARTESIAN_POINT('',(88.,28.,84.));
#5359 = DIRECTION('',(0.,1.,0.));
#5360 = DIRECTION('',(0.,-0.,1.));
#5361 = PCURVE('',#4589,#5362);
#5362 = DEFINITIONAL_REPRESENTATION('',(#5363),#5367);
#5363 = LINE('',#5364,#5365);
#5364 = CARTESIAN_POINT('',(0.,0.));
#5365 = VECTOR('',#5366,1.);
#5366 = DIRECTION('',(1.,0.));
#5367 = ( GEOMETRIC_REPRESENTATION_CONTEXT(2) 
PARAMETRIC_REPRESENTATION_CONTEXT() REPRESENTATION_CONTEXT('2D SPACE',''
  ) );
#5368 = PCURVE('',#5369,#5374);
#5369 = PLANE('',#5370);
#5370 = AXIS2_PLACEMENT_3D('',#5371,#5372,#5373);
#5371 = CARTESIAN_POINT('',(88.,28.,84.));
#5372 = DIRECTION('',(0.,1.,0.));
#5373 = DIRECTION('',(0.,-0.,1.));
#5374 = DEFINITIONAL_REPRESENTATION('',(#5375),#5379);
#5375 = CIRCLE('',#5376,4.6);
#5376 = AXIS2_PLACEMENT_2D('',#5377,#5378);
#5377 = CARTESIAN_POINT('',(0.,0.));
#5378 = DIRECTION('',(1.,0.));
#5379 = ( GEOMETRIC_REPRESENTATION_CONTEXT(2) 
PARAMETRIC_REPRESENTATION_CONTEXT() REPRESENTATION_CONTEXT('2D SPACE',''
  ) );
#5380 = ORIENTED_EDGE('',*,*,#5381,.T.);
#5381 = EDGE_CURVE('',#5353,#5382,#5384,.T.);
#5382 = VERTEX_POINT('',#5383);
#5383 = CARTESIAN_POINT('',(85.136435787345,33.6,87.6));
#5384 = SURFACE_CURVE('',#5385,(#5389,#5395),.PCURVE_S1.);
#5385 = LINE('',#5386,#5387);
#5386 = CARTESIAN_POINT('',(85.136435787345,28.,87.6));
#5387 = VECTOR('',#5388,1.);
#5388 = DIRECTION('',(0.,1.,0.));
#5389 = PCURVE('',#4589,#5390);
#5390 = DEFINITIONAL_REPRESENTATION('',(#5391),#5394);
#5391 = B_SPLINE_CURVE_WITH_KNOTS('',1,(#5392,#5393),.UNSPECIFIED.,.F.,
  .F.,(2,2),(-5.999999999062E-07,8.1000006),.PIECEWISE_BEZIER_KNOTS.);
#5392 = CARTESIAN_POINT('',(5.611234410684,-5.999999999062E-07));
#5393 = CARTESIAN_POINT('',(5.611234410684,8.1000006));
#5394 = ( GEOMETRIC_REPRESENTATION_CONTEXT(2) 
PARAMETRIC_REPRESENTATION_CONTEXT() REPRESENTATION_CONTEXT('2D SPACE',''
  ) );
#5395 = PCURVE('',#1845,#5396);
#5396 = DEFINITIONAL_REPRESENTATION('',(#5397),#5400);
#5397 = B_SPLINE_CURVE_WITH_KNOTS('',1,(#5398,#5399),.UNSPECIFIED.,.F.,
  .F.,(2,2),(-5.999999999062E-07,8.1000006),.PIECEWISE_BEZIER_KNOTS.);
#5398 = CARTESIAN_POINT('',(82.736435787345,28.2999994));
#5399 = CARTESIAN_POINT('',(82.736435787345,36.4000006));
#5400 = ( GEOMETRIC_REPRESENTATION_CONTEXT(2) 
PARAMETRIC_REPRESENTATION_CONTEXT() REPRESENTATION_CONTEXT('2D SPACE',''
  ) );
#5401 = ORIENTED_EDGE('',*,*,#5402,.F.);
#5402 = EDGE_CURVE('',#5403,#5382,#5405,.T.);
#5403 = VERTEX_POINT('',#5404);
#5404 = CARTESIAN_POINT('',(83.857536964558,33.6,82.));
#5405 = SURFACE_CURVE('',#5406,(#5411,#5418),.PCURVE_S1.);
#5406 = CIRCLE('',#5407,4.6);
#5407 = AXIS2_PLACEMENT_3D('',#5408,#5409,#5410);
#5408 = CARTESIAN_POINT('',(88.,33.6,84.));
#5409 = DIRECTION('',(0.,1.,0.));
#5410 = DIRECTION('',(0.,-0.,1.));
#5411 = PCURVE('',#4589,#5412);
#5412 = DEFINITIONAL_REPRESENTATION('',(#5413),#5417);
#5413 = LINE('',#5414,#5415);
#5414 = CARTESIAN_POINT('',(0.,5.6));
#5415 = VECTOR('',#5416,1.);
#5416 = DIRECTION('',(1.,0.));
#5417 = ( GEOMETRIC_REPRESENTATION_CONTEXT(2) 
PARAMETRIC_REPRESENTATION_CONTEXT() REPRESENTATION_CONTEXT('2D SPACE',''
  ) );
#5418 = PCURVE('',#5419,#5424);
#5419 = PLANE('',#5420);
#5420 = AXIS2_PLACEMENT_3D('',#5421,#5422,#5423);
#5421 = CARTESIAN_POINT('',(2.4,33.6,2.4));
#5422 = DIRECTION('',(-0.,1.,0.));
#5423 = DIRECTION('',(0.,0.,1.));
#5424 = DEFINITIONAL_REPRESENTATION('',(#5425),#5429);
#5425 = CIRCLE('',#5426,4.6);
#5426 = AXIS2_PLACEMENT_2D('',#5427,#5428);
#5427 = CARTESIAN_POINT('',(81.6,85.6));
#5428 = DIRECTION('',(1.,0.));
#5429 = ( GEOMETRIC_REPRESENTATION_CONTEXT(2) 
PARAMETRIC_REPRESENTATION_CONTEXT() REPRESENTATION_CONTEXT('2D SPACE',''
  ) );
#5430 = ORIENTED_EDGE('',*,*,#5431,.T.);
#5431 = EDGE_CURVE('',#5403,#5432,#5434,.T.);
#5432 = VERTEX_POINT('',#5433);
#5433 = CARTESIAN_POINT('',(83.857536964559,36.,82.));
#5434 = SURFACE_CURVE('',#5435,(#5439,#5445),.PCURVE_S1.);
#5435 = LINE('',#5436,#5437);
#5436 = CARTESIAN_POINT('',(83.857536964558,28.,82.));
#5437 = VECTOR('',#5438,1.);
#5438 = DIRECTION('',(0.,1.,0.));
#5439 = PCURVE('',#4589,#5440);
#5440 = DEFINITIONAL_REPRESENTATION('',(#5441),#5444);
#5441 = B_SPLINE_CURVE_WITH_KNOTS('',1,(#5442,#5443),.UNSPECIFIED.,.F.,
  .F.,(2,2),(5.36,8.1000006),.PIECEWISE_BEZIER_KNOTS.);
#5442 = CARTESIAN_POINT('',(4.26259211996,5.36));
#5443 = CARTESIAN_POINT('',(4.26259211996,8.1000006));
#5444 = ( GEOMETRIC_REPRESENTATION_CONTEXT(2) 
PARAMETRIC_REPRESENTATION_CONTEXT() REPRESENTATION_CONTEXT('2D SPACE',''
  ) );
#5445 = PCURVE('',#5446,#5451);
#5446 = PLANE('',#5447);
#5447 = AXIS2_PLACEMENT_3D('',#5448,#5449,#5450);
#5448 = CARTESIAN_POINT('',(-0.4,33.3,82.));
#5449 = DIRECTION('',(0.,0.,1.));
#5450 = DIRECTION('',(1.,0.,-0.));
#5451 = DEFINITIONAL_REPRESENTATION('',(#5452),#5455);
#5452 = B_SPLINE_CURVE_WITH_KNOTS('',1,(#5453,#5454),.UNSPECIFIED.,.F.,
  .F.,(2,2),(5.36,8.1000006),.PIECEWISE_BEZIER_KNOTS.);
#5453 = CARTESIAN_POINT('',(84.257536964558,6.E-02));
#5454 = CARTESIAN_POINT('',(84.257536964558,2.8000006));
#5455 = ( GEOMETRIC_REPRESENTATION_CONTEXT(2) 
PARAMETRIC_REPRESENTATION_CONTEXT() REPRESENTATION_CONTEXT('2D SPACE',''
  ) );
#5456 = ORIENTED_EDGE('',*,*,#5457,.T.);
#5457 = EDGE_CURVE('',#5432,#5255,#5458,.T.);
#5458 = SURFACE_CURVE('',#5459,(#5464,#5471),.PCURVE_S1.);
#5459 = CIRCLE('',#5460,4.6);
#5460 = AXIS2_PLACEMENT_3D('',#5461,#5462,#5463);
#5461 = CARTESIAN_POINT('',(88.,36.,84.));
#5462 = DIRECTION('',(0.,1.,0.));
#5463 = DIRECTION('',(0.,-0.,1.));
#5464 = PCURVE('',#4589,#5465);
#5465 = DEFINITIONAL_REPRESENTATION('',(#5466),#5470);
#5466 = LINE('',#5467,#5468);
#5467 = CARTESIAN_POINT('',(0.,8.));
#5468 = VECTOR('',#5469,1.);
#5469 = DIRECTION('',(1.,0.));
#5470 = ( GEOMETRIC_REPRESENTATION_CONTEXT(2) 
PARAMETRIC_REPRESENTATION_CONTEXT() REPRESENTATION_CONTEXT('2D SPACE',''
  ) );
#5471 = PCURVE('',#70,#5472);
#5472 = DEFINITIONAL_REPRESENTATION('',(#5473),#5477);
#5473 = CIRCLE('',#5474,4.6);
#5474 = AXIS2_PLACEMENT_2D('',#5475,#5476);
#5475 = CARTESIAN_POINT('',(84.,88.));
#5476 = DIRECTION('',(1.,0.));
#5477 = ( GEOMETRIC_REPRESENTATION_CONTEXT(2) 
PARAMETRIC_REPRESENTATION_CONTEXT() REPRESENTATION_CONTEXT('2D SPACE',''
  ) );
#5478 = ADVANCED_FACE('',(#5479,#5482),#5294,.T.);
#5479 = FACE_BOUND('',#5480,.T.);
#5480 = EDGE_LOOP('',(#5481));
#5481 = ORIENTED_EDGE('',*,*,#5279,.T.);
#5482 = FACE_BOUND('',#5483,.T.);
#5483 = EDGE_LOOP('',(#5484));
#5484 = ORIENTED_EDGE('',*,*,#5485,.F.);
#5485 = EDGE_CURVE('',#5486,#5486,#5488,.T.);
#5486 = VERTEX_POINT('',#5487);
#5487 = CARTESIAN_POINT('',(88.,36.1,86.1));
#5488 = SURFACE_CURVE('',#5489,(#5494,#5501),.PCURVE_S1.);
#5489 = CIRCLE('',#5490,2.1);
#5490 = AXIS2_PLACEMENT_3D('',#5491,#5492,#5493);
#5491 = CARTESIAN_POINT('',(88.,36.1,84.));
#5492 = DIRECTION('',(0.,1.,0.));
#5493 = DIRECTION('',(0.,-0.,1.));
#5494 = PCURVE('',#5294,#5495);
#5495 = DEFINITIONAL_REPRESENTATION('',(#5496),#5500);
#5496 = CIRCLE('',#5497,2.1);
#5497 = AXIS2_PLACEMENT_2D('',#5498,#5499);
#5498 = CARTESIAN_POINT('',(0.,0.));
#5499 = DIRECTION('',(1.,0.));
#5500 = ( GEOMETRIC_REPRESENTATION_CONTEXT(2) 
PARAMETRIC_REPRESENTATION_CONTEXT() REPRESENTATION_CONTEXT('2D SPACE',''
  ) );
#5501 = PCURVE('',#5502,#5507);
#5502 = CYLINDRICAL_SURFACE('',#5503,2.1);
#5503 = AXIS2_PLACEMENT_3D('',#5504,#5505,#5506);
#5504 = CARTESIAN_POINT('',(88.,30.,84.));
#5505 = DIRECTION('',(0.,1.,0.));
#5506 = DIRECTION('',(0.,-0.,1.));
#5507 = DEFINITIONAL_REPRESENTATION('',(#5508),#5512);
#5508 = LINE('',#5509,#5510);
#5509 = CARTESIAN_POINT('',(0.,6.1));
#5510 = VECTOR('',#5511,1.);
#5511 = DIRECTION('',(1.,0.));
#5512 = ( GEOMETRIC_REPRESENTATION_CONTEXT(2) 
PARAMETRIC_REPRESENTATION_CONTEXT() REPRESENTATION_CONTEXT('2D SPACE',''
  ) );
#5513 = ADVANCED_FACE('',(#5514),#5502,.F.);
#5514 = FACE_BOUND('',#5515,.F.);
#5515 = EDGE_LOOP('',(#5516,#5517,#5540,#5567));
#5516 = ORIENTED_EDGE('',*,*,#5485,.F.);
#5517 = ORIENTED_EDGE('',*,*,#5518,.F.);
#5518 = EDGE_CURVE('',#5519,#5486,#5521,.T.);
#5519 = VERTEX_POINT('',#5520);
#5520 = CARTESIAN_POINT('',(88.,30.,86.1));
#5521 = SEAM_CURVE('',#5522,(#5526,#5533),.PCURVE_S1.);
#5522 = LINE('',#5523,#5524);
#5523 = CARTESIAN_POINT('',(88.,30.,86.1));
#5524 = VECTOR('',#5525,1.);
#5525 = DIRECTION('',(0.,1.,0.));
#5526 = PCURVE('',#5502,#5527);
#5527 = DEFINITIONAL_REPRESENTATION('',(#5528),#5532);
#5528 = LINE('',#5529,#5530);
#5529 = CARTESIAN_POINT('',(6.28318530718,-0.));
#5530 = VECTOR('',#5531,1.);
#5531 = DIRECTION('',(0.,1.));
#5532 = ( GEOMETRIC_REPRESENTATION_CONTEXT(2) 
PARAMETRIC_REPRESENTATION_CONTEXT() REPRESENTATION_CONTEXT('2D SPACE',''
  ) );
#5533 = PCURVE('',#5502,#5534);
#5534 = DEFINITIONAL_REPRESENTATION('',(#5535),#5539);
#5535 = LINE('',#5536,#5537);
#5536 = CARTESIAN_POINT('',(0.,-0.));
#5537 = VECTOR('',#5538,1.);
#5538 = DIRECTION('',(0.,1.));
#5539 = ( GEOMETRIC_REPRESENTATION_CONTEXT(2) 
PARAMETRIC_REPRESENTATION_CONTEXT() REPRESENTATION_CONTEXT('2D SPACE',''
  ) );
#5540 = ORIENTED_EDGE('',*,*,#5541,.T.);
#5541 = EDGE_CURVE('',#5519,#5519,#5542,.T.);
#5542 = SURFACE_CURVE('',#5543,(#5548,#5555),.PCURVE_S1.);
#5543 = CIRCLE('',#5544,2.1);
#5544 = AXIS2_PLACEMENT_3D('',#5545,#5546,#5547);
#5545 = CARTESIAN_POINT('',(88.,30.,84.));
#5546 = DIRECTION('',(0.,1.,0.));
#5547 = DIRECTION('',(0.,-0.,1.));
#5548 = PCURVE('',#5502,#5549);
#5549 = DEFINITIONAL_REPRESENTATION('',(#5550),#5554);
#5550 = LINE('',#5551,#5552);
#5551 = CARTESIAN_POINT('',(0.,0.));
#5552 = VECTOR('',#5553,1.);
#5553 = DIRECTION('',(1.,0.));
#5554 = ( GEOMETRIC_REPRESENTATION_CONTEXT(2) 
PARAMETRIC_REPRESENTATION_CONTEXT() REPRESENTATION_CONTEXT('2D SPACE',''
  ) );
#5555 = PCURVE('',#5556,#5561);
#5556 = PLANE('',#5557);
#5557 = AXIS2_PLACEMENT_3D('',#5558,#5559,#5560);
#5558 = CARTESIAN_POINT('',(88.,30.,84.));
#5559 = DIRECTION('',(0.,1.,0.));
#5560 = DIRECTION('',(0.,-0.,1.));
#5561 = DEFINITIONAL_REPRESENTATION('',(#5562),#5566);
#5562 = CIRCLE('',#5563,2.1);
#5563 = AXIS2_PLACEMENT_2D('',#5564,#5565);
#5564 = CARTESIAN_POINT('',(0.,0.));
#5565 = DIRECTION('',(1.,0.));
#5566 = ( GEOMETRIC_REPRESENTATION_CONTEXT(2) 
PARAMETRIC_REPRESENTATION_CONTEXT() REPRESENTATION_CONTEXT('2D SPACE',''
  ) );
#5567 = ORIENTED_EDGE('',*,*,#5518,.T.);
#5568 = ADVANCED_FACE('',(#5569),#5556,.T.);
#5569 = FACE_BOUND('',#5570,.F.);
#5570 = EDGE_LOOP('',(#5571));
#5571 = ORIENTED_EDGE('',*,*,#5541,.F.);
#5572 = ADVANCED_FACE('',(#5573),#5369,.F.);
#5573 = FACE_BOUND('',#5574,.F.);
#5574 = EDGE_LOOP('',(#5575,#5594));
#5575 = ORIENTED_EDGE('',*,*,#5576,.F.);
#5576 = EDGE_CURVE('',#5332,#5353,#5577,.T.);
#5577 = SURFACE_CURVE('',#5578,(#5582,#5588),.PCURVE_S1.);
#5578 = LINE('',#5579,#5580);
#5579 = CARTESIAN_POINT('',(45.2,28.,87.6));
#5580 = VECTOR('',#5581,1.);
#5581 = DIRECTION('',(-1.,0.,0.));
#5582 = PCURVE('',#5369,#5583);
#5583 = DEFINITIONAL_REPRESENTATION('',(#5584),#5587);
#5584 = B_SPLINE_CURVE_WITH_KNOTS('',1,(#5585,#5586),.UNSPECIFIED.,.F.,
  .F.,(2,2),(-47.4,-38.2),.PIECEWISE_BEZIER_KNOTS.);
#5585 = CARTESIAN_POINT('',(3.6,4.6));
#5586 = CARTESIAN_POINT('',(3.6,-4.6));
#5587 = ( GEOMETRIC_REPRESENTATION_CONTEXT(2) 
PARAMETRIC_REPRESENTATION_CONTEXT() REPRESENTATION_CONTEXT('2D SPACE',''
  ) );
#5588 = PCURVE('',#1845,#5589);
#5589 = DEFINITIONAL_REPRESENTATION('',(#5590),#5593);
#5590 = B_SPLINE_CURVE_WITH_KNOTS('',1,(#5591,#5592),.UNSPECIFIED.,.F.,
  .F.,(2,2),(-47.4,-38.2),.PIECEWISE_BEZIER_KNOTS.);
#5591 = CARTESIAN_POINT('',(90.2,28.3));
#5592 = CARTESIAN_POINT('',(81.,28.3));
#5593 = ( GEOMETRIC_REPRESENTATION_CONTEXT(2) 
PARAMETRIC_REPRESENTATION_CONTEXT() REPRESENTATION_CONTEXT('2D SPACE',''
  ) );
#5594 = ORIENTED_EDGE('',*,*,#5352,.T.);
#5595 = ADVANCED_FACE('',(#5596),#5419,.F.);
#5596 = FACE_BOUND('',#5597,.F.);
#5597 = EDGE_LOOP('',(#5598,#5629,#5650,#5651));
#5598 = ORIENTED_EDGE('',*,*,#5599,.F.);
#5599 = EDGE_CURVE('',#5600,#5602,#5604,.T.);
#5600 = VERTEX_POINT('',#5601);
#5601 = CARTESIAN_POINT('',(32.863564212655,33.6,87.6));
#5602 = VERTEX_POINT('',#5603);
#5603 = CARTESIAN_POINT('',(34.142463035442,33.6,82.));
#5604 = SURFACE_CURVE('',#5605,(#5610,#5617),.PCURVE_S1.);
#5605 = CIRCLE('',#5606,4.6);
#5606 = AXIS2_PLACEMENT_3D('',#5607,#5608,#5609);
#5607 = CARTESIAN_POINT('',(30.,33.6,84.));
#5608 = DIRECTION('',(0.,1.,0.));
#5609 = DIRECTION('',(0.,-0.,1.));
#5610 = PCURVE('',#5419,#5611);
#5611 = DEFINITIONAL_REPRESENTATION('',(#5612),#5616);
#5612 = CIRCLE('',#5613,4.6);
#5613 = AXIS2_PLACEMENT_2D('',#5614,#5615);
#5614 = CARTESIAN_POINT('',(81.6,27.6));
#5615 = DIRECTION('',(1.,0.));
#5616 = ( GEOMETRIC_REPRESENTATION_CONTEXT(2) 
PARAMETRIC_REPRESENTATION_CONTEXT() REPRESENTATION_CONTEXT('2D SPACE',''
  ) );
#5617 = PCURVE('',#5618,#5623);
#5618 = CYLINDRICAL_SURFACE('',#5619,4.6);
#5619 = AXIS2_PLACEMENT_3D('',#5620,#5621,#5622);
#5620 = CARTESIAN_POINT('',(30.,28.,84.));
#5621 = DIRECTION('',(0.,1.,0.));
#5622 = DIRECTION('',(0.,-0.,1.));
#5623 = DEFINITIONAL_REPRESENTATION('',(#5624),#5628);
#5624 = LINE('',#5625,#5626);
#5625 = CARTESIAN_POINT('',(0.,5.6));
#5626 = VECTOR('',#5627,1.);
#5627 = DIRECTION('',(1.,0.));
#5628 = ( GEOMETRIC_REPRESENTATION_CONTEXT(2) 
PARAMETRIC_REPRESENTATION_CONTEXT() REPRESENTATION_CONTEXT('2D SPACE',''
  ) );
#5629 = ORIENTED_EDGE('',*,*,#5630,.T.);
#5630 = EDGE_CURVE('',#5600,#5382,#5631,.T.);
#5631 = SURFACE_CURVE('',#5632,(#5636,#5643),.PCURVE_S1.);
#5632 = LINE('',#5633,#5634);
#5633 = CARTESIAN_POINT('',(2.4,33.6,87.6));
#5634 = VECTOR('',#5635,1.);
#5635 = DIRECTION('',(1.,0.,-0.));
#5636 = PCURVE('',#5419,#5637);
#5637 = DEFINITIONAL_REPRESENTATION('',(#5638),#5642);
#5638 = LINE('',#5639,#5640);
#5639 = CARTESIAN_POINT('',(85.2,0.));
#5640 = VECTOR('',#5641,1.);
#5641 = DIRECTION('',(0.,1.));
#5642 = ( GEOMETRIC_REPRESENTATION_CONTEXT(2) 
PARAMETRIC_REPRESENTATION_CONTEXT() REPRESENTATION_CONTEXT('2D SPACE',''
  ) );
#5643 = PCURVE('',#1845,#5644);
#5644 = DEFINITIONAL_REPRESENTATION('',(#5645),#5649);
#5645 = LINE('',#5646,#5647);
#5646 = CARTESIAN_POINT('',(0.,33.9));
#5647 = VECTOR('',#5648,1.);
#5648 = DIRECTION('',(1.,0.));
#5649 = ( GEOMETRIC_REPRESENTATION_CONTEXT(2) 
PARAMETRIC_REPRESENTATION_CONTEXT() REPRESENTATION_CONTEXT('2D SPACE',''
  ) );
#5650 = ORIENTED_EDGE('',*,*,#5402,.F.);
#5651 = ORIENTED_EDGE('',*,*,#5652,.F.);
#5652 = EDGE_CURVE('',#5602,#5403,#5653,.T.);
#5653 = SURFACE_CURVE('',#5654,(#5658,#5664),.PCURVE_S1.);
#5654 = LINE('',#5655,#5656);
#5655 = CARTESIAN_POINT('',(1.,33.6,82.));
#5656 = VECTOR('',#5657,1.);
#5657 = DIRECTION('',(1.,0.,-0.));
#5658 = PCURVE('',#5419,#5659);
#5659 = DEFINITIONAL_REPRESENTATION('',(#5660),#5663);
#5660 = B_SPLINE_CURVE_WITH_KNOTS('',1,(#5661,#5662),.UNSPECIFIED.,.F.,
  .F.,(2,2),(1.4,101.),.PIECEWISE_BEZIER_KNOTS.);
#5661 = CARTESIAN_POINT('',(79.6,0.));
#5662 = CARTESIAN_POINT('',(79.6,99.6));
#5663 = ( GEOMETRIC_REPRESENTATION_CONTEXT(2) 
PARAMETRIC_REPRESENTATION_CONTEXT() REPRESENTATION_CONTEXT('2D SPACE',''
  ) );
#5664 = PCURVE('',#5446,#5665);
#5665 = DEFINITIONAL_REPRESENTATION('',(#5666),#5669);
#5666 = B_SPLINE_CURVE_WITH_KNOTS('',1,(#5667,#5668),.UNSPECIFIED.,.F.,
  .F.,(2,2),(1.4,101.),.PIECEWISE_BEZIER_KNOTS.);
#5667 = CARTESIAN_POINT('',(2.8,0.3));
#5668 = CARTESIAN_POINT('',(102.4,0.3));
#5669 = ( GEOMETRIC_REPRESENTATION_CONTEXT(2) 
PARAMETRIC_REPRESENTATION_CONTEXT() REPRESENTATION_CONTEXT('2D SPACE',''
  ) );
#5670 = ADVANCED_FACE('',(#5671),#5618,.T.);
#5671 = FACE_BOUND('',#5672,.T.);
#5672 = EDGE_LOOP('',(#5673,#5698,#5725,#5726,#5750,#5769,#5770,#5791,
    #5820,#5841,#5870,#5891));
#5673 = ORIENTED_EDGE('',*,*,#5674,.T.);
#5674 = EDGE_CURVE('',#5675,#5677,#5679,.T.);
#5675 = VERTEX_POINT('',#5676);
#5676 = CARTESIAN_POINT('',(30.,36.,88.6));
#5677 = VERTEX_POINT('',#5678);
#5678 = CARTESIAN_POINT('',(30.,36.1,88.6));
#5679 = SEAM_CURVE('',#5680,(#5684,#5691),.PCURVE_S1.);
#5680 = LINE('',#5681,#5682);
#5681 = CARTESIAN_POINT('',(30.,28.,88.6));
#5682 = VECTOR('',#5683,1.);
#5683 = DIRECTION('',(0.,1.,0.));
#5684 = PCURVE('',#5618,#5685);
#5685 = DEFINITIONAL_REPRESENTATION('',(#5686),#5690);
#5686 = LINE('',#5687,#5688);
#5687 = CARTESIAN_POINT('',(6.28318530718,-0.));
#5688 = VECTOR('',#5689,1.);
#5689 = DIRECTION('',(0.,1.));
#5690 = ( GEOMETRIC_REPRESENTATION_CONTEXT(2) 
PARAMETRIC_REPRESENTATION_CONTEXT() REPRESENTATION_CONTEXT('2D SPACE',''
  ) );
#5691 = PCURVE('',#5618,#5692);
#5692 = DEFINITIONAL_REPRESENTATION('',(#5693),#5697);
#5693 = LINE('',#5694,#5695);
#5694 = CARTESIAN_POINT('',(0.,-0.));
#5695 = VECTOR('',#5696,1.);
#5696 = DIRECTION('',(0.,1.));
#5697 = ( GEOMETRIC_REPRESENTATION_CONTEXT(2) 
PARAMETRIC_REPRESENTATION_CONTEXT() REPRESENTATION_CONTEXT('2D SPACE',''
  ) );
#5698 = ORIENTED_EDGE('',*,*,#5699,.F.);
#5699 = EDGE_CURVE('',#5677,#5677,#5700,.T.);
#5700 = SURFACE_CURVE('',#5701,(#5706,#5713),.PCURVE_S1.);
#5701 = CIRCLE('',#5702,4.6);
#5702 = AXIS2_PLACEMENT_3D('',#5703,#5704,#5705);
#5703 = CARTESIAN_POINT('',(30.,36.1,84.));
#5704 = DIRECTION('',(0.,1.,0.));
#5705 = DIRECTION('',(0.,-0.,1.));
#5706 = PCURVE('',#5618,#5707);
#5707 = DEFINITIONAL_REPRESENTATION('',(#5708),#5712);
#5708 = LINE('',#5709,#5710);
#5709 = CARTESIAN_POINT('',(0.,8.1));
#5710 = VECTOR('',#5711,1.);
#5711 = DIRECTION('',(1.,0.));
#5712 = ( GEOMETRIC_REPRESENTATION_CONTEXT(2) 
PARAMETRIC_REPRESENTATION_CONTEXT() REPRESENTATION_CONTEXT('2D SPACE',''
  ) );
#5713 = PCURVE('',#5714,#5719);
#5714 = PLANE('',#5715);
#5715 = AXIS2_PLACEMENT_3D('',#5716,#5717,#5718);
#5716 = CARTESIAN_POINT('',(30.,36.1,84.));
#5717 = DIRECTION('',(0.,1.,0.));
#5718 = DIRECTION('',(0.,-0.,1.));
#5719 = DEFINITIONAL_REPRESENTATION('',(#5720),#5724);
#5720 = CIRCLE('',#5721,4.6);
#5721 = AXIS2_PLACEMENT_2D('',#5722,#5723);
#5722 = CARTESIAN_POINT('',(0.,0.));
#5723 = DIRECTION('',(1.,0.));
#5724 = ( GEOMETRIC_REPRESENTATION_CONTEXT(2) 
PARAMETRIC_REPRESENTATION_CONTEXT() REPRESENTATION_CONTEXT('2D SPACE',''
  ) );
#5725 = ORIENTED_EDGE('',*,*,#5674,.F.);
#5726 = ORIENTED_EDGE('',*,*,#5727,.T.);
#5727 = EDGE_CURVE('',#5675,#5728,#5730,.T.);
#5728 = VERTEX_POINT('',#5729);
#5729 = CARTESIAN_POINT('',(34.142463035441,36.,82.));
#5730 = SURFACE_CURVE('',#5731,(#5736,#5743),.PCURVE_S1.);
#5731 = CIRCLE('',#5732,4.6);
#5732 = AXIS2_PLACEMENT_3D('',#5733,#5734,#5735);
#5733 = CARTESIAN_POINT('',(30.,36.,84.));
#5734 = DIRECTION('',(0.,1.,0.));
#5735 = DIRECTION('',(0.,-0.,1.));
#5736 = PCURVE('',#5618,#5737);
#5737 = DEFINITIONAL_REPRESENTATION('',(#5738),#5742);
#5738 = LINE('',#5739,#5740);
#5739 = CARTESIAN_POINT('',(0.,8.));
#5740 = VECTOR('',#5741,1.);
#5741 = DIRECTION('',(1.,0.));
#5742 = ( GEOMETRIC_REPRESENTATION_CONTEXT(2) 
PARAMETRIC_REPRESENTATION_CONTEXT() REPRESENTATION_CONTEXT('2D SPACE',''
  ) );
#5743 = PCURVE('',#70,#5744);
#5744 = DEFINITIONAL_REPRESENTATION('',(#5745),#5749);
#5745 = CIRCLE('',#5746,4.6);
#5746 = AXIS2_PLACEMENT_2D('',#5747,#5748);
#5747 = CARTESIAN_POINT('',(84.,30.));
#5748 = DIRECTION('',(1.,0.));
#5749 = ( GEOMETRIC_REPRESENTATION_CONTEXT(2) 
PARAMETRIC_REPRESENTATION_CONTEXT() REPRESENTATION_CONTEXT('2D SPACE',''
  ) );
#5750 = ORIENTED_EDGE('',*,*,#5751,.F.);
#5751 = EDGE_CURVE('',#5602,#5728,#5752,.T.);
#5752 = SURFACE_CURVE('',#5753,(#5757,#5763),.PCURVE_S1.);
#5753 = LINE('',#5754,#5755);
#5754 = CARTESIAN_POINT('',(34.142463035442,28.,82.));
#5755 = VECTOR('',#5756,1.);
#5756 = DIRECTION('',(0.,1.,0.));
#5757 = PCURVE('',#5618,#5758);
#5758 = DEFINITIONAL_REPRESENTATION('',(#5759),#5762);
#5759 = B_SPLINE_CURVE_WITH_KNOTS('',1,(#5760,#5761),.UNSPECIFIED.,.F.,
  .F.,(2,2),(5.36,8.1000006),.PIECEWISE_BEZIER_KNOTS.);
#5760 = CARTESIAN_POINT('',(2.020593187219,5.36));
#5761 = CARTESIAN_POINT('',(2.020593187219,8.1000006));
#5762 = ( GEOMETRIC_REPRESENTATION_CONTEXT(2) 
PARAMETRIC_REPRESENTATION_CONTEXT() REPRESENTATION_CONTEXT('2D SPACE',''
  ) );
#5763 = PCURVE('',#5446,#5764);
#5764 = DEFINITIONAL_REPRESENTATION('',(#5765),#5768);
#5765 = B_SPLINE_CURVE_WITH_KNOTS('',1,(#5766,#5767),.UNSPECIFIED.,.F.,
  .F.,(2,2),(5.36,8.1000006),.PIECEWISE_BEZIER_KNOTS.);
#5766 = CARTESIAN_POINT('',(34.542463035442,6.E-02));
#5767 = CARTESIAN_POINT('',(34.542463035442,2.8000006));
#5768 = ( GEOMETRIC_REPRESENTATION_CONTEXT(2) 
PARAMETRIC_REPRESENTATION_CONTEXT() REPRESENTATION_CONTEXT('2D SPACE',''
  ) );
#5769 = ORIENTED_EDGE('',*,*,#5599,.F.);
#5770 = ORIENTED_EDGE('',*,*,#5771,.F.);
#5771 = EDGE_CURVE('',#5772,#5600,#5774,.T.);
#5772 = VERTEX_POINT('',#5773);
#5773 = CARTESIAN_POINT('',(32.863564212655,28.,87.6));
#5774 = SURFACE_CURVE('',#5775,(#5779,#5785),.PCURVE_S1.);
#5775 = LINE('',#5776,#5777);
#5776 = CARTESIAN_POINT('',(32.863564212655,28.,87.6));
#5777 = VECTOR('',#5778,1.);
#5778 = DIRECTION('',(0.,1.,0.));
#5779 = PCURVE('',#5618,#5780);
#5780 = DEFINITIONAL_REPRESENTATION('',(#5781),#5784);
#5781 = B_SPLINE_CURVE_WITH_KNOTS('',1,(#5782,#5783),.UNSPECIFIED.,.F.,
  .F.,(2,2),(-5.999999999062E-07,8.1000006),.PIECEWISE_BEZIER_KNOTS.);
#5782 = CARTESIAN_POINT('',(0.671950896496,-5.999999999062E-07));
#5783 = CARTESIAN_POINT('',(0.671950896496,8.1000006));
#5784 = ( GEOMETRIC_REPRESENTATION_CONTEXT(2) 
PARAMETRIC_REPRESENTATION_CONTEXT() REPRESENTATION_CONTEXT('2D SPACE',''
  ) );
#5785 = PCURVE('',#1845,#5786);
#5786 = DEFINITIONAL_REPRESENTATION('',(#5787),#5790);
#5787 = B_SPLINE_CURVE_WITH_KNOTS('',1,(#5788,#5789),.UNSPECIFIED.,.F.,
  .F.,(2,2),(-5.999999999062E-07,8.1000006),.PIECEWISE_BEZIER_KNOTS.);
#5788 = CARTESIAN_POINT('',(30.463564212655,28.2999994));
#5789 = CARTESIAN_POINT('',(30.463564212655,36.4000006));
#5790 = ( GEOMETRIC_REPRESENTATION_CONTEXT(2) 
PARAMETRIC_REPRESENTATION_CONTEXT() REPRESENTATION_CONTEXT('2D SPACE',''
  ) );
#5791 = ORIENTED_EDGE('',*,*,#5792,.T.);
#5792 = EDGE_CURVE('',#5772,#5793,#5795,.T.);
#5793 = VERTEX_POINT('',#5794);
#5794 = CARTESIAN_POINT('',(27.136435787345,28.,87.6));
#5795 = SURFACE_CURVE('',#5796,(#5801,#5808),.PCURVE_S1.);
#5796 = CIRCLE('',#5797,4.6);
#5797 = AXIS2_PLACEMENT_3D('',#5798,#5799,#5800);
#5798 = CARTESIAN_POINT('',(30.,28.,84.));
#5799 = DIRECTION('',(0.,1.,0.));
#5800 = DIRECTION('',(0.,-0.,1.));
#5801 = PCURVE('',#5618,#5802);
#5802 = DEFINITIONAL_REPRESENTATION('',(#5803),#5807);
#5803 = LINE('',#5804,#5805);
#5804 = CARTESIAN_POINT('',(0.,0.));
#5805 = VECTOR('',#5806,1.);
#5806 = DIRECTION('',(1.,0.));
#5807 = ( GEOMETRIC_REPRESENTATION_CONTEXT(2) 
PARAMETRIC_REPRESENTATION_CONTEXT() REPRESENTATION_CONTEXT('2D SPACE',''
  ) );
#5808 = PCURVE('',#5809,#5814);
#5809 = PLANE('',#5810);
#5810 = AXIS2_PLACEMENT_3D('',#5811,#5812,#5813);
#5811 = CARTESIAN_POINT('',(30.,28.,84.));
#5812 = DIRECTION('',(0.,1.,0.));
#5813 = DIRECTION('',(0.,-0.,1.));
#5814 = DEFINITIONAL_REPRESENTATION('',(#5815),#5819);
#5815 = CIRCLE('',#5816,4.6);
#5816 = AXIS2_PLACEMENT_2D('',#5817,#5818);
#5817 = CARTESIAN_POINT('',(0.,0.));
#5818 = DIRECTION('',(1.,0.));
#5819 = ( GEOMETRIC_REPRESENTATION_CONTEXT(2) 
PARAMETRIC_REPRESENTATION_CONTEXT() REPRESENTATION_CONTEXT('2D SPACE',''
  ) );
#5820 = ORIENTED_EDGE('',*,*,#5821,.T.);
#5821 = EDGE_CURVE('',#5793,#5822,#5824,.T.);
#5822 = VERTEX_POINT('',#5823);
#5823 = CARTESIAN_POINT('',(27.136435787345,33.6,87.6));
#5824 = SURFACE_CURVE('',#5825,(#5829,#5835),.PCURVE_S1.);
#5825 = LINE('',#5826,#5827);
#5826 = CARTESIAN_POINT('',(27.136435787345,28.,87.6));
#5827 = VECTOR('',#5828,1.);
#5828 = DIRECTION('',(0.,1.,0.));
#5829 = PCURVE('',#5618,#5830);
#5830 = DEFINITIONAL_REPRESENTATION('',(#5831),#5834);
#5831 = B_SPLINE_CURVE_WITH_KNOTS('',1,(#5832,#5833),.UNSPECIFIED.,.F.,
  .F.,(2,2),(-5.999999999062E-07,8.1000006),.PIECEWISE_BEZIER_KNOTS.);
#5832 = CARTESIAN_POINT('',(5.611234410684,-5.999999999062E-07));
#5833 = CARTESIAN_POINT('',(5.611234410684,8.1000006));
#5834 = ( GEOMETRIC_REPRESENTATION_CONTEXT(2) 
PARAMETRIC_REPRESENTATION_CONTEXT() REPRESENTATION_CONTEXT('2D SPACE',''
  ) );
#5835 = PCURVE('',#1845,#5836);
#5836 = DEFINITIONAL_REPRESENTATION('',(#5837),#5840);
#5837 = B_SPLINE_CURVE_WITH_KNOTS('',1,(#5838,#5839),.UNSPECIFIED.,.F.,
  .F.,(2,2),(-5.999999999062E-07,8.1000006),.PIECEWISE_BEZIER_KNOTS.);
#5838 = CARTESIAN_POINT('',(24.736435787345,28.2999994));
#5839 = CARTESIAN_POINT('',(24.736435787345,36.4000006));
#5840 = ( GEOMETRIC_REPRESENTATION_CONTEXT(2) 
PARAMETRIC_REPRESENTATION_CONTEXT() REPRESENTATION_CONTEXT('2D SPACE',''
  ) );
#5841 = ORIENTED_EDGE('',*,*,#5842,.F.);
#5842 = EDGE_CURVE('',#5843,#5822,#5845,.T.);
#5843 = VERTEX_POINT('',#5844);
#5844 = CARTESIAN_POINT('',(25.857536964558,33.6,82.));
#5845 = SURFACE_CURVE('',#5846,(#5851,#5858),.PCURVE_S1.);
#5846 = CIRCLE('',#5847,4.6);
#5847 = AXIS2_PLACEMENT_3D('',#5848,#5849,#5850);
#5848 = CARTESIAN_POINT('',(30.,33.6,84.));
#5849 = DIRECTION('',(0.,1.,0.));
#5850 = DIRECTION('',(0.,-0.,1.));
#5851 = PCURVE('',#5618,#5852);
#5852 = DEFINITIONAL_REPRESENTATION('',(#5853),#5857);
#5853 = LINE('',#5854,#5855);
#5854 = CARTESIAN_POINT('',(0.,5.6));
#5855 = VECTOR('',#5856,1.);
#5856 = DIRECTION('',(1.,0.));
#5857 = ( GEOMETRIC_REPRESENTATION_CONTEXT(2) 
PARAMETRIC_REPRESENTATION_CONTEXT() REPRESENTATION_CONTEXT('2D SPACE',''
  ) );
#5858 = PCURVE('',#5859,#5864);
#5859 = PLANE('',#5860);
#5860 = AXIS2_PLACEMENT_3D('',#5861,#5862,#5863);
#5861 = CARTESIAN_POINT('',(2.4,33.6,2.4));
#5862 = DIRECTION('',(-0.,1.,0.));
#5863 = DIRECTION('',(0.,0.,1.));
#5864 = DEFINITIONAL_REPRESENTATION('',(#5865),#5869);
#5865 = CIRCLE('',#5866,4.6);
#5866 = AXIS2_PLACEMENT_2D('',#5867,#5868);
#5867 = CARTESIAN_POINT('',(81.6,27.6));
#5868 = DIRECTION('',(1.,0.));
#5869 = ( GEOMETRIC_REPRESENTATION_CONTEXT(2) 
PARAMETRIC_REPRESENTATION_CONTEXT() REPRESENTATION_CONTEXT('2D SPACE',''
  ) );
#5870 = ORIENTED_EDGE('',*,*,#5871,.T.);
#5871 = EDGE_CURVE('',#5843,#5872,#5874,.T.);
#5872 = VERTEX_POINT('',#5873);
#5873 = CARTESIAN_POINT('',(25.857536964559,36.,82.));
#5874 = SURFACE_CURVE('',#5875,(#5879,#5885),.PCURVE_S1.);
#5875 = LINE('',#5876,#5877);
#5876 = CARTESIAN_POINT('',(25.857536964558,28.,82.));
#5877 = VECTOR('',#5878,1.);
#5878 = DIRECTION('',(0.,1.,0.));
#5879 = PCURVE('',#5618,#5880);
#5880 = DEFINITIONAL_REPRESENTATION('',(#5881),#5884);
#5881 = B_SPLINE_CURVE_WITH_KNOTS('',1,(#5882,#5883),.UNSPECIFIED.,.F.,
  .F.,(2,2),(5.36,8.1000006),.PIECEWISE_BEZIER_KNOTS.);
#5882 = CARTESIAN_POINT('',(4.26259211996,5.36));
#5883 = CARTESIAN_POINT('',(4.26259211996,8.1000006));
#5884 = ( GEOMETRIC_REPRESENTATION_CONTEXT(2) 
PARAMETRIC_REPRESENTATION_CONTEXT() REPRESENTATION_CONTEXT('2D SPACE',''
  ) );
#5885 = PCURVE('',#43,#5886);
#5886 = DEFINITIONAL_REPRESENTATION('',(#5887),#5890);
#5887 = B_SPLINE_CURVE_WITH_KNOTS('',1,(#5888,#5889),.UNSPECIFIED.,.F.,
  .F.,(2,2),(5.36,8.1000006),.PIECEWISE_BEZIER_KNOTS.);
#5888 = CARTESIAN_POINT('',(26.257536964558,6.E-02));
#5889 = CARTESIAN_POINT('',(26.257536964558,2.8000006));
#5890 = ( GEOMETRIC_REPRESENTATION_CONTEXT(2) 
PARAMETRIC_REPRESENTATION_CONTEXT() REPRESENTATION_CONTEXT('2D SPACE',''
  ) );
#5891 = ORIENTED_EDGE('',*,*,#5892,.T.);
#5892 = EDGE_CURVE('',#5872,#5675,#5893,.T.);
#5893 = SURFACE_CURVE('',#5894,(#5899,#5906),.PCURVE_S1.);
#5894 = CIRCLE('',#5895,4.6);
#5895 = AXIS2_PLACEMENT_3D('',#5896,#5897,#5898);
#5896 = CARTESIAN_POINT('',(30.,36.,84.));
#5897 = DIRECTION('',(0.,1.,0.));
#5898 = DIRECTION('',(0.,-0.,1.));
#5899 = PCURVE('',#5618,#5900);
#5900 = DEFINITIONAL_REPRESENTATION('',(#5901),#5905);
#5901 = LINE('',#5902,#5903);
#5902 = CARTESIAN_POINT('',(0.,8.));
#5903 = VECTOR('',#5904,1.);
#5904 = DIRECTION('',(1.,0.));
#5905 = ( GEOMETRIC_REPRESENTATION_CONTEXT(2) 
PARAMETRIC_REPRESENTATION_CONTEXT() REPRESENTATION_CONTEXT('2D SPACE',''
  ) );
#5906 = PCURVE('',#70,#5907);
#5907 = DEFINITIONAL_REPRESENTATION('',(#5908),#5912);
#5908 = CIRCLE('',#5909,4.6);
#5909 = AXIS2_PLACEMENT_2D('',#5910,#5911);
#5910 = CARTESIAN_POINT('',(84.,30.));
#5911 = DIRECTION('',(1.,0.));
#5912 = ( GEOMETRIC_REPRESENTATION_CONTEXT(2) 
PARAMETRIC_REPRESENTATION_CONTEXT() REPRESENTATION_CONTEXT('2D SPACE',''
  ) );
#5913 = ADVANCED_FACE('',(#5914,#5917),#5714,.T.);
#5914 = FACE_BOUND('',#5915,.T.);
#5915 = EDGE_LOOP('',(#5916));
#5916 = ORIENTED_EDGE('',*,*,#5699,.T.);
#5917 = FACE_BOUND('',#5918,.T.);
#5918 = EDGE_LOOP('',(#5919));
#5919 = ORIENTED_EDGE('',*,*,#5920,.F.);
#5920 = EDGE_CURVE('',#5921,#5921,#5923,.T.);
#5921 = VERTEX_POINT('',#5922);
#5922 = CARTESIAN_POINT('',(30.,36.1,86.1));
#5923 = SURFACE_CURVE('',#5924,(#5929,#5936),.PCURVE_S1.);
#5924 = CIRCLE('',#5925,2.1);
#5925 = AXIS2_PLACEMENT_3D('',#5926,#5927,#5928);
#5926 = CARTESIAN_POINT('',(30.,36.1,84.));
#5927 = DIRECTION('',(0.,1.,0.));
#5928 = DIRECTION('',(0.,-0.,1.));
#5929 = PCURVE('',#5714,#5930);
#5930 = DEFINITIONAL_REPRESENTATION('',(#5931),#5935);
#5931 = CIRCLE('',#5932,2.1);
#5932 = AXIS2_PLACEMENT_2D('',#5933,#5934);
#5933 = CARTESIAN_POINT('',(0.,0.));
#5934 = DIRECTION('',(1.,0.));
#5935 = ( GEOMETRIC_REPRESENTATION_CONTEXT(2) 
PARAMETRIC_REPRESENTATION_CONTEXT() REPRESENTATION_CONTEXT('2D SPACE',''
  ) );
#5936 = PCURVE('',#5937,#5942);
#5937 = CYLINDRICAL_SURFACE('',#5938,2.1);
#5938 = AXIS2_PLACEMENT_3D('',#5939,#5940,#5941);
#5939 = CARTESIAN_POINT('',(30.,30.,84.));
#5940 = DIRECTION('',(0.,1.,0.));
#5941 = DIRECTION('',(0.,-0.,1.));
#5942 = DEFINITIONAL_REPRESENTATION('',(#5943),#5947);
#5943 = LINE('',#5944,#5945);
#5944 = CARTESIAN_POINT('',(0.,6.1));
#5945 = VECTOR('',#5946,1.);
#5946 = DIRECTION('',(1.,0.));
#5947 = ( GEOMETRIC_REPRESENTATION_CONTEXT(2) 
PARAMETRIC_REPRESENTATION_CONTEXT() REPRESENTATION_CONTEXT('2D SPACE',''
  ) );
#5948 = ADVANCED_FACE('',(#5949),#5937,.F.);
#5949 = FACE_BOUND('',#5950,.F.);
#5950 = EDGE_LOOP('',(#5951,#5952,#5975,#6002));
#5951 = ORIENTED_EDGE('',*,*,#5920,.F.);
#5952 = ORIENTED_EDGE('',*,*,#5953,.F.);
#5953 = EDGE_CURVE('',#5954,#5921,#5956,.T.);
#5954 = VERTEX_POINT('',#5955);
#5955 = CARTESIAN_POINT('',(30.,30.,86.1));
#5956 = SEAM_CURVE('',#5957,(#5961,#5968),.PCURVE_S1.);
#5957 = LINE('',#5958,#5959);
#5958 = CARTESIAN_POINT('',(30.,30.,86.1));
#5959 = VECTOR('',#5960,1.);
#5960 = DIRECTION('',(0.,1.,0.));
#5961 = PCURVE('',#5937,#5962);
#5962 = DEFINITIONAL_REPRESENTATION('',(#5963),#5967);
#5963 = LINE('',#5964,#5965);
#5964 = CARTESIAN_POINT('',(6.28318530718,-0.));
#5965 = VECTOR('',#5966,1.);
#5966 = DIRECTION('',(0.,1.));
#5967 = ( GEOMETRIC_REPRESENTATION_CONTEXT(2) 
PARAMETRIC_REPRESENTATION_CONTEXT() REPRESENTATION_CONTEXT('2D SPACE',''
  ) );
#5968 = PCURVE('',#5937,#5969);
#5969 = DEFINITIONAL_REPRESENTATION('',(#5970),#5974);
#5970 = LINE('',#5971,#5972);
#5971 = CARTESIAN_POINT('',(0.,-0.));
#5972 = VECTOR('',#5973,1.);
#5973 = DIRECTION('',(0.,1.));
#5974 = ( GEOMETRIC_REPRESENTATION_CONTEXT(2) 
PARAMETRIC_REPRESENTATION_CONTEXT() REPRESENTATION_CONTEXT('2D SPACE',''
  ) );
#5975 = ORIENTED_EDGE('',*,*,#5976,.T.);
#5976 = EDGE_CURVE('',#5954,#5954,#5977,.T.);
#5977 = SURFACE_CURVE('',#5978,(#5983,#5990),.PCURVE_S1.);
#5978 = CIRCLE('',#5979,2.1);
#5979 = AXIS2_PLACEMENT_3D('',#5980,#5981,#5982);
#5980 = CARTESIAN_POINT('',(30.,30.,84.));
#5981 = DIRECTION('',(0.,1.,0.));
#5982 = DIRECTION('',(0.,-0.,1.));
#5983 = PCURVE('',#5937,#5984);
#5984 = DEFINITIONAL_REPRESENTATION('',(#5985),#5989);
#5985 = LINE('',#5986,#5987);
#5986 = CARTESIAN_POINT('',(0.,0.));
#5987 = VECTOR('',#5988,1.);
#5988 = DIRECTION('',(1.,0.));
#5989 = ( GEOMETRIC_REPRESENTATION_CONTEXT(2) 
PARAMETRIC_REPRESENTATION_CONTEXT() REPRESENTATION_CONTEXT('2D SPACE',''
  ) );
#5990 = PCURVE('',#5991,#5996);
#5991 = PLANE('',#5992);
#5992 = AXIS2_PLACEMENT_3D('',#5993,#5994,#5995);
#5993 = CARTESIAN_POINT('',(30.,30.,84.));
#5994 = DIRECTION('',(0.,1.,0.));
#5995 = DIRECTION('',(0.,-0.,1.));
#5996 = DEFINITIONAL_REPRESENTATION('',(#5997),#6001);
#5997 = CIRCLE('',#5998,2.1);
#5998 = AXIS2_PLACEMENT_2D('',#5999,#6000);
#5999 = CARTESIAN_POINT('',(0.,0.));
#6000 = DIRECTION('',(1.,0.));
#6001 = ( GEOMETRIC_REPRESENTATION_CONTEXT(2) 
PARAMETRIC_REPRESENTATION_CONTEXT() REPRESENTATION_CONTEXT('2D SPACE',''
  ) );
#6002 = ORIENTED_EDGE('',*,*,#5953,.T.);
#6003 = ADVANCED_FACE('',(#6004),#5991,.T.);
#6004 = FACE_BOUND('',#6005,.F.);
#6005 = EDGE_LOOP('',(#6006));
#6006 = ORIENTED_EDGE('',*,*,#5976,.F.);
#6007 = ADVANCED_FACE('',(#6008),#5809,.F.);
#6008 = FACE_BOUND('',#6009,.F.);
#6009 = EDGE_LOOP('',(#6010,#6029));
#6010 = ORIENTED_EDGE('',*,*,#6011,.F.);
#6011 = EDGE_CURVE('',#5772,#5793,#6012,.T.);
#6012 = SURFACE_CURVE('',#6013,(#6017,#6023),.PCURVE_S1.);
#6013 = LINE('',#6014,#6015);
#6014 = CARTESIAN_POINT('',(16.2,28.,87.6));
#6015 = VECTOR('',#6016,1.);
#6016 = DIRECTION('',(-1.,0.,0.));
#6017 = PCURVE('',#5809,#6018);
#6018 = DEFINITIONAL_REPRESENTATION('',(#6019),#6022);
#6019 = B_SPLINE_CURVE_WITH_KNOTS('',1,(#6020,#6021),.UNSPECIFIED.,.F.,
  .F.,(2,2),(-18.4,-9.2),.PIECEWISE_BEZIER_KNOTS.);
#6020 = CARTESIAN_POINT('',(3.6,4.6));
#6021 = CARTESIAN_POINT('',(3.6,-4.6));
#6022 = ( GEOMETRIC_REPRESENTATION_CONTEXT(2) 
PARAMETRIC_REPRESENTATION_CONTEXT() REPRESENTATION_CONTEXT('2D SPACE',''
  ) );
#6023 = PCURVE('',#1845,#6024);
#6024 = DEFINITIONAL_REPRESENTATION('',(#6025),#6028);
#6025 = B_SPLINE_CURVE_WITH_KNOTS('',1,(#6026,#6027),.UNSPECIFIED.,.F.,
  .F.,(2,2),(-18.4,-9.2),.PIECEWISE_BEZIER_KNOTS.);
#6026 = CARTESIAN_POINT('',(32.2,28.3));
#6027 = CARTESIAN_POINT('',(23.,28.3));
#6028 = ( GEOMETRIC_REPRESENTATION_CONTEXT(2) 
PARAMETRIC_REPRESENTATION_CONTEXT() REPRESENTATION_CONTEXT('2D SPACE',''
  ) );
#6029 = ORIENTED_EDGE('',*,*,#5792,.T.);
#6030 = ADVANCED_FACE('',(#6031),#5859,.F.);
#6031 = FACE_BOUND('',#6032,.F.);
#6032 = EDGE_LOOP('',(#6033,#6056,#6079,#6100,#6101,#6122,#6151,#6175,
    #6196));
#6033 = ORIENTED_EDGE('',*,*,#6034,.F.);
#6034 = EDGE_CURVE('',#6035,#6037,#6039,.T.);
#6035 = VERTEX_POINT('',#6036);
#6036 = CARTESIAN_POINT('',(2.4,33.6,84.));
#6037 = VERTEX_POINT('',#6038);
#6038 = CARTESIAN_POINT('',(3.2,33.6,84.));
#6039 = SURFACE_CURVE('',#6040,(#6044,#6050),.PCURVE_S1.);
#6040 = LINE('',#6041,#6042);
#6041 = CARTESIAN_POINT('',(1.,33.6,84.));
#6042 = VECTOR('',#6043,1.);
#6043 = DIRECTION('',(1.,0.,-0.));
#6044 = PCURVE('',#5859,#6045);
#6045 = DEFINITIONAL_REPRESENTATION('',(#6046),#6049);
#6046 = B_SPLINE_CURVE_WITH_KNOTS('',1,(#6047,#6048),.UNSPECIFIED.,.F.,
  .F.,(2,2),(1.4,2.2),.PIECEWISE_BEZIER_KNOTS.);
#6047 = CARTESIAN_POINT('',(81.6,0.));
#6048 = CARTESIAN_POINT('',(81.6,0.8));
#6049 = ( GEOMETRIC_REPRESENTATION_CONTEXT(2) 
PARAMETRIC_REPRESENTATION_CONTEXT() REPRESENTATION_CONTEXT('2D SPACE',''
  ) );
#6050 = PCURVE('',#510,#6051);
#6051 = DEFINITIONAL_REPRESENTATION('',(#6052),#6055);
#6052 = B_SPLINE_CURVE_WITH_KNOTS('',1,(#6053,#6054),.UNSPECIFIED.,.F.,
  .F.,(2,2),(1.4,2.2),.PIECEWISE_BEZIER_KNOTS.);
#6053 = CARTESIAN_POINT('',(2.8,34.1));
#6054 = CARTESIAN_POINT('',(3.6,34.1));
#6055 = ( GEOMETRIC_REPRESENTATION_CONTEXT(2) 
PARAMETRIC_REPRESENTATION_CONTEXT() REPRESENTATION_CONTEXT('2D SPACE',''
  ) );
#6056 = ORIENTED_EDGE('',*,*,#6057,.T.);
#6057 = EDGE_CURVE('',#6035,#6058,#6060,.T.);
#6058 = VERTEX_POINT('',#6059);
#6059 = CARTESIAN_POINT('',(2.4,33.6,87.6));
#6060 = SURFACE_CURVE('',#6061,(#6065,#6072),.PCURVE_S1.);
#6061 = LINE('',#6062,#6063);
#6062 = CARTESIAN_POINT('',(2.4,33.6,2.4));
#6063 = VECTOR('',#6064,1.);
#6064 = DIRECTION('',(0.,0.,1.));
#6065 = PCURVE('',#5859,#6066);
#6066 = DEFINITIONAL_REPRESENTATION('',(#6067),#6071);
#6067 = LINE('',#6068,#6069);
#6068 = CARTESIAN_POINT('',(0.,0.));
#6069 = VECTOR('',#6070,1.);
#6070 = DIRECTION('',(1.,0.));
#6071 = ( GEOMETRIC_REPRESENTATION_CONTEXT(2) 
PARAMETRIC_REPRESENTATION_CONTEXT() REPRESENTATION_CONTEXT('2D SPACE',''
  ) );
#6072 = PCURVE('',#1819,#6073);
#6073 = DEFINITIONAL_REPRESENTATION('',(#6074),#6078);
#6074 = LINE('',#6075,#6076);
#6075 = CARTESIAN_POINT('',(0.,-33.9));
#6076 = VECTOR('',#6077,1.);
#6077 = DIRECTION('',(1.,0.));
#6078 = ( GEOMETRIC_REPRESENTATION_CONTEXT(2) 
PARAMETRIC_REPRESENTATION_CONTEXT() REPRESENTATION_CONTEXT('2D SPACE',''
  ) );
#6079 = ORIENTED_EDGE('',*,*,#6080,.T.);
#6080 = EDGE_CURVE('',#6058,#5822,#6081,.T.);
#6081 = SURFACE_CURVE('',#6082,(#6086,#6093),.PCURVE_S1.);
#6082 = LINE('',#6083,#6084);
#6083 = CARTESIAN_POINT('',(2.4,33.6,87.6));
#6084 = VECTOR('',#6085,1.);
#6085 = DIRECTION('',(1.,0.,-0.));
#6086 = PCURVE('',#5859,#6087);
#6087 = DEFINITIONAL_REPRESENTATION('',(#6088),#6092);
#6088 = LINE('',#6089,#6090);
#6089 = CARTESIAN_POINT('',(85.2,0.));
#6090 = VECTOR('',#6091,1.);
#6091 = DIRECTION('',(0.,1.));
#6092 = ( GEOMETRIC_REPRESENTATION_CONTEXT(2) 
PARAMETRIC_REPRESENTATION_CONTEXT() REPRESENTATION_CONTEXT('2D SPACE',''
  ) );
#6093 = PCURVE('',#1845,#6094);
#6094 = DEFINITIONAL_REPRESENTATION('',(#6095),#6099);
#6095 = LINE('',#6096,#6097);
#6096 = CARTESIAN_POINT('',(0.,33.9));
#6097 = VECTOR('',#6098,1.);
#6098 = DIRECTION('',(1.,0.));
#6099 = ( GEOMETRIC_REPRESENTATION_CONTEXT(2) 
PARAMETRIC_REPRESENTATION_CONTEXT() REPRESENTATION_CONTEXT('2D SPACE',''
  ) );
#6100 = ORIENTED_EDGE('',*,*,#5842,.F.);
#6101 = ORIENTED_EDGE('',*,*,#6102,.F.);
#6102 = EDGE_CURVE('',#6103,#5843,#6105,.T.);
#6103 = VERTEX_POINT('',#6104);
#6104 = CARTESIAN_POINT('',(16.182104733265,33.6,82.));
#6105 = SURFACE_CURVE('',#6106,(#6110,#6116),.PCURVE_S1.);
#6106 = LINE('',#6107,#6108);
#6107 = CARTESIAN_POINT('',(1.,33.6,82.));
#6108 = VECTOR('',#6109,1.);
#6109 = DIRECTION('',(1.,0.,-0.));
#6110 = PCURVE('',#5859,#6111);
#6111 = DEFINITIONAL_REPRESENTATION('',(#6112),#6115);
#6112 = B_SPLINE_CURVE_WITH_KNOTS('',1,(#6113,#6114),.UNSPECIFIED.,.F.,
  .F.,(2,2),(1.4,101.),.PIECEWISE_BEZIER_KNOTS.);
#6113 = CARTESIAN_POINT('',(79.6,0.));
#6114 = CARTESIAN_POINT('',(79.6,99.6));
#6115 = ( GEOMETRIC_REPRESENTATION_CONTEXT(2) 
PARAMETRIC_REPRESENTATION_CONTEXT() REPRESENTATION_CONTEXT('2D SPACE',''
  ) );
#6116 = PCURVE('',#43,#6117);
#6117 = DEFINITIONAL_REPRESENTATION('',(#6118),#6121);
#6118 = B_SPLINE_CURVE_WITH_KNOTS('',1,(#6119,#6120),.UNSPECIFIED.,.F.,
  .F.,(2,2),(1.4,101.),.PIECEWISE_BEZIER_KNOTS.);
#6119 = CARTESIAN_POINT('',(2.8,0.3));
#6120 = CARTESIAN_POINT('',(102.4,0.3));
#6121 = ( GEOMETRIC_REPRESENTATION_CONTEXT(2) 
PARAMETRIC_REPRESENTATION_CONTEXT() REPRESENTATION_CONTEXT('2D SPACE',''
  ) );
#6122 = ORIENTED_EDGE('',*,*,#6123,.F.);
#6123 = EDGE_CURVE('',#6124,#6103,#6126,.T.);
#6124 = VERTEX_POINT('',#6125);
#6125 = CARTESIAN_POINT('',(12.,33.6,87.3));
#6126 = SURFACE_CURVE('',#6127,(#6132,#6139),.PCURVE_S1.);
#6127 = CIRCLE('',#6128,4.3);
#6128 = AXIS2_PLACEMENT_3D('',#6129,#6130,#6131);
#6129 = CARTESIAN_POINT('',(12.,33.6,83.));
#6130 = DIRECTION('',(0.,1.,0.));
#6131 = DIRECTION('',(0.,-0.,1.));
#6132 = PCURVE('',#5859,#6133);
#6133 = DEFINITIONAL_REPRESENTATION('',(#6134),#6138);
#6134 = CIRCLE('',#6135,4.3);
#6135 = AXIS2_PLACEMENT_2D('',#6136,#6137);
#6136 = CARTESIAN_POINT('',(80.6,9.6));
#6137 = DIRECTION('',(1.,0.));
#6138 = ( GEOMETRIC_REPRESENTATION_CONTEXT(2) 
PARAMETRIC_REPRESENTATION_CONTEXT() REPRESENTATION_CONTEXT('2D SPACE',''
  ) );
#6139 = PCURVE('',#6140,#6145);
#6140 = CYLINDRICAL_SURFACE('',#6141,4.3);
#6141 = AXIS2_PLACEMENT_3D('',#6142,#6143,#6144);
#6142 = CARTESIAN_POINT('',(12.,29.,83.));
#6143 = DIRECTION('',(0.,1.,0.));
#6144 = DIRECTION('',(0.,-0.,1.));
#6145 = DEFINITIONAL_REPRESENTATION('',(#6146),#6150);
#6146 = LINE('',#6147,#6148);
#6147 = CARTESIAN_POINT('',(0.,4.6));
#6148 = VECTOR('',#6149,1.);
#6149 = DIRECTION('',(1.,0.));
#6150 = ( GEOMETRIC_REPRESENTATION_CONTEXT(2) 
PARAMETRIC_REPRESENTATION_CONTEXT() REPRESENTATION_CONTEXT('2D SPACE',''
  ) );
#6151 = ORIENTED_EDGE('',*,*,#6152,.F.);
#6152 = EDGE_CURVE('',#6153,#6124,#6155,.T.);
#6153 = VERTEX_POINT('',#6154);
#6154 = CARTESIAN_POINT('',(7.817895266735,33.6,82.));
#6155 = SURFACE_CURVE('',#6156,(#6161,#6168),.PCURVE_S1.);
#6156 = CIRCLE('',#6157,4.3);
#6157 = AXIS2_PLACEMENT_3D('',#6158,#6159,#6160);
#6158 = CARTESIAN_POINT('',(12.,33.6,83.));
#6159 = DIRECTION('',(0.,1.,0.));
#6160 = DIRECTION('',(0.,-0.,1.));
#6161 = PCURVE('',#5859,#6162);
#6162 = DEFINITIONAL_REPRESENTATION('',(#6163),#6167);
#6163 = CIRCLE('',#6164,4.3);
#6164 = AXIS2_PLACEMENT_2D('',#6165,#6166);
#6165 = CARTESIAN_POINT('',(80.6,9.6));
#6166 = DIRECTION('',(1.,0.));
#6167 = ( GEOMETRIC_REPRESENTATION_CONTEXT(2) 
PARAMETRIC_REPRESENTATION_CONTEXT() REPRESENTATION_CONTEXT('2D SPACE',''
  ) );
#6168 = PCURVE('',#6140,#6169);
#6169 = DEFINITIONAL_REPRESENTATION('',(#6170),#6174);
#6170 = LINE('',#6171,#6172);
#6171 = CARTESIAN_POINT('',(0.,4.6));
#6172 = VECTOR('',#6173,1.);
#6173 = DIRECTION('',(1.,0.));
#6174 = ( GEOMETRIC_REPRESENTATION_CONTEXT(2) 
PARAMETRIC_REPRESENTATION_CONTEXT() REPRESENTATION_CONTEXT('2D SPACE',''
  ) );
#6175 = ORIENTED_EDGE('',*,*,#6176,.F.);
#6176 = EDGE_CURVE('',#6177,#6153,#6179,.T.);
#6177 = VERTEX_POINT('',#6178);
#6178 = CARTESIAN_POINT('',(3.2,33.6,82.));
#6179 = SURFACE_CURVE('',#6180,(#6184,#6190),.PCURVE_S1.);
#6180 = LINE('',#6181,#6182);
#6181 = CARTESIAN_POINT('',(1.,33.6,82.));
#6182 = VECTOR('',#6183,1.);
#6183 = DIRECTION('',(1.,0.,-0.));
#6184 = PCURVE('',#5859,#6185);
#6185 = DEFINITIONAL_REPRESENTATION('',(#6186),#6189);
#6186 = B_SPLINE_CURVE_WITH_KNOTS('',1,(#6187,#6188),.UNSPECIFIED.,.F.,
  .F.,(2,2),(1.4,101.),.PIECEWISE_BEZIER_KNOTS.);
#6187 = CARTESIAN_POINT('',(79.6,0.));
#6188 = CARTESIAN_POINT('',(79.6,99.6));
#6189 = ( GEOMETRIC_REPRESENTATION_CONTEXT(2) 
PARAMETRIC_REPRESENTATION_CONTEXT() REPRESENTATION_CONTEXT('2D SPACE',''
  ) );
#6190 = PCURVE('',#43,#6191);
#6191 = DEFINITIONAL_REPRESENTATION('',(#6192),#6195);
#6192 = B_SPLINE_CURVE_WITH_KNOTS('',1,(#6193,#6194),.UNSPECIFIED.,.F.,
  .F.,(2,2),(1.4,101.),.PIECEWISE_BEZIER_KNOTS.);
#6193 = CARTESIAN_POINT('',(2.8,0.3));
#6194 = CARTESIAN_POINT('',(102.4,0.3));
#6195 = ( GEOMETRIC_REPRESENTATION_CONTEXT(2) 
PARAMETRIC_REPRESENTATION_CONTEXT() REPRESENTATION_CONTEXT('2D SPACE',''
  ) );
#6196 = ORIENTED_EDGE('',*,*,#6197,.F.);
#6197 = EDGE_CURVE('',#6037,#6177,#6198,.T.);
#6198 = SURFACE_CURVE('',#6199,(#6203,#6209),.PCURVE_S1.);
#6199 = LINE('',#6200,#6201);
#6200 = CARTESIAN_POINT('',(3.2,33.6,4.2));
#6201 = VECTOR('',#6202,1.);
#6202 = DIRECTION('',(-0.,0.,-1.));
#6203 = PCURVE('',#5859,#6204);
#6204 = DEFINITIONAL_REPRESENTATION('',(#6205),#6208);
#6205 = B_SPLINE_CURVE_WITH_KNOTS('',1,(#6206,#6207),.UNSPECIFIED.,.F.,
  .F.,(2,2),(-79.8,-1.8),.PIECEWISE_BEZIER_KNOTS.);
#6206 = CARTESIAN_POINT('',(81.6,0.8));
#6207 = CARTESIAN_POINT('',(3.6,0.8));
#6208 = ( GEOMETRIC_REPRESENTATION_CONTEXT(2) 
PARAMETRIC_REPRESENTATION_CONTEXT() REPRESENTATION_CONTEXT('2D SPACE',''
  ) );
#6209 = PCURVE('',#6210,#6215);
#6210 = PLANE('',#6211);
#6211 = AXIS2_PLACEMENT_3D('',#6212,#6213,#6214);
#6212 = CARTESIAN_POINT('',(3.2,-0.5,6.));
#6213 = DIRECTION('',(1.,0.,-0.));
#6214 = DIRECTION('',(0.,0.,1.));
#6215 = DEFINITIONAL_REPRESENTATION('',(#6216),#6219);
#6216 = B_SPLINE_CURVE_WITH_KNOTS('',1,(#6217,#6218),.UNSPECIFIED.,.F.,
  .F.,(2,2),(-79.8,-1.8),.PIECEWISE_BEZIER_KNOTS.);
#6217 = CARTESIAN_POINT('',(78.,-34.1));
#6218 = CARTESIAN_POINT('',(0.,-34.1));
#6219 = ( GEOMETRIC_REPRESENTATION_CONTEXT(2) 
PARAMETRIC_REPRESENTATION_CONTEXT() REPRESENTATION_CONTEXT('2D SPACE',''
  ) );
#6220 = ADVANCED_FACE('',(#6221),#6140,.T.);
#6221 = FACE_BOUND('',#6222,.T.);
#6222 = EDGE_LOOP('',(#6223,#6254,#6273,#6274,#6297,#6324,#6325,#6326));
#6223 = ORIENTED_EDGE('',*,*,#6224,.F.);
#6224 = EDGE_CURVE('',#6225,#6227,#6229,.T.);
#6225 = VERTEX_POINT('',#6226);
#6226 = CARTESIAN_POINT('',(16.182104733265,34.3,82.));
#6227 = VERTEX_POINT('',#6228);
#6228 = CARTESIAN_POINT('',(7.817895266735,34.3,82.));
#6229 = SURFACE_CURVE('',#6230,(#6235,#6242),.PCURVE_S1.);
#6230 = CIRCLE('',#6231,4.3);
#6231 = AXIS2_PLACEMENT_3D('',#6232,#6233,#6234);
#6232 = CARTESIAN_POINT('',(12.,34.3,83.));
#6233 = DIRECTION('',(0.,1.,0.));
#6234 = DIRECTION('',(0.,-0.,1.));
#6235 = PCURVE('',#6140,#6236);
#6236 = DEFINITIONAL_REPRESENTATION('',(#6237),#6241);
#6237 = LINE('',#6238,#6239);
#6238 = CARTESIAN_POINT('',(0.,5.3));
#6239 = VECTOR('',#6240,1.);
#6240 = DIRECTION('',(1.,0.));
#6241 = ( GEOMETRIC_REPRESENTATION_CONTEXT(2) 
PARAMETRIC_REPRESENTATION_CONTEXT() REPRESENTATION_CONTEXT('2D SPACE',''
  ) );
#6242 = PCURVE('',#6243,#6248);
#6243 = PLANE('',#6244);
#6244 = AXIS2_PLACEMENT_3D('',#6245,#6246,#6247);
#6245 = CARTESIAN_POINT('',(12.,34.3,83.));
#6246 = DIRECTION('',(0.,1.,0.));
#6247 = DIRECTION('',(0.,-0.,1.));
#6248 = DEFINITIONAL_REPRESENTATION('',(#6249),#6253);
#6249 = CIRCLE('',#6250,4.3);
#6250 = AXIS2_PLACEMENT_2D('',#6251,#6252);
#6251 = CARTESIAN_POINT('',(0.,0.));
#6252 = DIRECTION('',(1.,0.));
#6253 = ( GEOMETRIC_REPRESENTATION_CONTEXT(2) 
PARAMETRIC_REPRESENTATION_CONTEXT() REPRESENTATION_CONTEXT('2D SPACE',''
  ) );
#6254 = ORIENTED_EDGE('',*,*,#6255,.F.);
#6255 = EDGE_CURVE('',#6103,#6225,#6256,.T.);
#6256 = SURFACE_CURVE('',#6257,(#6261,#6267),.PCURVE_S1.);
#6257 = LINE('',#6258,#6259);
#6258 = CARTESIAN_POINT('',(16.182104733265,29.,82.));
#6259 = VECTOR('',#6260,1.);
#6260 = DIRECTION('',(0.,1.,0.));
#6261 = PCURVE('',#6140,#6262);
#6262 = DEFINITIONAL_REPRESENTATION('',(#6263),#6266);
#6263 = B_SPLINE_CURVE_WITH_KNOTS('',1,(#6264,#6265),.UNSPECIFIED.,.F.,
  .F.,(2,2),(4.36,5.3000006),.PIECEWISE_BEZIER_KNOTS.);
#6264 = CARTESIAN_POINT('',(1.805503440631,4.36));
#6265 = CARTESIAN_POINT('',(1.805503440631,5.3000006));
#6266 = ( GEOMETRIC_REPRESENTATION_CONTEXT(2) 
PARAMETRIC_REPRESENTATION_CONTEXT() REPRESENTATION_CONTEXT('2D SPACE',''
  ) );
#6267 = PCURVE('',#43,#6268);
#6268 = DEFINITIONAL_REPRESENTATION('',(#6269),#6272);
#6269 = B_SPLINE_CURVE_WITH_KNOTS('',1,(#6270,#6271),.UNSPECIFIED.,.F.,
  .F.,(2,2),(4.36,5.3000006),.PIECEWISE_BEZIER_KNOTS.);
#6270 = CARTESIAN_POINT('',(16.582104733265,6.E-02));
#6271 = CARTESIAN_POINT('',(16.582104733265,1.0000006));
#6272 = ( GEOMETRIC_REPRESENTATION_CONTEXT(2) 
PARAMETRIC_REPRESENTATION_CONTEXT() REPRESENTATION_CONTEXT('2D SPACE',''
  ) );
#6273 = ORIENTED_EDGE('',*,*,#6123,.F.);
#6274 = ORIENTED_EDGE('',*,*,#6275,.F.);
#6275 = EDGE_CURVE('',#6276,#6124,#6278,.T.);
#6276 = VERTEX_POINT('',#6277);
#6277 = CARTESIAN_POINT('',(12.,29.,87.3));
#6278 = SEAM_CURVE('',#6279,(#6283,#6290),.PCURVE_S1.);
#6279 = LINE('',#6280,#6281);
#6280 = CARTESIAN_POINT('',(12.,29.,87.3));
#6281 = VECTOR('',#6282,1.);
#6282 = DIRECTION('',(0.,1.,0.));
#6283 = PCURVE('',#6140,#6284);
#6284 = DEFINITIONAL_REPRESENTATION('',(#6285),#6289);
#6285 = LINE('',#6286,#6287);
#6286 = CARTESIAN_POINT('',(6.28318530718,-0.));
#6287 = VECTOR('',#6288,1.);
#6288 = DIRECTION('',(0.,1.));
#6289 = ( GEOMETRIC_REPRESENTATION_CONTEXT(2) 
PARAMETRIC_REPRESENTATION_CONTEXT() REPRESENTATION_CONTEXT('2D SPACE',''
  ) );
#6290 = PCURVE('',#6140,#6291);
#6291 = DEFINITIONAL_REPRESENTATION('',(#6292),#6296);
#6292 = LINE('',#6293,#6294);
#6293 = CARTESIAN_POINT('',(0.,-0.));
#6294 = VECTOR('',#6295,1.);
#6295 = DIRECTION('',(0.,1.));
#6296 = ( GEOMETRIC_REPRESENTATION_CONTEXT(2) 
PARAMETRIC_REPRESENTATION_CONTEXT() REPRESENTATION_CONTEXT('2D SPACE',''
  ) );
#6297 = ORIENTED_EDGE('',*,*,#6298,.T.);
#6298 = EDGE_CURVE('',#6276,#6276,#6299,.T.);
#6299 = SURFACE_CURVE('',#6300,(#6305,#6312),.PCURVE_S1.);
#6300 = CIRCLE('',#6301,4.3);
#6301 = AXIS2_PLACEMENT_3D('',#6302,#6303,#6304);
#6302 = CARTESIAN_POINT('',(12.,29.,83.));
#6303 = DIRECTION('',(0.,1.,0.));
#6304 = DIRECTION('',(0.,-0.,1.));
#6305 = PCURVE('',#6140,#6306);
#6306 = DEFINITIONAL_REPRESENTATION('',(#6307),#6311);
#6307 = LINE('',#6308,#6309);
#6308 = CARTESIAN_POINT('',(0.,0.));
#6309 = VECTOR('',#6310,1.);
#6310 = DIRECTION('',(1.,0.));
#6311 = ( GEOMETRIC_REPRESENTATION_CONTEXT(2) 
PARAMETRIC_REPRESENTATION_CONTEXT() REPRESENTATION_CONTEXT('2D SPACE',''
  ) );
#6312 = PCURVE('',#6313,#6318);
#6313 = PLANE('',#6314);
#6314 = AXIS2_PLACEMENT_3D('',#6315,#6316,#6317);
#6315 = CARTESIAN_POINT('',(12.,29.,83.));
#6316 = DIRECTION('',(0.,1.,0.));
#6317 = DIRECTION('',(0.,-0.,1.));
#6318 = DEFINITIONAL_REPRESENTATION('',(#6319),#6323);
#6319 = CIRCLE('',#6320,4.3);
#6320 = AXIS2_PLACEMENT_2D('',#6321,#6322);
#6321 = CARTESIAN_POINT('',(0.,0.));
#6322 = DIRECTION('',(1.,0.));
#6323 = ( GEOMETRIC_REPRESENTATION_CONTEXT(2) 
PARAMETRIC_REPRESENTATION_CONTEXT() REPRESENTATION_CONTEXT('2D SPACE',''
  ) );
#6324 = ORIENTED_EDGE('',*,*,#6275,.T.);
#6325 = ORIENTED_EDGE('',*,*,#6152,.F.);
#6326 = ORIENTED_EDGE('',*,*,#6327,.T.);
#6327 = EDGE_CURVE('',#6153,#6227,#6328,.T.);
#6328 = SURFACE_CURVE('',#6329,(#6333,#6339),.PCURVE_S1.);
#6329 = LINE('',#6330,#6331);
#6330 = CARTESIAN_POINT('',(7.817895266735,29.,82.));
#6331 = VECTOR('',#6332,1.);
#6332 = DIRECTION('',(0.,1.,0.));
#6333 = PCURVE('',#6140,#6334);
#6334 = DEFINITIONAL_REPRESENTATION('',(#6335),#6338);
#6335 = B_SPLINE_CURVE_WITH_KNOTS('',1,(#6336,#6337),.UNSPECIFIED.,.F.,
  .F.,(2,2),(4.36,5.3000006),.PIECEWISE_BEZIER_KNOTS.);
#6336 = CARTESIAN_POINT('',(4.477681866549,4.36));
#6337 = CARTESIAN_POINT('',(4.477681866549,5.3000006));
#6338 = ( GEOMETRIC_REPRESENTATION_CONTEXT(2) 
PARAMETRIC_REPRESENTATION_CONTEXT() REPRESENTATION_CONTEXT('2D SPACE',''
  ) );
#6339 = PCURVE('',#43,#6340);
#6340 = DEFINITIONAL_REPRESENTATION('',(#6341),#6344);
#6341 = B_SPLINE_CURVE_WITH_KNOTS('',1,(#6342,#6343),.UNSPECIFIED.,.F.,
  .F.,(2,2),(4.36,5.3000006),.PIECEWISE_BEZIER_KNOTS.);
#6342 = CARTESIAN_POINT('',(8.217895266735,6.E-02));
#6343 = CARTESIAN_POINT('',(8.217895266735,1.0000006));
#6344 = ( GEOMETRIC_REPRESENTATION_CONTEXT(2) 
PARAMETRIC_REPRESENTATION_CONTEXT() REPRESENTATION_CONTEXT('2D SPACE',''
  ) );
#6345 = ADVANCED_FACE('',(#6346,#6349),#6313,.F.);
#6346 = FACE_BOUND('',#6347,.F.);
#6347 = EDGE_LOOP('',(#6348));
#6348 = ORIENTED_EDGE('',*,*,#6298,.T.);
#6349 = FACE_BOUND('',#6350,.F.);
#6350 = EDGE_LOOP('',(#6351));
#6351 = ORIENTED_EDGE('',*,*,#6352,.F.);
#6352 = EDGE_CURVE('',#6353,#6353,#6355,.T.);
#6353 = VERTEX_POINT('',#6354);
#6354 = CARTESIAN_POINT('',(12.,29.,85.1));
#6355 = SURFACE_CURVE('',#6356,(#6361,#6368),.PCURVE_S1.);
#6356 = CIRCLE('',#6357,2.1);
#6357 = AXIS2_PLACEMENT_3D('',#6358,#6359,#6360);
#6358 = CARTESIAN_POINT('',(12.,29.,83.));
#6359 = DIRECTION('',(0.,1.,0.));
#6360 = DIRECTION('',(0.,-0.,1.));
#6361 = PCURVE('',#6313,#6362);
#6362 = DEFINITIONAL_REPRESENTATION('',(#6363),#6367);
#6363 = CIRCLE('',#6364,2.1);
#6364 = AXIS2_PLACEMENT_2D('',#6365,#6366);
#6365 = CARTESIAN_POINT('',(0.,0.));
#6366 = DIRECTION('',(1.,0.));
#6367 = ( GEOMETRIC_REPRESENTATION_CONTEXT(2) 
PARAMETRIC_REPRESENTATION_CONTEXT() REPRESENTATION_CONTEXT('2D SPACE',''
  ) );
#6368 = PCURVE('',#6369,#6374);
#6369 = CYLINDRICAL_SURFACE('',#6370,2.1);
#6370 = AXIS2_PLACEMENT_3D('',#6371,#6372,#6373);
#6371 = CARTESIAN_POINT('',(12.,29.,83.));
#6372 = DIRECTION('',(0.,1.,0.));
#6373 = DIRECTION('',(0.,-0.,1.));
#6374 = DEFINITIONAL_REPRESENTATION('',(#6375),#6379);
#6375 = LINE('',#6376,#6377);
#6376 = CARTESIAN_POINT('',(0.,0.));
#6377 = VECTOR('',#6378,1.);
#6378 = DIRECTION('',(1.,0.));
#6379 = ( GEOMETRIC_REPRESENTATION_CONTEXT(2) 
PARAMETRIC_REPRESENTATION_CONTEXT() REPRESENTATION_CONTEXT('2D SPACE',''
  ) );
#6380 = ADVANCED_FACE('',(#6381),#6369,.F.);
#6381 = FACE_BOUND('',#6382,.F.);
#6382 = EDGE_LOOP('',(#6383,#6406,#6435,#6456,#6480,#6501,#6523,#6524));
#6383 = ORIENTED_EDGE('',*,*,#6384,.T.);
#6384 = EDGE_CURVE('',#6353,#6385,#6387,.T.);
#6385 = VERTEX_POINT('',#6386);
#6386 = CARTESIAN_POINT('',(12.,34.5,85.1));
#6387 = SEAM_CURVE('',#6388,(#6392,#6399),.PCURVE_S1.);
#6388 = LINE('',#6389,#6390);
#6389 = CARTESIAN_POINT('',(12.,29.,85.1));
#6390 = VECTOR('',#6391,1.);
#6391 = DIRECTION('',(0.,1.,0.));
#6392 = PCURVE('',#6369,#6393);
#6393 = DEFINITIONAL_REPRESENTATION('',(#6394),#6398);
#6394 = LINE('',#6395,#6396);
#6395 = CARTESIAN_POINT('',(6.28318530718,-0.));
#6396 = VECTOR('',#6397,1.);
#6397 = DIRECTION('',(0.,1.));
#6398 = ( GEOMETRIC_REPRESENTATION_CONTEXT(2) 
PARAMETRIC_REPRESENTATION_CONTEXT() REPRESENTATION_CONTEXT('2D SPACE',''
  ) );
#6399 = PCURVE('',#6369,#6400);
#6400 = DEFINITIONAL_REPRESENTATION('',(#6401),#6405);
#6401 = LINE('',#6402,#6403);
#6402 = CARTESIAN_POINT('',(0.,-0.));
#6403 = VECTOR('',#6404,1.);
#6404 = DIRECTION('',(0.,1.));
#6405 = ( GEOMETRIC_REPRESENTATION_CONTEXT(2) 
PARAMETRIC_REPRESENTATION_CONTEXT() REPRESENTATION_CONTEXT('2D SPACE',''
  ) );
#6406 = ORIENTED_EDGE('',*,*,#6407,.F.);
#6407 = EDGE_CURVE('',#6408,#6385,#6410,.T.);
#6408 = VERTEX_POINT('',#6409);
#6409 = CARTESIAN_POINT('',(10.153381468738,34.5,82.));
#6410 = SURFACE_CURVE('',#6411,(#6416,#6423),.PCURVE_S1.);
#6411 = CIRCLE('',#6412,2.1);
#6412 = AXIS2_PLACEMENT_3D('',#6413,#6414,#6415);
#6413 = CARTESIAN_POINT('',(12.,34.5,83.));
#6414 = DIRECTION('',(0.,1.,0.));
#6415 = DIRECTION('',(0.,-0.,1.));
#6416 = PCURVE('',#6369,#6417);
#6417 = DEFINITIONAL_REPRESENTATION('',(#6418),#6422);
#6418 = LINE('',#6419,#6420);
#6419 = CARTESIAN_POINT('',(0.,5.5));
#6420 = VECTOR('',#6421,1.);
#6421 = DIRECTION('',(1.,0.));
#6422 = ( GEOMETRIC_REPRESENTATION_CONTEXT(2) 
PARAMETRIC_REPRESENTATION_CONTEXT() REPRESENTATION_CONTEXT('2D SPACE',''
  ) );
#6423 = PCURVE('',#6424,#6429);
#6424 = PLANE('',#6425);
#6425 = AXIS2_PLACEMENT_3D('',#6426,#6427,#6428);
#6426 = CARTESIAN_POINT('',(12.,34.5,83.));
#6427 = DIRECTION('',(0.,1.,0.));
#6428 = DIRECTION('',(0.,-0.,1.));
#6429 = DEFINITIONAL_REPRESENTATION('',(#6430),#6434);
#6430 = CIRCLE('',#6431,2.1);
#6431 = AXIS2_PLACEMENT_2D('',#6432,#6433);
#6432 = CARTESIAN_POINT('',(0.,0.));
#6433 = DIRECTION('',(1.,0.));
#6434 = ( GEOMETRIC_REPRESENTATION_CONTEXT(2) 
PARAMETRIC_REPRESENTATION_CONTEXT() REPRESENTATION_CONTEXT('2D SPACE',''
  ) );
#6435 = ORIENTED_EDGE('',*,*,#6436,.F.);
#6436 = EDGE_CURVE('',#6437,#6408,#6439,.T.);
#6437 = VERTEX_POINT('',#6438);
#6438 = CARTESIAN_POINT('',(10.153381468738,34.3,82.));
#6439 = SURFACE_CURVE('',#6440,(#6444,#6450),.PCURVE_S1.);
#6440 = LINE('',#6441,#6442);
#6441 = CARTESIAN_POINT('',(10.153381468738,29.,82.));
#6442 = VECTOR('',#6443,1.);
#6443 = DIRECTION('',(0.,1.,0.));
#6444 = PCURVE('',#6369,#6445);
#6445 = DEFINITIONAL_REPRESENTATION('',(#6446),#6449);
#6446 = B_SPLINE_CURVE_WITH_KNOTS('',1,(#6447,#6448),.UNSPECIFIED.,.F.,
  .F.,(2,2),(4.36,5.5000006),.PIECEWISE_BEZIER_KNOTS.);
#6447 = CARTESIAN_POINT('',(4.216071618259,4.36));
#6448 = CARTESIAN_POINT('',(4.216071618259,5.5000006));
#6449 = ( GEOMETRIC_REPRESENTATION_CONTEXT(2) 
PARAMETRIC_REPRESENTATION_CONTEXT() REPRESENTATION_CONTEXT('2D SPACE',''
  ) );
#6450 = PCURVE('',#43,#6451);
#6451 = DEFINITIONAL_REPRESENTATION('',(#6452),#6455);
#6452 = B_SPLINE_CURVE_WITH_KNOTS('',1,(#6453,#6454),.UNSPECIFIED.,.F.,
  .F.,(2,2),(4.36,5.5000006),.PIECEWISE_BEZIER_KNOTS.);
#6453 = CARTESIAN_POINT('',(10.553381468738,6.E-02));
#6454 = CARTESIAN_POINT('',(10.553381468738,1.2000006));
#6455 = ( GEOMETRIC_REPRESENTATION_CONTEXT(2) 
PARAMETRIC_REPRESENTATION_CONTEXT() REPRESENTATION_CONTEXT('2D SPACE',''
  ) );
#6456 = ORIENTED_EDGE('',*,*,#6457,.F.);
#6457 = EDGE_CURVE('',#6458,#6437,#6460,.T.);
#6458 = VERTEX_POINT('',#6459);
#6459 = CARTESIAN_POINT('',(13.846618531262,34.3,82.));
#6460 = SURFACE_CURVE('',#6461,(#6466,#6473),.PCURVE_S1.);
#6461 = CIRCLE('',#6462,2.1);
#6462 = AXIS2_PLACEMENT_3D('',#6463,#6464,#6465);
#6463 = CARTESIAN_POINT('',(12.,34.3,83.));
#6464 = DIRECTION('',(0.,1.,0.));
#6465 = DIRECTION('',(0.,-0.,1.));
#6466 = PCURVE('',#6369,#6467);
#6467 = DEFINITIONAL_REPRESENTATION('',(#6468),#6472);
#6468 = LINE('',#6469,#6470);
#6469 = CARTESIAN_POINT('',(0.,5.3));
#6470 = VECTOR('',#6471,1.);
#6471 = DIRECTION('',(1.,0.));
#6472 = ( GEOMETRIC_REPRESENTATION_CONTEXT(2) 
PARAMETRIC_REPRESENTATION_CONTEXT() REPRESENTATION_CONTEXT('2D SPACE',''
  ) );
#6473 = PCURVE('',#6243,#6474);
#6474 = DEFINITIONAL_REPRESENTATION('',(#6475),#6479);
#6475 = CIRCLE('',#6476,2.1);
#6476 = AXIS2_PLACEMENT_2D('',#6477,#6478);
#6477 = CARTESIAN_POINT('',(0.,0.));
#6478 = DIRECTION('',(1.,0.));
#6479 = ( GEOMETRIC_REPRESENTATION_CONTEXT(2) 
PARAMETRIC_REPRESENTATION_CONTEXT() REPRESENTATION_CONTEXT('2D SPACE',''
  ) );
#6480 = ORIENTED_EDGE('',*,*,#6481,.T.);
#6481 = EDGE_CURVE('',#6458,#6482,#6484,.T.);
#6482 = VERTEX_POINT('',#6483);
#6483 = CARTESIAN_POINT('',(13.846618531262,34.5,82.));
#6484 = SURFACE_CURVE('',#6485,(#6489,#6495),.PCURVE_S1.);
#6485 = LINE('',#6486,#6487);
#6486 = CARTESIAN_POINT('',(13.846618531262,29.,82.));
#6487 = VECTOR('',#6488,1.);
#6488 = DIRECTION('',(0.,1.,0.));
#6489 = PCURVE('',#6369,#6490);
#6490 = DEFINITIONAL_REPRESENTATION('',(#6491),#6494);
#6491 = B_SPLINE_CURVE_WITH_KNOTS('',1,(#6492,#6493),.UNSPECIFIED.,.F.,
  .F.,(2,2),(4.36,5.5000006),.PIECEWISE_BEZIER_KNOTS.);
#6492 = CARTESIAN_POINT('',(2.06711368892,4.36));
#6493 = CARTESIAN_POINT('',(2.06711368892,5.5000006));
#6494 = ( GEOMETRIC_REPRESENTATION_CONTEXT(2) 
PARAMETRIC_REPRESENTATION_CONTEXT() REPRESENTATION_CONTEXT('2D SPACE',''
  ) );
#6495 = PCURVE('',#43,#6496);
#6496 = DEFINITIONAL_REPRESENTATION('',(#6497),#6500);
#6497 = B_SPLINE_CURVE_WITH_KNOTS('',1,(#6498,#6499),.UNSPECIFIED.,.F.,
  .F.,(2,2),(4.36,5.5000006),.PIECEWISE_BEZIER_KNOTS.);
#6498 = CARTESIAN_POINT('',(14.246618531262,6.E-02));
#6499 = CARTESIAN_POINT('',(14.246618531262,1.2000006));
#6500 = ( GEOMETRIC_REPRESENTATION_CONTEXT(2) 
PARAMETRIC_REPRESENTATION_CONTEXT() REPRESENTATION_CONTEXT('2D SPACE',''
  ) );
#6501 = ORIENTED_EDGE('',*,*,#6502,.F.);
#6502 = EDGE_CURVE('',#6385,#6482,#6503,.T.);
#6503 = SURFACE_CURVE('',#6504,(#6509,#6516),.PCURVE_S1.);
#6504 = CIRCLE('',#6505,2.1);
#6505 = AXIS2_PLACEMENT_3D('',#6506,#6507,#6508);
#6506 = CARTESIAN_POINT('',(12.,34.5,83.));
#6507 = DIRECTION('',(0.,1.,0.));
#6508 = DIRECTION('',(0.,-0.,1.));
#6509 = PCURVE('',#6369,#6510);
#6510 = DEFINITIONAL_REPRESENTATION('',(#6511),#6515);
#6511 = LINE('',#6512,#6513);
#6512 = CARTESIAN_POINT('',(0.,5.5));
#6513 = VECTOR('',#6514,1.);
#6514 = DIRECTION('',(1.,0.));
#6515 = ( GEOMETRIC_REPRESENTATION_CONTEXT(2) 
PARAMETRIC_REPRESENTATION_CONTEXT() REPRESENTATION_CONTEXT('2D SPACE',''
  ) );
#6516 = PCURVE('',#6424,#6517);
#6517 = DEFINITIONAL_REPRESENTATION('',(#6518),#6522);
#6518 = CIRCLE('',#6519,2.1);
#6519 = AXIS2_PLACEMENT_2D('',#6520,#6521);
#6520 = CARTESIAN_POINT('',(0.,0.));
#6521 = DIRECTION('',(1.,0.));
#6522 = ( GEOMETRIC_REPRESENTATION_CONTEXT(2) 
PARAMETRIC_REPRESENTATION_CONTEXT() REPRESENTATION_CONTEXT('2D SPACE',''
  ) );
#6523 = ORIENTED_EDGE('',*,*,#6384,.F.);
#6524 = ORIENTED_EDGE('',*,*,#6352,.T.);
#6525 = ADVANCED_FACE('',(#6526),#6424,.F.);
#6526 = FACE_BOUND('',#6527,.F.);
#6527 = EDGE_LOOP('',(#6528,#6529,#6530));
#6528 = ORIENTED_EDGE('',*,*,#6407,.T.);
#6529 = ORIENTED_EDGE('',*,*,#6502,.T.);
#6530 = ORIENTED_EDGE('',*,*,#6531,.T.);
#6531 = EDGE_CURVE('',#6482,#6408,#6532,.T.);
#6532 = SURFACE_CURVE('',#6533,(#6537,#6543),.PCURVE_S1.);
#6533 = LINE('',#6534,#6535);
#6534 = CARTESIAN_POINT('',(5.8,34.5,82.));
#6535 = VECTOR('',#6536,1.);
#6536 = DIRECTION('',(-1.,0.,0.));
#6537 = PCURVE('',#6424,#6538);
#6538 = DEFINITIONAL_REPRESENTATION('',(#6539),#6542);
#6539 = B_SPLINE_CURVE_WITH_KNOTS('',1,(#6540,#6541),.UNSPECIFIED.,.F.,
  .F.,(2,2),(-8.3,-4.1),.PIECEWISE_BEZIER_KNOTS.);
#6540 = CARTESIAN_POINT('',(-1.,2.1));
#6541 = CARTESIAN_POINT('',(-1.,-2.1));
#6542 = ( GEOMETRIC_REPRESENTATION_CONTEXT(2) 
PARAMETRIC_REPRESENTATION_CONTEXT() REPRESENTATION_CONTEXT('2D SPACE',''
  ) );
#6543 = PCURVE('',#43,#6544);
#6544 = DEFINITIONAL_REPRESENTATION('',(#6545),#6548);
#6545 = B_SPLINE_CURVE_WITH_KNOTS('',1,(#6546,#6547),.UNSPECIFIED.,.F.,
  .F.,(2,2),(-8.3,-4.1),.PIECEWISE_BEZIER_KNOTS.);
#6546 = CARTESIAN_POINT('',(14.5,1.2));
#6547 = CARTESIAN_POINT('',(10.3,1.2));
#6548 = ( GEOMETRIC_REPRESENTATION_CONTEXT(2) 
PARAMETRIC_REPRESENTATION_CONTEXT() REPRESENTATION_CONTEXT('2D SPACE',''
  ) );
#6549 = ADVANCED_FACE('',(#6550),#6243,.T.);
#6550 = FACE_BOUND('',#6551,.T.);
#6551 = EDGE_LOOP('',(#6552,#6571,#6572,#6591));
#6552 = ORIENTED_EDGE('',*,*,#6553,.F.);
#6553 = EDGE_CURVE('',#6225,#6458,#6554,.T.);
#6554 = SURFACE_CURVE('',#6555,(#6559,#6565),.PCURVE_S1.);
#6555 = LINE('',#6556,#6557);
#6556 = CARTESIAN_POINT('',(5.8,34.3,82.));
#6557 = VECTOR('',#6558,1.);
#6558 = DIRECTION('',(-1.,0.,0.));
#6559 = PCURVE('',#6243,#6560);
#6560 = DEFINITIONAL_REPRESENTATION('',(#6561),#6564);
#6561 = B_SPLINE_CURVE_WITH_KNOTS('',1,(#6562,#6563),.UNSPECIFIED.,.F.,
  .F.,(2,2),(-10.5,-1.9),.PIECEWISE_BEZIER_KNOTS.);
#6562 = CARTESIAN_POINT('',(-1.,4.3));
#6563 = CARTESIAN_POINT('',(-1.,-4.3));
#6564 = ( GEOMETRIC_REPRESENTATION_CONTEXT(2) 
PARAMETRIC_REPRESENTATION_CONTEXT() REPRESENTATION_CONTEXT('2D SPACE',''
  ) );
#6565 = PCURVE('',#43,#6566);
#6566 = DEFINITIONAL_REPRESENTATION('',(#6567),#6570);
#6567 = B_SPLINE_CURVE_WITH_KNOTS('',1,(#6568,#6569),.UNSPECIFIED.,.F.,
  .F.,(2,2),(-10.5,-1.9),.PIECEWISE_BEZIER_KNOTS.);
#6568 = CARTESIAN_POINT('',(16.7,1.));
#6569 = CARTESIAN_POINT('',(8.1,1.));
#6570 = ( GEOMETRIC_REPRESENTATION_CONTEXT(2) 
PARAMETRIC_REPRESENTATION_CONTEXT() REPRESENTATION_CONTEXT('2D SPACE',''
  ) );
#6571 = ORIENTED_EDGE('',*,*,#6224,.T.);
#6572 = ORIENTED_EDGE('',*,*,#6573,.F.);
#6573 = EDGE_CURVE('',#6437,#6227,#6574,.T.);
#6574 = SURFACE_CURVE('',#6575,(#6579,#6585),.PCURVE_S1.);
#6575 = LINE('',#6576,#6577);
#6576 = CARTESIAN_POINT('',(5.8,34.3,82.));
#6577 = VECTOR('',#6578,1.);
#6578 = DIRECTION('',(-1.,0.,0.));
#6579 = PCURVE('',#6243,#6580);
#6580 = DEFINITIONAL_REPRESENTATION('',(#6581),#6584);
#6581 = B_SPLINE_CURVE_WITH_KNOTS('',1,(#6582,#6583),.UNSPECIFIED.,.F.,
  .F.,(2,2),(-10.5,-1.9),.PIECEWISE_BEZIER_KNOTS.);
#6582 = CARTESIAN_POINT('',(-1.,4.3));
#6583 = CARTESIAN_POINT('',(-1.,-4.3));
#6584 = ( GEOMETRIC_REPRESENTATION_CONTEXT(2) 
PARAMETRIC_REPRESENTATION_CONTEXT() REPRESENTATION_CONTEXT('2D SPACE',''
  ) );
#6585 = PCURVE('',#43,#6586);
#6586 = DEFINITIONAL_REPRESENTATION('',(#6587),#6590);
#6587 = B_SPLINE_CURVE_WITH_KNOTS('',1,(#6588,#6589),.UNSPECIFIED.,.F.,
  .F.,(2,2),(-10.5,-1.9),.PIECEWISE_BEZIER_KNOTS.);
#6588 = CARTESIAN_POINT('',(16.7,1.));
#6589 = CARTESIAN_POINT('',(8.1,1.));
#6590 = ( GEOMETRIC_REPRESENTATION_CONTEXT(2) 
PARAMETRIC_REPRESENTATION_CONTEXT() REPRESENTATION_CONTEXT('2D SPACE',''
  ) );
#6591 = ORIENTED_EDGE('',*,*,#6457,.F.);
#6592 = ADVANCED_FACE('',(#6593),#6210,.F.);
#6593 = FACE_BOUND('',#6594,.F.);
#6594 = EDGE_LOOP('',(#6595,#6618,#6619,#6640));
#6595 = ORIENTED_EDGE('',*,*,#6596,.F.);
#6596 = EDGE_CURVE('',#6037,#6597,#6599,.T.);
#6597 = VERTEX_POINT('',#6598);
#6598 = CARTESIAN_POINT('',(3.2,33.8,84.));
#6599 = SURFACE_CURVE('',#6600,(#6604,#6611),.PCURVE_S1.);
#6600 = LINE('',#6601,#6602);
#6601 = CARTESIAN_POINT('',(3.2,-0.5,84.));
#6602 = VECTOR('',#6603,1.);
#6603 = DIRECTION('',(-0.,1.,0.));
#6604 = PCURVE('',#6210,#6605);
#6605 = DEFINITIONAL_REPRESENTATION('',(#6606),#6610);
#6606 = LINE('',#6607,#6608);
#6607 = CARTESIAN_POINT('',(78.,0.));
#6608 = VECTOR('',#6609,1.);
#6609 = DIRECTION('',(0.,-1.));
#6610 = ( GEOMETRIC_REPRESENTATION_CONTEXT(2) 
PARAMETRIC_REPRESENTATION_CONTEXT() REPRESENTATION_CONTEXT('2D SPACE',''
  ) );
#6611 = PCURVE('',#510,#6612);
#6612 = DEFINITIONAL_REPRESENTATION('',(#6613),#6617);
#6613 = LINE('',#6614,#6615);
#6614 = CARTESIAN_POINT('',(3.6,0.));
#6615 = VECTOR('',#6616,1.);
#6616 = DIRECTION('',(0.,1.));
#6617 = ( GEOMETRIC_REPRESENTATION_CONTEXT(2) 
PARAMETRIC_REPRESENTATION_CONTEXT() REPRESENTATION_CONTEXT('2D SPACE',''
  ) );
#6618 = ORIENTED_EDGE('',*,*,#6197,.T.);
#6619 = ORIENTED_EDGE('',*,*,#6620,.F.);
#6620 = EDGE_CURVE('',#6621,#6177,#6623,.T.);
#6621 = VERTEX_POINT('',#6622);
#6622 = CARTESIAN_POINT('',(3.2,33.8,82.));
#6623 = SURFACE_CURVE('',#6624,(#6628,#6634),.PCURVE_S1.);
#6624 = LINE('',#6625,#6626);
#6625 = CARTESIAN_POINT('',(3.2,16.4,82.));
#6626 = VECTOR('',#6627,1.);
#6627 = DIRECTION('',(0.,-1.,0.));
#6628 = PCURVE('',#6210,#6629);
#6629 = DEFINITIONAL_REPRESENTATION('',(#6630),#6633);
#6630 = B_SPLINE_CURVE_WITH_KNOTS('',1,(#6631,#6632),.UNSPECIFIED.,.F.,
  .F.,(2,2),(-17.4,-17.2),.PIECEWISE_BEZIER_KNOTS.);
#6631 = CARTESIAN_POINT('',(76.,-34.3));
#6632 = CARTESIAN_POINT('',(76.,-34.1));
#6633 = ( GEOMETRIC_REPRESENTATION_CONTEXT(2) 
PARAMETRIC_REPRESENTATION_CONTEXT() REPRESENTATION_CONTEXT('2D SPACE',''
  ) );
#6634 = PCURVE('',#43,#6635);
#6635 = DEFINITIONAL_REPRESENTATION('',(#6636),#6639);
#6636 = B_SPLINE_CURVE_WITH_KNOTS('',1,(#6637,#6638),.UNSPECIFIED.,.F.,
  .F.,(2,2),(-17.4,-17.2),.PIECEWISE_BEZIER_KNOTS.);
#6637 = CARTESIAN_POINT('',(3.6,0.5));
#6638 = CARTESIAN_POINT('',(3.6,0.3));
#6639 = ( GEOMETRIC_REPRESENTATION_CONTEXT(2) 
PARAMETRIC_REPRESENTATION_CONTEXT() REPRESENTATION_CONTEXT('2D SPACE',''
  ) );
#6640 = ORIENTED_EDGE('',*,*,#6641,.T.);
#6641 = EDGE_CURVE('',#6621,#6597,#6642,.T.);
#6642 = SURFACE_CURVE('',#6643,(#6647,#6654),.PCURVE_S1.);
#6643 = LINE('',#6644,#6645);
#6644 = CARTESIAN_POINT('',(3.2,33.8,6.));
#6645 = VECTOR('',#6646,1.);
#6646 = DIRECTION('',(0.,0.,1.));
#6647 = PCURVE('',#6210,#6648);
#6648 = DEFINITIONAL_REPRESENTATION('',(#6649),#6653);
#6649 = LINE('',#6650,#6651);
#6650 = CARTESIAN_POINT('',(0.,-34.3));
#6651 = VECTOR('',#6652,1.);
#6652 = DIRECTION('',(1.,0.));
#6653 = ( GEOMETRIC_REPRESENTATION_CONTEXT(2) 
PARAMETRIC_REPRESENTATION_CONTEXT() REPRESENTATION_CONTEXT('2D SPACE',''
  ) );
#6654 = PCURVE('',#534,#6655);
#6655 = DEFINITIONAL_REPRESENTATION('',(#6656),#6660);
#6656 = LINE('',#6657,#6658);
#6657 = CARTESIAN_POINT('',(0.,3.6));
#6658 = VECTOR('',#6659,1.);
#6659 = DIRECTION('',(1.,0.));
#6660 = ( GEOMETRIC_REPRESENTATION_CONTEXT(2) 
PARAMETRIC_REPRESENTATION_CONTEXT() REPRESENTATION_CONTEXT('2D SPACE',''
  ) );
#6661 = ADVANCED_FACE('',(#6662),#5446,.F.);
#6662 = FACE_BOUND('',#6663,.F.);
#6663 = EDGE_LOOP('',(#6664,#6665,#6666,#6667));
#6664 = ORIENTED_EDGE('',*,*,#5751,.F.);
#6665 = ORIENTED_EDGE('',*,*,#5652,.T.);
#6666 = ORIENTED_EDGE('',*,*,#5431,.T.);
#6667 = ORIENTED_EDGE('',*,*,#6668,.F.);
#6668 = EDGE_CURVE('',#5728,#5432,#6669,.T.);
#6669 = SURFACE_CURVE('',#6670,(#6674,#6680),.PCURVE_S1.);
#6670 = LINE('',#6671,#6672);
#6671 = CARTESIAN_POINT('',(-0.2,36.,82.));
#6672 = VECTOR('',#6673,1.);
#6673 = DIRECTION('',(1.,0.,-0.));
#6674 = PCURVE('',#5446,#6675);
#6675 = DEFINITIONAL_REPRESENTATION('',(#6676),#6679);
#6676 = B_SPLINE_CURVE_WITH_KNOTS('',1,(#6677,#6678),.UNSPECIFIED.,.F.,
  .F.,(2,2),(0.2,102.2),.PIECEWISE_BEZIER_KNOTS.);
#6677 = CARTESIAN_POINT('',(0.4,2.7));
#6678 = CARTESIAN_POINT('',(102.4,2.7));
#6679 = ( GEOMETRIC_REPRESENTATION_CONTEXT(2) 
PARAMETRIC_REPRESENTATION_CONTEXT() REPRESENTATION_CONTEXT('2D SPACE',''
  ) );
#6680 = PCURVE('',#70,#6681);
#6681 = DEFINITIONAL_REPRESENTATION('',(#6682),#6685);
#6682 = B_SPLINE_CURVE_WITH_KNOTS('',1,(#6683,#6684),.UNSPECIFIED.,.F.,
  .F.,(2,2),(0.2,102.2),.PIECEWISE_BEZIER_KNOTS.);
#6683 = CARTESIAN_POINT('',(82.,0.));
#6684 = CARTESIAN_POINT('',(82.,102.));
#6685 = ( GEOMETRIC_REPRESENTATION_CONTEXT(2) 
PARAMETRIC_REPRESENTATION_CONTEXT() REPRESENTATION_CONTEXT('2D SPACE',''
  ) );
#6686 = ADVANCED_FACE('',(#6687),#4375,.T.);
#6687 = FACE_BOUND('',#6688,.T.);
#6688 = EDGE_LOOP('',(#6689,#6690,#6691,#6692));
#6689 = ORIENTED_EDGE('',*,*,#4360,.F.);
#6690 = ORIENTED_EDGE('',*,*,#4669,.T.);
#6691 = ORIENTED_EDGE('',*,*,#4844,.T.);
#6692 = ORIENTED_EDGE('',*,*,#6693,.F.);
#6693 = EDGE_CURVE('',#4361,#4845,#6694,.T.);
#6694 = SURFACE_CURVE('',#6695,(#6699,#6705),.PCURVE_S1.);
#6695 = LINE('',#6696,#6697);
#6696 = CARTESIAN_POINT('',(-0.2,36.,8.));
#6697 = VECTOR('',#6698,1.);
#6698 = DIRECTION('',(1.,0.,-0.));
#6699 = PCURVE('',#4375,#6700);
#6700 = DEFINITIONAL_REPRESENTATION('',(#6701),#6704);
#6701 = B_SPLINE_CURVE_WITH_KNOTS('',1,(#6702,#6703),.UNSPECIFIED.,.F.,
  .F.,(2,2),(0.2,102.2),.PIECEWISE_BEZIER_KNOTS.);
#6702 = CARTESIAN_POINT('',(0.4,2.7));
#6703 = CARTESIAN_POINT('',(102.4,2.7));
#6704 = ( GEOMETRIC_REPRESENTATION_CONTEXT(2) 
PARAMETRIC_REPRESENTATION_CONTEXT() REPRESENTATION_CONTEXT('2D SPACE',''
  ) );
#6705 = PCURVE('',#70,#6706);
#6706 = DEFINITIONAL_REPRESENTATION('',(#6707),#6710);
#6707 = B_SPLINE_CURVE_WITH_KNOTS('',1,(#6708,#6709),.UNSPECIFIED.,.F.,
  .F.,(2,2),(0.2,102.2),.PIECEWISE_BEZIER_KNOTS.);
#6708 = CARTESIAN_POINT('',(8.,0.));
#6709 = CARTESIAN_POINT('',(8.,102.));
#6710 = ( GEOMETRIC_REPRESENTATION_CONTEXT(2) 
PARAMETRIC_REPRESENTATION_CONTEXT() REPRESENTATION_CONTEXT('2D SPACE',''
  ) );
#6711 = ADVANCED_FACE('',(#6712),#4298,.F.);
#6712 = FACE_BOUND('',#6713,.F.);
#6713 = EDGE_LOOP('',(#6714,#6715,#6716));
#6714 = ORIENTED_EDGE('',*,*,#4451,.T.);
#6715 = ORIENTED_EDGE('',*,*,#4281,.T.);
#6716 = ORIENTED_EDGE('',*,*,#6717,.T.);
#6717 = EDGE_CURVE('',#4282,#4431,#6718,.T.);
#6718 = SURFACE_CURVE('',#6719,(#6723,#6729),.PCURVE_S1.);
#6719 = LINE('',#6720,#6721);
#6720 = CARTESIAN_POINT('',(45.2,28.,2.4));
#6721 = VECTOR('',#6722,1.);
#6722 = DIRECTION('',(-1.,0.,0.));
#6723 = PCURVE('',#4298,#6724);
#6724 = DEFINITIONAL_REPRESENTATION('',(#6725),#6728);
#6725 = B_SPLINE_CURVE_WITH_KNOTS('',1,(#6726,#6727),.UNSPECIFIED.,.F.,
  .F.,(2,2),(-47.4,-38.2),.PIECEWISE_BEZIER_KNOTS.);
#6726 = CARTESIAN_POINT('',(-3.6,4.6));
#6727 = CARTESIAN_POINT('',(-3.6,-4.6));
#6728 = ( GEOMETRIC_REPRESENTATION_CONTEXT(2) 
PARAMETRIC_REPRESENTATION_CONTEXT() REPRESENTATION_CONTEXT('2D SPACE',''
  ) );
#6729 = PCURVE('',#1695,#6730);
#6730 = DEFINITIONAL_REPRESENTATION('',(#6731),#6734);
#6731 = B_SPLINE_CURVE_WITH_KNOTS('',1,(#6732,#6733),.UNSPECIFIED.,.F.,
  .F.,(2,2),(-47.4,-38.2),.PIECEWISE_BEZIER_KNOTS.);
#6732 = CARTESIAN_POINT('',(90.2,28.3));
#6733 = CARTESIAN_POINT('',(81.,28.3));
#6734 = ( GEOMETRIC_REPRESENTATION_CONTEXT(2) 
PARAMETRIC_REPRESENTATION_CONTEXT() REPRESENTATION_CONTEXT('2D SPACE',''
  ) );
#6735 = ADVANCED_FACE('',(#6736),#3958,.T.);
#6736 = FACE_BOUND('',#6737,.T.);
#6737 = EDGE_LOOP('',(#6738,#6739,#6740,#6741));
#6738 = ORIENTED_EDGE('',*,*,#3943,.F.);
#6739 = ORIENTED_EDGE('',*,*,#4206,.T.);
#6740 = ORIENTED_EDGE('',*,*,#4410,.T.);
#6741 = ORIENTED_EDGE('',*,*,#6742,.F.);
#6742 = EDGE_CURVE('',#3944,#4387,#6743,.T.);
#6743 = SURFACE_CURVE('',#6744,(#6748,#6754),.PCURVE_S1.);
#6744 = LINE('',#6745,#6746);
#6745 = CARTESIAN_POINT('',(-0.2,36.,8.));
#6746 = VECTOR('',#6747,1.);
#6747 = DIRECTION('',(1.,0.,-0.));
#6748 = PCURVE('',#3958,#6749);
#6749 = DEFINITIONAL_REPRESENTATION('',(#6750),#6753);
#6750 = B_SPLINE_CURVE_WITH_KNOTS('',1,(#6751,#6752),.UNSPECIFIED.,.F.,
  .F.,(2,2),(0.2,102.2),.PIECEWISE_BEZIER_KNOTS.);
#6751 = CARTESIAN_POINT('',(0.4,2.7));
#6752 = CARTESIAN_POINT('',(102.4,2.7));
#6753 = ( GEOMETRIC_REPRESENTATION_CONTEXT(2) 
PARAMETRIC_REPRESENTATION_CONTEXT() REPRESENTATION_CONTEXT('2D SPACE',''
  ) );
#6754 = PCURVE('',#70,#6755);
#6755 = DEFINITIONAL_REPRESENTATION('',(#6756),#6759);
#6756 = B_SPLINE_CURVE_WITH_KNOTS('',1,(#6757,#6758),.UNSPECIFIED.,.F.,
  .F.,(2,2),(0.2,102.2),.PIECEWISE_BEZIER_KNOTS.);
#6757 = CARTESIAN_POINT('',(8.,0.));
#6758 = CARTESIAN_POINT('',(8.,102.));
#6759 = ( GEOMETRIC_REPRESENTATION_CONTEXT(2) 
PARAMETRIC_REPRESENTATION_CONTEXT() REPRESENTATION_CONTEXT('2D SPACE',''
  ) );
#6760 = ADVANCED_FACE('',(#6761),#3881,.F.);
#6761 = FACE_BOUND('',#6762,.F.);
#6762 = EDGE_LOOP('',(#6763,#6764,#6765));
#6763 = ORIENTED_EDGE('',*,*,#4034,.T.);
#6764 = ORIENTED_EDGE('',*,*,#3864,.T.);
#6765 = ORIENTED_EDGE('',*,*,#6766,.T.);
#6766 = EDGE_CURVE('',#3865,#4014,#6767,.T.);
#6767 = SURFACE_CURVE('',#6768,(#6772,#6778),.PCURVE_S1.);
#6768 = LINE('',#6769,#6770);
#6769 = CARTESIAN_POINT('',(16.2,28.,2.4));
#6770 = VECTOR('',#6771,1.);
#6771 = DIRECTION('',(-1.,0.,0.));
#6772 = PCURVE('',#3881,#6773);
#6773 = DEFINITIONAL_REPRESENTATION('',(#6774),#6777);
#6774 = B_SPLINE_CURVE_WITH_KNOTS('',1,(#6775,#6776),.UNSPECIFIED.,.F.,
  .F.,(2,2),(-18.4,-9.2),.PIECEWISE_BEZIER_KNOTS.);
#6775 = CARTESIAN_POINT('',(-3.6,4.6));
#6776 = CARTESIAN_POINT('',(-3.6,-4.6));
#6777 = ( GEOMETRIC_REPRESENTATION_CONTEXT(2) 
PARAMETRIC_REPRESENTATION_CONTEXT() REPRESENTATION_CONTEXT('2D SPACE',''
  ) );
#6778 = PCURVE('',#1695,#6779);
#6779 = DEFINITIONAL_REPRESENTATION('',(#6780),#6783);
#6780 = B_SPLINE_CURVE_WITH_KNOTS('',1,(#6781,#6782),.UNSPECIFIED.,.F.,
  .F.,(2,2),(-18.4,-9.2),.PIECEWISE_BEZIER_KNOTS.);
#6781 = CARTESIAN_POINT('',(32.2,28.3));
#6782 = CARTESIAN_POINT('',(23.,28.3));
#6783 = ( GEOMETRIC_REPRESENTATION_CONTEXT(2) 
PARAMETRIC_REPRESENTATION_CONTEXT() REPRESENTATION_CONTEXT('2D SPACE',''
  ) );
#6784 = ADVANCED_FACE('',(#6785),#1819,.T.);
#6785 = FACE_BOUND('',#6786,.T.);
#6786 = EDGE_LOOP('',(#6787,#6788,#6807,#6808,#6831,#6852,#6873,#6894));
#6787 = ORIENTED_EDGE('',*,*,#1803,.F.);
#6788 = ORIENTED_EDGE('',*,*,#6789,.F.);
#6789 = EDGE_CURVE('',#6035,#1783,#6790,.T.);
#6790 = SURFACE_CURVE('',#6791,(#6795,#6801),.PCURVE_S1.);
#6791 = LINE('',#6792,#6793);
#6792 = CARTESIAN_POINT('',(2.4,-0.4,84.));
#6793 = VECTOR('',#6794,1.);
#6794 = DIRECTION('',(0.,-1.,0.));
#6795 = PCURVE('',#1819,#6796);
#6796 = DEFINITIONAL_REPRESENTATION('',(#6797),#6800);
#6797 = B_SPLINE_CURVE_WITH_KNOTS('',1,(#6798,#6799),.UNSPECIFIED.,.F.,
  .F.,(2,2),(-34.,-1.E-01),.PIECEWISE_BEZIER_KNOTS.);
#6798 = CARTESIAN_POINT('',(81.6,-33.9));
#6799 = CARTESIAN_POINT('',(81.6,0.));
#6800 = ( GEOMETRIC_REPRESENTATION_CONTEXT(2) 
PARAMETRIC_REPRESENTATION_CONTEXT() REPRESENTATION_CONTEXT('2D SPACE',''
  ) );
#6801 = PCURVE('',#510,#6802);
#6802 = DEFINITIONAL_REPRESENTATION('',(#6803),#6806);
#6803 = B_SPLINE_CURVE_WITH_KNOTS('',1,(#6804,#6805),.UNSPECIFIED.,.F.,
  .F.,(2,2),(-34.,-1.E-01),.PIECEWISE_BEZIER_KNOTS.);
#6804 = CARTESIAN_POINT('',(2.8,34.1));
#6805 = CARTESIAN_POINT('',(2.8,0.2));
#6806 = ( GEOMETRIC_REPRESENTATION_CONTEXT(2) 
PARAMETRIC_REPRESENTATION_CONTEXT() REPRESENTATION_CONTEXT('2D SPACE',''
  ) );
#6807 = ORIENTED_EDGE('',*,*,#6057,.T.);
#6808 = ORIENTED_EDGE('',*,*,#6809,.F.);
#6809 = EDGE_CURVE('',#6810,#6058,#6812,.T.);
#6810 = VERTEX_POINT('',#6811);
#6811 = CARTESIAN_POINT('',(2.4,20.25,87.6));
#6812 = SURFACE_CURVE('',#6813,(#6817,#6824),.PCURVE_S1.);
#6813 = LINE('',#6814,#6815);
#6814 = CARTESIAN_POINT('',(2.4,-0.3,87.6));
#6815 = VECTOR('',#6816,1.);
#6816 = DIRECTION('',(-0.,1.,0.));
#6817 = PCURVE('',#1819,#6818);
#6818 = DEFINITIONAL_REPRESENTATION('',(#6819),#6823);
#6819 = LINE('',#6820,#6821);
#6820 = CARTESIAN_POINT('',(85.2,0.));
#6821 = VECTOR('',#6822,1.);
#6822 = DIRECTION('',(0.,-1.));
#6823 = ( GEOMETRIC_REPRESENTATION_CONTEXT(2) 
PARAMETRIC_REPRESENTATION_CONTEXT() REPRESENTATION_CONTEXT('2D SPACE',''
  ) );
#6824 = PCURVE('',#1845,#6825);
#6825 = DEFINITIONAL_REPRESENTATION('',(#6826),#6830);
#6826 = LINE('',#6827,#6828);
#6827 = CARTESIAN_POINT('',(0.,0.));
#6828 = VECTOR('',#6829,1.);
#6829 = DIRECTION('',(0.,1.));
#6830 = ( GEOMETRIC_REPRESENTATION_CONTEXT(2) 
PARAMETRIC_REPRESENTATION_CONTEXT() REPRESENTATION_CONTEXT('2D SPACE',''
  ) );
#6831 = ORIENTED_EDGE('',*,*,#6832,.F.);
#6832 = EDGE_CURVE('',#6833,#6810,#6835,.T.);
#6833 = VERTEX_POINT('',#6834);
#6834 = CARTESIAN_POINT('',(2.4,20.25,85.25));
#6835 = SURFACE_CURVE('',#6836,(#6840,#6846),.PCURVE_S1.);
#6836 = LINE('',#6837,#6838);
#6837 = CARTESIAN_POINT('',(2.4,20.25,43.825));
#6838 = VECTOR('',#6839,1.);
#6839 = DIRECTION('',(0.,0.,1.));
#6840 = PCURVE('',#1819,#6841);
#6841 = DEFINITIONAL_REPRESENTATION('',(#6842),#6845);
#6842 = B_SPLINE_CURVE_WITH_KNOTS('',1,(#6843,#6844),.UNSPECIFIED.,.F.,
  .F.,(2,2),(41.425,43.775),.PIECEWISE_BEZIER_KNOTS.);
#6843 = CARTESIAN_POINT('',(82.85,-20.55));
#6844 = CARTESIAN_POINT('',(85.2,-20.55));
#6845 = ( GEOMETRIC_REPRESENTATION_CONTEXT(2) 
PARAMETRIC_REPRESENTATION_CONTEXT() REPRESENTATION_CONTEXT('2D SPACE',''
  ) );
#6846 = PCURVE('',#125,#6847);
#6847 = DEFINITIONAL_REPRESENTATION('',(#6848),#6851);
#6848 = B_SPLINE_CURVE_WITH_KNOTS('',1,(#6849,#6850),.UNSPECIFIED.,.F.,
  .F.,(2,2),(41.425,43.775),.PIECEWISE_BEZIER_KNOTS.);
#6849 = CARTESIAN_POINT('',(0.,2.8));
#6850 = CARTESIAN_POINT('',(2.35,2.8));
#6851 = ( GEOMETRIC_REPRESENTATION_CONTEXT(2) 
PARAMETRIC_REPRESENTATION_CONTEXT() REPRESENTATION_CONTEXT('2D SPACE',''
  ) );
#6852 = ORIENTED_EDGE('',*,*,#6853,.T.);
#6853 = EDGE_CURVE('',#6833,#6854,#6856,.T.);
#6854 = VERTEX_POINT('',#6855);
#6855 = CARTESIAN_POINT('',(2.4,9.75,85.25));
#6856 = SURFACE_CURVE('',#6857,(#6861,#6867),.PCURVE_S1.);
#6857 = LINE('',#6858,#6859);
#6858 = CARTESIAN_POINT('',(2.4,4.725,85.25));
#6859 = VECTOR('',#6860,1.);
#6860 = DIRECTION('',(0.,-1.,0.));
#6861 = PCURVE('',#1819,#6862);
#6862 = DEFINITIONAL_REPRESENTATION('',(#6863),#6866);
#6863 = B_SPLINE_CURVE_WITH_KNOTS('',1,(#6864,#6865),.UNSPECIFIED.,.F.,
  .F.,(2,2),(-15.525,-5.025),.PIECEWISE_BEZIER_KNOTS.);
#6864 = CARTESIAN_POINT('',(82.85,-20.55));
#6865 = CARTESIAN_POINT('',(82.85,-10.05));
#6866 = ( GEOMETRIC_REPRESENTATION_CONTEXT(2) 
PARAMETRIC_REPRESENTATION_CONTEXT() REPRESENTATION_CONTEXT('2D SPACE',''
  ) );
#6867 = PCURVE('',#151,#6868);
#6868 = DEFINITIONAL_REPRESENTATION('',(#6869),#6872);
#6869 = B_SPLINE_CURVE_WITH_KNOTS('',1,(#6870,#6871),.UNSPECIFIED.,.F.,
  .F.,(2,2),(-15.525,-5.025),.PIECEWISE_BEZIER_KNOTS.);
#6870 = CARTESIAN_POINT('',(2.8,10.5));
#6871 = CARTESIAN_POINT('',(2.8,0.));
#6872 = ( GEOMETRIC_REPRESENTATION_CONTEXT(2) 
PARAMETRIC_REPRESENTATION_CONTEXT() REPRESENTATION_CONTEXT('2D SPACE',''
  ) );
#6873 = ORIENTED_EDGE('',*,*,#6874,.T.);
#6874 = EDGE_CURVE('',#6854,#6875,#6877,.T.);
#6875 = VERTEX_POINT('',#6876);
#6876 = CARTESIAN_POINT('',(2.4,9.75,87.6));
#6877 = SURFACE_CURVE('',#6878,(#6882,#6888),.PCURVE_S1.);
#6878 = LINE('',#6879,#6880);
#6879 = CARTESIAN_POINT('',(2.4,9.75,43.825));
#6880 = VECTOR('',#6881,1.);
#6881 = DIRECTION('',(0.,0.,1.));
#6882 = PCURVE('',#1819,#6883);
#6883 = DEFINITIONAL_REPRESENTATION('',(#6884),#6887);
#6884 = B_SPLINE_CURVE_WITH_KNOTS('',1,(#6885,#6886),.UNSPECIFIED.,.F.,
  .F.,(2,2),(41.425,43.775),.PIECEWISE_BEZIER_KNOTS.);
#6885 = CARTESIAN_POINT('',(82.85,-10.05));
#6886 = CARTESIAN_POINT('',(85.2,-10.05));
#6887 = ( GEOMETRIC_REPRESENTATION_CONTEXT(2) 
PARAMETRIC_REPRESENTATION_CONTEXT() REPRESENTATION_CONTEXT('2D SPACE',''
  ) );
#6888 = PCURVE('',#177,#6889);
#6889 = DEFINITIONAL_REPRESENTATION('',(#6890),#6893);
#6890 = B_SPLINE_CURVE_WITH_KNOTS('',1,(#6891,#6892),.UNSPECIFIED.,.F.,
  .F.,(2,2),(41.425,43.775),.PIECEWISE_BEZIER_KNOTS.);
#6891 = CARTESIAN_POINT('',(0.,2.8));
#6892 = CARTESIAN_POINT('',(2.35,2.8));
#6893 = ( GEOMETRIC_REPRESENTATION_CONTEXT(2) 
PARAMETRIC_REPRESENTATION_CONTEXT() REPRESENTATION_CONTEXT('2D SPACE',''
  ) );
#6894 = ORIENTED_EDGE('',*,*,#6895,.F.);
#6895 = EDGE_CURVE('',#1804,#6875,#6896,.T.);
#6896 = SURFACE_CURVE('',#6897,(#6901,#6908),.PCURVE_S1.);
#6897 = LINE('',#6898,#6899);
#6898 = CARTESIAN_POINT('',(2.4,-0.3,87.6));
#6899 = VECTOR('',#6900,1.);
#6900 = DIRECTION('',(-0.,1.,0.));
#6901 = PCURVE('',#1819,#6902);
#6902 = DEFINITIONAL_REPRESENTATION('',(#6903),#6907);
#6903 = LINE('',#6904,#6905);
#6904 = CARTESIAN_POINT('',(85.2,0.));
#6905 = VECTOR('',#6906,1.);
#6906 = DIRECTION('',(0.,-1.));
#6907 = ( GEOMETRIC_REPRESENTATION_CONTEXT(2) 
PARAMETRIC_REPRESENTATION_CONTEXT() REPRESENTATION_CONTEXT('2D SPACE',''
  ) );
#6908 = PCURVE('',#1845,#6909);
#6909 = DEFINITIONAL_REPRESENTATION('',(#6910),#6914);
#6910 = LINE('',#6911,#6912);
#6911 = CARTESIAN_POINT('',(0.,0.));
#6912 = VECTOR('',#6913,1.);
#6913 = DIRECTION('',(0.,1.));
#6914 = ( GEOMETRIC_REPRESENTATION_CONTEXT(2) 
PARAMETRIC_REPRESENTATION_CONTEXT() REPRESENTATION_CONTEXT('2D SPACE',''
  ) );
#6915 = ADVANCED_FACE('',(#6916,#7017,#7048),#1695,.T.);
#6916 = FACE_BOUND('',#6917,.T.);
#6917 = EDGE_LOOP('',(#6918,#6919,#6920,#6941,#6967,#6986,#6987,#6988,
    #7009,#7010,#7011,#7012,#7013,#7014,#7015,#7016));
#6918 = ORIENTED_EDGE('',*,*,#3205,.F.);
#6919 = ORIENTED_EDGE('',*,*,#3101,.F.);
#6920 = ORIENTED_EDGE('',*,*,#6921,.F.);
#6921 = EDGE_CURVE('',#6922,#3081,#6924,.T.);
#6922 = VERTEX_POINT('',#6923);
#6923 = CARTESIAN_POINT('',(4.45,20.25,2.4));
#6924 = SURFACE_CURVE('',#6925,(#6929,#6935),.PCURVE_S1.);
#6925 = LINE('',#6926,#6927);
#6926 = CARTESIAN_POINT('',(1.,20.25,2.4));
#6927 = VECTOR('',#6928,1.);
#6928 = DIRECTION('',(-1.,-0.,0.));
#6929 = PCURVE('',#1695,#6930);
#6930 = DEFINITIONAL_REPRESENTATION('',(#6931),#6934);
#6931 = B_SPLINE_CURVE_WITH_KNOTS('',1,(#6932,#6933),.UNSPECIFIED.,.F.,
  .F.,(2,2),(-3.45,-1.4),.PIECEWISE_BEZIER_KNOTS.);
#6932 = CARTESIAN_POINT('',(2.05,20.55));
#6933 = CARTESIAN_POINT('',(0.,20.55));
#6934 = ( GEOMETRIC_REPRESENTATION_CONTEXT(2) 
PARAMETRIC_REPRESENTATION_CONTEXT() REPRESENTATION_CONTEXT('2D SPACE',''
  ) );
#6935 = PCURVE('',#334,#6936);
#6936 = DEFINITIONAL_REPRESENTATION('',(#6937),#6940);
#6937 = B_SPLINE_CURVE_WITH_KNOTS('',1,(#6938,#6939),.UNSPECIFIED.,.F.,
  .F.,(2,2),(-3.45,-1.4),.PIECEWISE_BEZIER_KNOTS.);
#6938 = CARTESIAN_POINT('',(2.65,4.85));
#6939 = CARTESIAN_POINT('',(2.65,2.8));
#6940 = ( GEOMETRIC_REPRESENTATION_CONTEXT(2) 
PARAMETRIC_REPRESENTATION_CONTEXT() REPRESENTATION_CONTEXT('2D SPACE',''
  ) );
#6941 = ORIENTED_EDGE('',*,*,#6942,.F.);
#6942 = EDGE_CURVE('',#6943,#6922,#6945,.T.);
#6943 = VERTEX_POINT('',#6944);
#6944 = CARTESIAN_POINT('',(4.45,9.75,2.4));
#6945 = SURFACE_CURVE('',#6946,(#6950,#6956),.PCURVE_S1.);
#6946 = LINE('',#6947,#6948);
#6947 = CARTESIAN_POINT('',(4.45,4.725,2.4));
#6948 = VECTOR('',#6949,1.);
#6949 = DIRECTION('',(-0.,1.,0.));
#6950 = PCURVE('',#1695,#6951);
#6951 = DEFINITIONAL_REPRESENTATION('',(#6952),#6955);
#6952 = B_SPLINE_CURVE_WITH_KNOTS('',1,(#6953,#6954),.UNSPECIFIED.,.F.,
  .F.,(2,2),(5.025,15.525),.PIECEWISE_BEZIER_KNOTS.);
#6953 = CARTESIAN_POINT('',(2.05,10.05));
#6954 = CARTESIAN_POINT('',(2.05,20.55));
#6955 = ( GEOMETRIC_REPRESENTATION_CONTEXT(2) 
PARAMETRIC_REPRESENTATION_CONTEXT() REPRESENTATION_CONTEXT('2D SPACE',''
  ) );
#6956 = PCURVE('',#6957,#6962);
#6957 = PLANE('',#6958);
#6958 = AXIS2_PLACEMENT_3D('',#6959,#6960,#6961);
#6959 = CARTESIAN_POINT('',(4.45,9.75,-0.25));
#6960 = DIRECTION('',(1.,0.,-0.));
#6961 = DIRECTION('',(0.,0.,1.));
#6962 = DEFINITIONAL_REPRESENTATION('',(#6963),#6966);
#6963 = B_SPLINE_CURVE_WITH_KNOTS('',1,(#6964,#6965),.UNSPECIFIED.,.F.,
  .F.,(2,2),(5.025,15.525),.PIECEWISE_BEZIER_KNOTS.);
#6964 = CARTESIAN_POINT('',(2.65,0.));
#6965 = CARTESIAN_POINT('',(2.65,-10.5));
#6966 = ( GEOMETRIC_REPRESENTATION_CONTEXT(2) 
PARAMETRIC_REPRESENTATION_CONTEXT() REPRESENTATION_CONTEXT('2D SPACE',''
  ) );
#6967 = ORIENTED_EDGE('',*,*,#6968,.T.);
#6968 = EDGE_CURVE('',#6943,#3016,#6969,.T.);
#6969 = SURFACE_CURVE('',#6970,(#6974,#6980),.PCURVE_S1.);
#6970 = LINE('',#6971,#6972);
#6971 = CARTESIAN_POINT('',(1.,9.75,2.4));
#6972 = VECTOR('',#6973,1.);
#6973 = DIRECTION('',(-1.,-0.,0.));
#6974 = PCURVE('',#1695,#6975);
#6975 = DEFINITIONAL_REPRESENTATION('',(#6976),#6979);
#6976 = B_SPLINE_CURVE_WITH_KNOTS('',1,(#6977,#6978),.UNSPECIFIED.,.F.,
  .F.,(2,2),(-3.45,-1.4),.PIECEWISE_BEZIER_KNOTS.);
#6977 = CARTESIAN_POINT('',(2.05,10.05));
#6978 = CARTESIAN_POINT('',(0.,10.05));
#6979 = ( GEOMETRIC_REPRESENTATION_CONTEXT(2) 
PARAMETRIC_REPRESENTATION_CONTEXT() REPRESENTATION_CONTEXT('2D SPACE',''
  ) );
#6980 = PCURVE('',#282,#6981);
#6981 = DEFINITIONAL_REPRESENTATION('',(#6982),#6985);
#6982 = B_SPLINE_CURVE_WITH_KNOTS('',1,(#6983,#6984),.UNSPECIFIED.,.F.,
  .F.,(2,2),(-3.45,-1.4),.PIECEWISE_BEZIER_KNOTS.);
#6983 = CARTESIAN_POINT('',(2.65,4.85));
#6984 = CARTESIAN_POINT('',(2.65,2.8));
#6985 = ( GEOMETRIC_REPRESENTATION_CONTEXT(2) 
PARAMETRIC_REPRESENTATION_CONTEXT() REPRESENTATION_CONTEXT('2D SPACE',''
  ) );
#6986 = ORIENTED_EDGE('',*,*,#3015,.F.);
#6987 = ORIENTED_EDGE('',*,*,#1679,.T.);
#6988 = ORIENTED_EDGE('',*,*,#6989,.T.);
#6989 = EDGE_CURVE('',#1650,#4625,#6990,.T.);
#6990 = SURFACE_CURVE('',#6991,(#6995,#7002),.PCURVE_S1.);
#6991 = LINE('',#6992,#6993);
#6992 = CARTESIAN_POINT('',(117.6,-0.3,2.4));
#6993 = VECTOR('',#6994,1.);
#6994 = DIRECTION('',(-0.,1.,0.));
#6995 = PCURVE('',#1695,#6996);
#6996 = DEFINITIONAL_REPRESENTATION('',(#6997),#7001);
#6997 = LINE('',#6998,#6999);
#6998 = CARTESIAN_POINT('',(115.2,0.));
#6999 = VECTOR('',#7000,1.);
#7000 = DIRECTION('',(0.,1.));
#7001 = ( GEOMETRIC_REPRESENTATION_CONTEXT(2) 
PARAMETRIC_REPRESENTATION_CONTEXT() REPRESENTATION_CONTEXT('2D SPACE',''
  ) );
#7002 = PCURVE('',#1667,#7003);
#7003 = DEFINITIONAL_REPRESENTATION('',(#7004),#7008);
#7004 = LINE('',#7005,#7006);
#7005 = CARTESIAN_POINT('',(0.,0.));
#7006 = VECTOR('',#7007,1.);
#7007 = DIRECTION('',(0.,-1.));
#7008 = ( GEOMETRIC_REPRESENTATION_CONTEXT(2) 
PARAMETRIC_REPRESENTATION_CONTEXT() REPRESENTATION_CONTEXT('2D SPACE',''
  ) );
#7009 = ORIENTED_EDGE('',*,*,#4647,.F.);
#7010 = ORIENTED_EDGE('',*,*,#4310,.F.);
#7011 = ORIENTED_EDGE('',*,*,#6717,.T.);
#7012 = ORIENTED_EDGE('',*,*,#4430,.T.);
#7013 = ORIENTED_EDGE('',*,*,#4184,.F.);
#7014 = ORIENTED_EDGE('',*,*,#3893,.F.);
#7015 = ORIENTED_EDGE('',*,*,#6766,.T.);
#7016 = ORIENTED_EDGE('',*,*,#4013,.T.);
#7017 = FACE_BOUND('',#7018,.T.);
#7018 = EDGE_LOOP('',(#7019));
#7019 = ORIENTED_EDGE('',*,*,#7020,.F.);
#7020 = EDGE_CURVE('',#7021,#7021,#7023,.T.);
#7021 = VERTEX_POINT('',#7022);
#7022 = CARTESIAN_POINT('',(99.,18.,2.4));
#7023 = SURFACE_CURVE('',#7024,(#7029,#7036),.PCURVE_S1.);
#7024 = CIRCLE('',#7025,7.);
#7025 = AXIS2_PLACEMENT_3D('',#7026,#7027,#7028);
#7026 = CARTESIAN_POINT('',(92.,18.,2.4));
#7027 = DIRECTION('',(0.,0.,1.));
#7028 = DIRECTION('',(1.,0.,-0.));
#7029 = PCURVE('',#1695,#7030);
#7030 = DEFINITIONAL_REPRESENTATION('',(#7031),#7035);
#7031 = CIRCLE('',#7032,7.);
#7032 = AXIS2_PLACEMENT_2D('',#7033,#7034);
#7033 = CARTESIAN_POINT('',(89.6,18.3));
#7034 = DIRECTION('',(1.,0.));
#7035 = ( GEOMETRIC_REPRESENTATION_CONTEXT(2) 
PARAMETRIC_REPRESENTATION_CONTEXT() REPRESENTATION_CONTEXT('2D SPACE',''
  ) );
#7036 = PCURVE('',#7037,#7042);
#7037 = CYLINDRICAL_SURFACE('',#7038,7.);
#7038 = AXIS2_PLACEMENT_3D('',#7039,#7040,#7041);
#7039 = CARTESIAN_POINT('',(92.,18.,-5.5));
#7040 = DIRECTION('',(0.,0.,1.));
#7041 = DIRECTION('',(1.,0.,-0.));
#7042 = DEFINITIONAL_REPRESENTATION('',(#7043),#7047);
#7043 = LINE('',#7044,#7045);
#7044 = CARTESIAN_POINT('',(0.,7.9));
#7045 = VECTOR('',#7046,1.);
#7046 = DIRECTION('',(1.,0.));
#7047 = ( GEOMETRIC_REPRESENTATION_CONTEXT(2) 
PARAMETRIC_REPRESENTATION_CONTEXT() REPRESENTATION_CONTEXT('2D SPACE',''
  ) );
#7048 = FACE_BOUND('',#7049,.T.);
#7049 = EDGE_LOOP('',(#7050));
#7050 = ORIENTED_EDGE('',*,*,#7051,.F.);
#7051 = EDGE_CURVE('',#7052,#7052,#7054,.T.);
#7052 = VERTEX_POINT('',#7053);
#7053 = CARTESIAN_POINT('',(115.,18.,2.4));
#7054 = SURFACE_CURVE('',#7055,(#7060,#7067),.PCURVE_S1.);
#7055 = CIRCLE('',#7056,7.);
#7056 = AXIS2_PLACEMENT_3D('',#7057,#7058,#7059);
#7057 = CARTESIAN_POINT('',(108.,18.,2.4));
#7058 = DIRECTION('',(0.,0.,1.));
#7059 = DIRECTION('',(1.,0.,-0.));
#7060 = PCURVE('',#1695,#7061);
#7061 = DEFINITIONAL_REPRESENTATION('',(#7062),#7066);
#7062 = CIRCLE('',#7063,7.);
#7063 = AXIS2_PLACEMENT_2D('',#7064,#7065);
#7064 = CARTESIAN_POINT('',(105.6,18.3));
#7065 = DIRECTION('',(1.,0.));
#7066 = ( GEOMETRIC_REPRESENTATION_CONTEXT(2) 
PARAMETRIC_REPRESENTATION_CONTEXT() REPRESENTATION_CONTEXT('2D SPACE',''
  ) );
#7067 = PCURVE('',#7068,#7073);
#7068 = CYLINDRICAL_SURFACE('',#7069,7.);
#7069 = AXIS2_PLACEMENT_3D('',#7070,#7071,#7072);
#7070 = CARTESIAN_POINT('',(108.,18.,-5.5));
#7071 = DIRECTION('',(0.,0.,1.));
#7072 = DIRECTION('',(1.,0.,-0.));
#7073 = DEFINITIONAL_REPRESENTATION('',(#7074),#7078);
#7074 = LINE('',#7075,#7076);
#7075 = CARTESIAN_POINT('',(0.,7.9));
#7076 = VECTOR('',#7077,1.);
#7077 = DIRECTION('',(1.,0.));
#7078 = ( GEOMETRIC_REPRESENTATION_CONTEXT(2) 
PARAMETRIC_REPRESENTATION_CONTEXT() REPRESENTATION_CONTEXT('2D SPACE',''
  ) );
#7079 = ADVANCED_FACE('',(#7080),#7068,.T.);
#7080 = FACE_BOUND('',#7081,.T.);
#7081 = EDGE_LOOP('',(#7082,#7105,#7132,#7133));
#7082 = ORIENTED_EDGE('',*,*,#7083,.T.);
#7083 = EDGE_CURVE('',#7052,#7084,#7086,.T.);
#7084 = VERTEX_POINT('',#7085);
#7085 = CARTESIAN_POINT('',(115.,18.,2.7));
#7086 = SEAM_CURVE('',#7087,(#7091,#7098),.PCURVE_S1.);
#7087 = LINE('',#7088,#7089);
#7088 = CARTESIAN_POINT('',(115.,18.,-5.5));
#7089 = VECTOR('',#7090,1.);
#7090 = DIRECTION('',(0.,0.,1.));
#7091 = PCURVE('',#7068,#7092);
#7092 = DEFINITIONAL_REPRESENTATION('',(#7093),#7097);
#7093 = LINE('',#7094,#7095);
#7094 = CARTESIAN_POINT('',(6.28318530718,-0.));
#7095 = VECTOR('',#7096,1.);
#7096 = DIRECTION('',(0.,1.));
#7097 = ( GEOMETRIC_REPRESENTATION_CONTEXT(2) 
PARAMETRIC_REPRESENTATION_CONTEXT() REPRESENTATION_CONTEXT('2D SPACE',''
  ) );
#7098 = PCURVE('',#7068,#7099);
#7099 = DEFINITIONAL_REPRESENTATION('',(#7100),#7104);
#7100 = LINE('',#7101,#7102);
#7101 = CARTESIAN_POINT('',(0.,-0.));
#7102 = VECTOR('',#7103,1.);
#7103 = DIRECTION('',(0.,1.));
#7104 = ( GEOMETRIC_REPRESENTATION_CONTEXT(2) 
PARAMETRIC_REPRESENTATION_CONTEXT() REPRESENTATION_CONTEXT('2D SPACE',''
  ) );
#7105 = ORIENTED_EDGE('',*,*,#7106,.F.);
#7106 = EDGE_CURVE('',#7084,#7084,#7107,.T.);
#7107 = SURFACE_CURVE('',#7108,(#7113,#7120),.PCURVE_S1.);
#7108 = CIRCLE('',#7109,7.);
#7109 = AXIS2_PLACEMENT_3D('',#7110,#7111,#7112);
#7110 = CARTESIAN_POINT('',(108.,18.,2.7));
#7111 = DIRECTION('',(0.,0.,1.));
#7112 = DIRECTION('',(1.,0.,-0.));
#7113 = PCURVE('',#7068,#7114);
#7114 = DEFINITIONAL_REPRESENTATION('',(#7115),#7119);
#7115 = LINE('',#7116,#7117);
#7116 = CARTESIAN_POINT('',(0.,8.2));
#7117 = VECTOR('',#7118,1.);
#7118 = DIRECTION('',(1.,0.));
#7119 = ( GEOMETRIC_REPRESENTATION_CONTEXT(2) 
PARAMETRIC_REPRESENTATION_CONTEXT() REPRESENTATION_CONTEXT('2D SPACE',''
  ) );
#7120 = PCURVE('',#7121,#7126);
#7121 = PLANE('',#7122);
#7122 = AXIS2_PLACEMENT_3D('',#7123,#7124,#7125);
#7123 = CARTESIAN_POINT('',(108.,18.,2.7));
#7124 = DIRECTION('',(0.,0.,1.));
#7125 = DIRECTION('',(1.,0.,-0.));
#7126 = DEFINITIONAL_REPRESENTATION('',(#7127),#7131);
#7127 = CIRCLE('',#7128,7.);
#7128 = AXIS2_PLACEMENT_2D('',#7129,#7130);
#7129 = CARTESIAN_POINT('',(0.,0.));
#7130 = DIRECTION('',(1.,0.));
#7131 = ( GEOMETRIC_REPRESENTATION_CONTEXT(2) 
PARAMETRIC_REPRESENTATION_CONTEXT() REPRESENTATION_CONTEXT('2D SPACE',''
  ) );
#7132 = ORIENTED_EDGE('',*,*,#7083,.F.);
#7133 = ORIENTED_EDGE('',*,*,#7051,.T.);
#7134 = ADVANCED_FACE('',(#7135,#7138),#7121,.T.);
#7135 = FACE_BOUND('',#7136,.T.);
#7136 = EDGE_LOOP('',(#7137));
#7137 = ORIENTED_EDGE('',*,*,#7106,.T.);
#7138 = FACE_BOUND('',#7139,.T.);
#7139 = EDGE_LOOP('',(#7140));
#7140 = ORIENTED_EDGE('',*,*,#7141,.F.);
#7141 = EDGE_CURVE('',#7142,#7142,#7144,.T.);
#7142 = VERTEX_POINT('',#7143);
#7143 = CARTESIAN_POINT('',(112.25,18.,2.7));
#7144 = SURFACE_CURVE('',#7145,(#7150,#7157),.PCURVE_S1.);
#7145 = CIRCLE('',#7146,4.25);
#7146 = AXIS2_PLACEMENT_3D('',#7147,#7148,#7149);
#7147 = CARTESIAN_POINT('',(108.,18.,2.7));
#7148 = DIRECTION('',(0.,0.,1.));
#7149 = DIRECTION('',(1.,0.,-0.));
#7150 = PCURVE('',#7121,#7151);
#7151 = DEFINITIONAL_REPRESENTATION('',(#7152),#7156);
#7152 = CIRCLE('',#7153,4.25);
#7153 = AXIS2_PLACEMENT_2D('',#7154,#7155);
#7154 = CARTESIAN_POINT('',(0.,0.));
#7155 = DIRECTION('',(1.,0.));
#7156 = ( GEOMETRIC_REPRESENTATION_CONTEXT(2) 
PARAMETRIC_REPRESENTATION_CONTEXT() REPRESENTATION_CONTEXT('2D SPACE',''
  ) );
#7157 = PCURVE('',#7158,#7163);
#7158 = CYLINDRICAL_SURFACE('',#7159,4.25);
#7159 = AXIS2_PLACEMENT_3D('',#7160,#7161,#7162);
#7160 = CARTESIAN_POINT('',(108.,18.,-5.8));
#7161 = DIRECTION('',(0.,0.,1.));
#7162 = DIRECTION('',(1.,0.,-0.));
#7163 = DEFINITIONAL_REPRESENTATION('',(#7164),#7168);
#7164 = LINE('',#7165,#7166);
#7165 = CARTESIAN_POINT('',(0.,8.5));
#7166 = VECTOR('',#7167,1.);
#7167 = DIRECTION('',(1.,0.));
#7168 = ( GEOMETRIC_REPRESENTATION_CONTEXT(2) 
PARAMETRIC_REPRESENTATION_CONTEXT() REPRESENTATION_CONTEXT('2D SPACE',''
  ) );
#7169 = ADVANCED_FACE('',(#7170),#7158,.F.);
#7170 = FACE_BOUND('',#7171,.F.);
#7171 = EDGE_LOOP('',(#7172,#7173,#7196,#7223));
#7172 = ORIENTED_EDGE('',*,*,#7141,.F.);
#7173 = ORIENTED_EDGE('',*,*,#7174,.F.);
#7174 = EDGE_CURVE('',#7175,#7142,#7177,.T.);
#7175 = VERTEX_POINT('',#7176);
#7176 = CARTESIAN_POINT('',(112.25,18.,-5.5));
#7177 = SEAM_CURVE('',#7178,(#7182,#7189),.PCURVE_S1.);
#7178 = LINE('',#7179,#7180);
#7179 = CARTESIAN_POINT('',(112.25,18.,-5.8));
#7180 = VECTOR('',#7181,1.);
#7181 = DIRECTION('',(0.,0.,1.));
#7182 = PCURVE('',#7158,#7183);
#7183 = DEFINITIONAL_REPRESENTATION('',(#7184),#7188);
#7184 = LINE('',#7185,#7186);
#7185 = CARTESIAN_POINT('',(6.28318530718,-0.));
#7186 = VECTOR('',#7187,1.);
#7187 = DIRECTION('',(0.,1.));
#7188 = ( GEOMETRIC_REPRESENTATION_CONTEXT(2) 
PARAMETRIC_REPRESENTATION_CONTEXT() REPRESENTATION_CONTEXT('2D SPACE',''
  ) );
#7189 = PCURVE('',#7158,#7190);
#7190 = DEFINITIONAL_REPRESENTATION('',(#7191),#7195);
#7191 = LINE('',#7192,#7193);
#7192 = CARTESIAN_POINT('',(0.,-0.));
#7193 = VECTOR('',#7194,1.);
#7194 = DIRECTION('',(0.,1.));
#7195 = ( GEOMETRIC_REPRESENTATION_CONTEXT(2) 
PARAMETRIC_REPRESENTATION_CONTEXT() REPRESENTATION_CONTEXT('2D SPACE',''
  ) );
#7196 = ORIENTED_EDGE('',*,*,#7197,.T.);
#7197 = EDGE_CURVE('',#7175,#7175,#7198,.T.);
#7198 = SURFACE_CURVE('',#7199,(#7204,#7211),.PCURVE_S1.);
#7199 = CIRCLE('',#7200,4.25);
#7200 = AXIS2_PLACEMENT_3D('',#7201,#7202,#7203);
#7201 = CARTESIAN_POINT('',(108.,18.,-5.5));
#7202 = DIRECTION('',(0.,0.,1.));
#7203 = DIRECTION('',(1.,0.,-0.));
#7204 = PCURVE('',#7158,#7205);
#7205 = DEFINITIONAL_REPRESENTATION('',(#7206),#7210);
#7206 = LINE('',#7207,#7208);
#7207 = CARTESIAN_POINT('',(0.,0.3));
#7208 = VECTOR('',#7209,1.);
#7209 = DIRECTION('',(1.,0.));
#7210 = ( GEOMETRIC_REPRESENTATION_CONTEXT(2) 
PARAMETRIC_REPRESENTATION_CONTEXT() REPRESENTATION_CONTEXT('2D SPACE',''
  ) );
#7211 = PCURVE('',#7212,#7217);
#7212 = PLANE('',#7213);
#7213 = AXIS2_PLACEMENT_3D('',#7214,#7215,#7216);
#7214 = CARTESIAN_POINT('',(108.,18.,-5.5));
#7215 = DIRECTION('',(0.,0.,1.));
#7216 = DIRECTION('',(1.,0.,-0.));
#7217 = DEFINITIONAL_REPRESENTATION('',(#7218),#7222);
#7218 = CIRCLE('',#7219,4.25);
#7219 = AXIS2_PLACEMENT_2D('',#7220,#7221);
#7220 = CARTESIAN_POINT('',(0.,0.));
#7221 = DIRECTION('',(1.,0.));
#7222 = ( GEOMETRIC_REPRESENTATION_CONTEXT(2) 
PARAMETRIC_REPRESENTATION_CONTEXT() REPRESENTATION_CONTEXT('2D SPACE',''
  ) );
#7223 = ORIENTED_EDGE('',*,*,#7174,.T.);
#7224 = ADVANCED_FACE('',(#7225,#7256),#7212,.F.);
#7225 = FACE_BOUND('',#7226,.F.);
#7226 = EDGE_LOOP('',(#7227));
#7227 = ORIENTED_EDGE('',*,*,#7228,.T.);
#7228 = EDGE_CURVE('',#7229,#7229,#7231,.T.);
#7229 = VERTEX_POINT('',#7230);
#7230 = CARTESIAN_POINT('',(115.,18.,-5.5));
#7231 = SURFACE_CURVE('',#7232,(#7237,#7244),.PCURVE_S1.);
#7232 = CIRCLE('',#7233,7.);
#7233 = AXIS2_PLACEMENT_3D('',#7234,#7235,#7236);
#7234 = CARTESIAN_POINT('',(108.,18.,-5.5));
#7235 = DIRECTION('',(0.,0.,1.));
#7236 = DIRECTION('',(1.,0.,-0.));
#7237 = PCURVE('',#7212,#7238);
#7238 = DEFINITIONAL_REPRESENTATION('',(#7239),#7243);
#7239 = CIRCLE('',#7240,7.);
#7240 = AXIS2_PLACEMENT_2D('',#7241,#7242);
#7241 = CARTESIAN_POINT('',(0.,0.));
#7242 = DIRECTION('',(1.,0.));
#7243 = ( GEOMETRIC_REPRESENTATION_CONTEXT(2) 
PARAMETRIC_REPRESENTATION_CONTEXT() REPRESENTATION_CONTEXT('2D SPACE',''
  ) );
#7244 = PCURVE('',#7245,#7250);
#7245 = CYLINDRICAL_SURFACE('',#7246,7.);
#7246 = AXIS2_PLACEMENT_3D('',#7247,#7248,#7249);
#7247 = CARTESIAN_POINT('',(108.,18.,-5.5));
#7248 = DIRECTION('',(0.,0.,1.));
#7249 = DIRECTION('',(1.,0.,-0.));
#7250 = DEFINITIONAL_REPRESENTATION('',(#7251),#7255);
#7251 = LINE('',#7252,#7253);
#7252 = CARTESIAN_POINT('',(0.,0.));
#7253 = VECTOR('',#7254,1.);
#7254 = DIRECTION('',(1.,0.));
#7255 = ( GEOMETRIC_REPRESENTATION_CONTEXT(2) 
PARAMETRIC_REPRESENTATION_CONTEXT() REPRESENTATION_CONTEXT('2D SPACE',''
  ) );
#7256 = FACE_BOUND('',#7257,.F.);
#7257 = EDGE_LOOP('',(#7258));
#7258 = ORIENTED_EDGE('',*,*,#7197,.F.);
#7259 = ADVANCED_FACE('',(#7260),#7245,.T.);
#7260 = FACE_BOUND('',#7261,.T.);
#7261 = EDGE_LOOP('',(#7262,#7286,#7307,#7308));
#7262 = ORIENTED_EDGE('',*,*,#7263,.F.);
#7263 = EDGE_CURVE('',#7264,#7264,#7266,.T.);
#7264 = VERTEX_POINT('',#7265);
#7265 = CARTESIAN_POINT('',(115.,18.,0.));
#7266 = SURFACE_CURVE('',#7267,(#7272,#7279),.PCURVE_S1.);
#7267 = CIRCLE('',#7268,7.);
#7268 = AXIS2_PLACEMENT_3D('',#7269,#7270,#7271);
#7269 = CARTESIAN_POINT('',(108.,18.,0.));
#7270 = DIRECTION('',(0.,0.,1.));
#7271 = DIRECTION('',(1.,0.,-0.));
#7272 = PCURVE('',#7245,#7273);
#7273 = DEFINITIONAL_REPRESENTATION('',(#7274),#7278);
#7274 = LINE('',#7275,#7276);
#7275 = CARTESIAN_POINT('',(0.,5.5));
#7276 = VECTOR('',#7277,1.);
#7277 = DIRECTION('',(1.,0.));
#7278 = ( GEOMETRIC_REPRESENTATION_CONTEXT(2) 
PARAMETRIC_REPRESENTATION_CONTEXT() REPRESENTATION_CONTEXT('2D SPACE',''
  ) );
#7279 = PCURVE('',#255,#7280);
#7280 = DEFINITIONAL_REPRESENTATION('',(#7281),#7285);
#7281 = CIRCLE('',#7282,7.);
#7282 = AXIS2_PLACEMENT_2D('',#7283,#7284);
#7283 = CARTESIAN_POINT('',(108.,54.));
#7284 = DIRECTION('',(1.,0.));
#7285 = ( GEOMETRIC_REPRESENTATION_CONTEXT(2) 
PARAMETRIC_REPRESENTATION_CONTEXT() REPRESENTATION_CONTEXT('2D SPACE',''
  ) );
#7286 = ORIENTED_EDGE('',*,*,#7287,.F.);
#7287 = EDGE_CURVE('',#7229,#7264,#7288,.T.);
#7288 = SEAM_CURVE('',#7289,(#7293,#7300),.PCURVE_S1.);
#7289 = LINE('',#7290,#7291);
#7290 = CARTESIAN_POINT('',(115.,18.,-5.5));
#7291 = VECTOR('',#7292,1.);
#7292 = DIRECTION('',(0.,0.,1.));
#7293 = PCURVE('',#7245,#7294);
#7294 = DEFINITIONAL_REPRESENTATION('',(#7295),#7299);
#7295 = LINE('',#7296,#7297);
#7296 = CARTESIAN_POINT('',(6.28318530718,-0.));
#7297 = VECTOR('',#7298,1.);
#7298 = DIRECTION('',(0.,1.));
#7299 = ( GEOMETRIC_REPRESENTATION_CONTEXT(2) 
PARAMETRIC_REPRESENTATION_CONTEXT() REPRESENTATION_CONTEXT('2D SPACE',''
  ) );
#7300 = PCURVE('',#7245,#7301);
#7301 = DEFINITIONAL_REPRESENTATION('',(#7302),#7306);
#7302 = LINE('',#7303,#7304);
#7303 = CARTESIAN_POINT('',(0.,-0.));
#7304 = VECTOR('',#7305,1.);
#7305 = DIRECTION('',(0.,1.));
#7306 = ( GEOMETRIC_REPRESENTATION_CONTEXT(2) 
PARAMETRIC_REPRESENTATION_CONTEXT() REPRESENTATION_CONTEXT('2D SPACE',''
  ) );
#7307 = ORIENTED_EDGE('',*,*,#7228,.T.);
#7308 = ORIENTED_EDGE('',*,*,#7287,.T.);
#7309 = ADVANCED_FACE('',(#7310),#7037,.T.);
#7310 = FACE_BOUND('',#7311,.T.);
#7311 = EDGE_LOOP('',(#7312,#7335,#7362,#7363));
#7312 = ORIENTED_EDGE('',*,*,#7313,.T.);
#7313 = EDGE_CURVE('',#7021,#7314,#7316,.T.);
#7314 = VERTEX_POINT('',#7315);
#7315 = CARTESIAN_POINT('',(99.,18.,2.7));
#7316 = SEAM_CURVE('',#7317,(#7321,#7328),.PCURVE_S1.);
#7317 = LINE('',#7318,#7319);
#7318 = CARTESIAN_POINT('',(99.,18.,-5.5));
#7319 = VECTOR('',#7320,1.);
#7320 = DIRECTION('',(0.,0.,1.));
#7321 = PCURVE('',#7037,#7322);
#7322 = DEFINITIONAL_REPRESENTATION('',(#7323),#7327);
#7323 = LINE('',#7324,#7325);
#7324 = CARTESIAN_POINT('',(6.28318530718,-0.));
#7325 = VECTOR('',#7326,1.);
#7326 = DIRECTION('',(0.,1.));
#7327 = ( GEOMETRIC_REPRESENTATION_CONTEXT(2) 
PARAMETRIC_REPRESENTATION_CONTEXT() REPRESENTATION_CONTEXT('2D SPACE',''
  ) );
#7328 = PCURVE('',#7037,#7329);
#7329 = DEFINITIONAL_REPRESENTATION('',(#7330),#7334);
#7330 = LINE('',#7331,#7332);
#7331 = CARTESIAN_POINT('',(0.,-0.));
#7332 = VECTOR('',#7333,1.);
#7333 = DIRECTION('',(0.,1.));
#7334 = ( GEOMETRIC_REPRESENTATION_CONTEXT(2) 
PARAMETRIC_REPRESENTATION_CONTEXT() REPRESENTATION_CONTEXT('2D SPACE',''
  ) );
#7335 = ORIENTED_EDGE('',*,*,#7336,.F.);
#7336 = EDGE_CURVE('',#7314,#7314,#7337,.T.);
#7337 = SURFACE_CURVE('',#7338,(#7343,#7350),.PCURVE_S1.);
#7338 = CIRCLE('',#7339,7.);
#7339 = AXIS2_PLACEMENT_3D('',#7340,#7341,#7342);
#7340 = CARTESIAN_POINT('',(92.,18.,2.7));
#7341 = DIRECTION('',(0.,0.,1.));
#7342 = DIRECTION('',(1.,0.,-0.));
#7343 = PCURVE('',#7037,#7344);
#7344 = DEFINITIONAL_REPRESENTATION('',(#7345),#7349);
#7345 = LINE('',#7346,#7347);
#7346 = CARTESIAN_POINT('',(0.,8.2));
#7347 = VECTOR('',#7348,1.);
#7348 = DIRECTION('',(1.,0.));
#7349 = ( GEOMETRIC_REPRESENTATION_CONTEXT(2) 
PARAMETRIC_REPRESENTATION_CONTEXT() REPRESENTATION_CONTEXT('2D SPACE',''
  ) );
#7350 = PCURVE('',#7351,#7356);
#7351 = PLANE('',#7352);
#7352 = AXIS2_PLACEMENT_3D('',#7353,#7354,#7355);
#7353 = CARTESIAN_POINT('',(92.,18.,2.7));
#7354 = DIRECTION('',(0.,0.,1.));
#7355 = DIRECTION('',(1.,0.,-0.));
#7356 = DEFINITIONAL_REPRESENTATION('',(#7357),#7361);
#7357 = CIRCLE('',#7358,7.);
#7358 = AXIS2_PLACEMENT_2D('',#7359,#7360);
#7359 = CARTESIAN_POINT('',(0.,0.));
#7360 = DIRECTION('',(1.,0.));
#7361 = ( GEOMETRIC_REPRESENTATION_CONTEXT(2) 
PARAMETRIC_REPRESENTATION_CONTEXT() REPRESENTATION_CONTEXT('2D SPACE',''
  ) );
#7362 = ORIENTED_EDGE('',*,*,#7313,.F.);
#7363 = ORIENTED_EDGE('',*,*,#7020,.T.);
#7364 = ADVANCED_FACE('',(#7365,#7368),#7351,.T.);
#7365 = FACE_BOUND('',#7366,.T.);
#7366 = EDGE_LOOP('',(#7367));
#7367 = ORIENTED_EDGE('',*,*,#7336,.T.);
#7368 = FACE_BOUND('',#7369,.T.);
#7369 = EDGE_LOOP('',(#7370));
#7370 = ORIENTED_EDGE('',*,*,#7371,.F.);
#7371 = EDGE_CURVE('',#7372,#7372,#7374,.T.);
#7372 = VERTEX_POINT('',#7373);
#7373 = CARTESIAN_POINT('',(96.25,18.,2.7));
#7374 = SURFACE_CURVE('',#7375,(#7380,#7387),.PCURVE_S1.);
#7375 = CIRCLE('',#7376,4.25);
#7376 = AXIS2_PLACEMENT_3D('',#7377,#7378,#7379);
#7377 = CARTESIAN_POINT('',(92.,18.,2.7));
#7378 = DIRECTION('',(0.,0.,1.));
#7379 = DIRECTION('',(1.,0.,-0.));
#7380 = PCURVE('',#7351,#7381);
#7381 = DEFINITIONAL_REPRESENTATION('',(#7382),#7386);
#7382 = CIRCLE('',#7383,4.25);
#7383 = AXIS2_PLACEMENT_2D('',#7384,#7385);
#7384 = CARTESIAN_POINT('',(0.,0.));
#7385 = DIRECTION('',(1.,0.));
#7386 = ( GEOMETRIC_REPRESENTATION_CONTEXT(2) 
PARAMETRIC_REPRESENTATION_CONTEXT() REPRESENTATION_CONTEXT('2D SPACE',''
  ) );
#7387 = PCURVE('',#7388,#7393);
#7388 = CYLINDRICAL_SURFACE('',#7389,4.25);
#7389 = AXIS2_PLACEMENT_3D('',#7390,#7391,#7392);
#7390 = CARTESIAN_POINT('',(92.,18.,-5.8));
#7391 = DIRECTION('',(0.,0.,1.));
#7392 = DIRECTION('',(1.,0.,-0.));
#7393 = DEFINITIONAL_REPRESENTATION('',(#7394),#7398);
#7394 = LINE('',#7395,#7396);
#7395 = CARTESIAN_POINT('',(0.,8.5));
#7396 = VECTOR('',#7397,1.);
#7397 = DIRECTION('',(1.,0.));
#7398 = ( GEOMETRIC_REPRESENTATION_CONTEXT(2) 
PARAMETRIC_REPRESENTATION_CONTEXT() REPRESENTATION_CONTEXT('2D SPACE',''
  ) );
#7399 = ADVANCED_FACE('',(#7400),#7388,.F.);
#7400 = FACE_BOUND('',#7401,.F.);
#7401 = EDGE_LOOP('',(#7402,#7403,#7426,#7453));
#7402 = ORIENTED_EDGE('',*,*,#7371,.F.);
#7403 = ORIENTED_EDGE('',*,*,#7404,.F.);
#7404 = EDGE_CURVE('',#7405,#7372,#7407,.T.);
#7405 = VERTEX_POINT('',#7406);
#7406 = CARTESIAN_POINT('',(96.25,18.,-5.5));
#7407 = SEAM_CURVE('',#7408,(#7412,#7419),.PCURVE_S1.);
#7408 = LINE('',#7409,#7410);
#7409 = CARTESIAN_POINT('',(96.25,18.,-5.8));
#7410 = VECTOR('',#7411,1.);
#7411 = DIRECTION('',(0.,0.,1.));
#7412 = PCURVE('',#7388,#7413);
#7413 = DEFINITIONAL_REPRESENTATION('',(#7414),#7418);
#7414 = LINE('',#7415,#7416);
#7415 = CARTESIAN_POINT('',(6.28318530718,-0.));
#7416 = VECTOR('',#7417,1.);
#7417 = DIRECTION('',(0.,1.));
#7418 = ( GEOMETRIC_REPRESENTATION_CONTEXT(2) 
PARAMETRIC_REPRESENTATION_CONTEXT() REPRESENTATION_CONTEXT('2D SPACE',''
  ) );
#7419 = PCURVE('',#7388,#7420);
#7420 = DEFINITIONAL_REPRESENTATION('',(#7421),#7425);
#7421 = LINE('',#7422,#7423);
#7422 = CARTESIAN_POINT('',(0.,-0.));
#7423 = VECTOR('',#7424,1.);
#7424 = DIRECTION('',(0.,1.));
#7425 = ( GEOMETRIC_REPRESENTATION_CONTEXT(2) 
PARAMETRIC_REPRESENTATION_CONTEXT() REPRESENTATION_CONTEXT('2D SPACE',''
  ) );
#7426 = ORIENTED_EDGE('',*,*,#7427,.T.);
#7427 = EDGE_CURVE('',#7405,#7405,#7428,.T.);
#7428 = SURFACE_CURVE('',#7429,(#7434,#7441),.PCURVE_S1.);
#7429 = CIRCLE('',#7430,4.25);
#7430 = AXIS2_PLACEMENT_3D('',#7431,#7432,#7433);
#7431 = CARTESIAN_POINT('',(92.,18.,-5.5));
#7432 = DIRECTION('',(0.,0.,1.));
#7433 = DIRECTION('',(1.,0.,-0.));
#7434 = PCURVE('',#7388,#7435);
#7435 = DEFINITIONAL_REPRESENTATION('',(#7436),#7440);
#7436 = LINE('',#7437,#7438);
#7437 = CARTESIAN_POINT('',(0.,0.3));
#7438 = VECTOR('',#7439,1.);
#7439 = DIRECTION('',(1.,0.));
#7440 = ( GEOMETRIC_REPRESENTATION_CONTEXT(2) 
PARAMETRIC_REPRESENTATION_CONTEXT() REPRESENTATION_CONTEXT('2D SPACE',''
  ) );
#7441 = PCURVE('',#7442,#7447);
#7442 = PLANE('',#7443);
#7443 = AXIS2_PLACEMENT_3D('',#7444,#7445,#7446);
#7444 = CARTESIAN_POINT('',(92.,18.,-5.5));
#7445 = DIRECTION('',(0.,0.,1.));
#7446 = DIRECTION('',(1.,0.,-0.));
#7447 = DEFINITIONAL_REPRESENTATION('',(#7448),#7452);
#7448 = CIRCLE('',#7449,4.25);
#7449 = AXIS2_PLACEMENT_2D('',#7450,#7451);
#7450 = CARTESIAN_POINT('',(0.,0.));
#7451 = DIRECTION('',(1.,0.));
#7452 = ( GEOMETRIC_REPRESENTATION_CONTEXT(2) 
PARAMETRIC_REPRESENTATION_CONTEXT() REPRESENTATION_CONTEXT('2D SPACE',''
  ) );
#7453 = ORIENTED_EDGE('',*,*,#7404,.T.);
#7454 = ADVANCED_FACE('',(#7455,#7486),#7442,.F.);
#7455 = FACE_BOUND('',#7456,.F.);
#7456 = EDGE_LOOP('',(#7457));
#7457 = ORIENTED_EDGE('',*,*,#7458,.T.);
#7458 = EDGE_CURVE('',#7459,#7459,#7461,.T.);
#7459 = VERTEX_POINT('',#7460);
#7460 = CARTESIAN_POINT('',(99.,18.,-5.5));
#7461 = SURFACE_CURVE('',#7462,(#7467,#7474),.PCURVE_S1.);
#7462 = CIRCLE('',#7463,7.);
#7463 = AXIS2_PLACEMENT_3D('',#7464,#7465,#7466);
#7464 = CARTESIAN_POINT('',(92.,18.,-5.5));
#7465 = DIRECTION('',(0.,0.,1.));
#7466 = DIRECTION('',(1.,0.,-0.));
#7467 = PCURVE('',#7442,#7468);
#7468 = DEFINITIONAL_REPRESENTATION('',(#7469),#7473);
#7469 = CIRCLE('',#7470,7.);
#7470 = AXIS2_PLACEMENT_2D('',#7471,#7472);
#7471 = CARTESIAN_POINT('',(0.,0.));
#7472 = DIRECTION('',(1.,0.));
#7473 = ( GEOMETRIC_REPRESENTATION_CONTEXT(2) 
PARAMETRIC_REPRESENTATION_CONTEXT() REPRESENTATION_CONTEXT('2D SPACE',''
  ) );
#7474 = PCURVE('',#7475,#7480);
#7475 = CYLINDRICAL_SURFACE('',#7476,7.);
#7476 = AXIS2_PLACEMENT_3D('',#7477,#7478,#7479);
#7477 = CARTESIAN_POINT('',(92.,18.,-5.5));
#7478 = DIRECTION('',(0.,0.,1.));
#7479 = DIRECTION('',(1.,0.,-0.));
#7480 = DEFINITIONAL_REPRESENTATION('',(#7481),#7485);
#7481 = LINE('',#7482,#7483);
#7482 = CARTESIAN_POINT('',(0.,0.));
#7483 = VECTOR('',#7484,1.);
#7484 = DIRECTION('',(1.,0.));
#7485 = ( GEOMETRIC_REPRESENTATION_CONTEXT(2) 
PARAMETRIC_REPRESENTATION_CONTEXT() REPRESENTATION_CONTEXT('2D SPACE',''
  ) );
#7486 = FACE_BOUND('',#7487,.F.);
#7487 = EDGE_LOOP('',(#7488));
#7488 = ORIENTED_EDGE('',*,*,#7427,.F.);
#7489 = ADVANCED_FACE('',(#7490),#7475,.T.);
#7490 = FACE_BOUND('',#7491,.T.);
#7491 = EDGE_LOOP('',(#7492,#7516,#7537,#7538));
#7492 = ORIENTED_EDGE('',*,*,#7493,.F.);
#7493 = EDGE_CURVE('',#7494,#7494,#7496,.T.);
#7494 = VERTEX_POINT('',#7495);
#7495 = CARTESIAN_POINT('',(99.,18.,0.));
#7496 = SURFACE_CURVE('',#7497,(#7502,#7509),.PCURVE_S1.);
#7497 = CIRCLE('',#7498,7.);
#7498 = AXIS2_PLACEMENT_3D('',#7499,#7500,#7501);
#7499 = CARTESIAN_POINT('',(92.,18.,0.));
#7500 = DIRECTION('',(0.,0.,1.));
#7501 = DIRECTION('',(1.,0.,-0.));
#7502 = PCURVE('',#7475,#7503);
#7503 = DEFINITIONAL_REPRESENTATION('',(#7504),#7508);
#7504 = LINE('',#7505,#7506);
#7505 = CARTESIAN_POINT('',(0.,5.5));
#7506 = VECTOR('',#7507,1.);
#7507 = DIRECTION('',(1.,0.));
#7508 = ( GEOMETRIC_REPRESENTATION_CONTEXT(2) 
PARAMETRIC_REPRESENTATION_CONTEXT() REPRESENTATION_CONTEXT('2D SPACE',''
  ) );
#7509 = PCURVE('',#255,#7510);
#7510 = DEFINITIONAL_REPRESENTATION('',(#7511),#7515);
#7511 = CIRCLE('',#7512,7.);
#7512 = AXIS2_PLACEMENT_2D('',#7513,#7514);
#7513 = CARTESIAN_POINT('',(92.,54.));
#7514 = DIRECTION('',(1.,0.));
#7515 = ( GEOMETRIC_REPRESENTATION_CONTEXT(2) 
PARAMETRIC_REPRESENTATION_CONTEXT() REPRESENTATION_CONTEXT('2D SPACE',''
  ) );
#7516 = ORIENTED_EDGE('',*,*,#7517,.F.);
#7517 = EDGE_CURVE('',#7459,#7494,#7518,.T.);
#7518 = SEAM_CURVE('',#7519,(#7523,#7530),.PCURVE_S1.);
#7519 = LINE('',#7520,#7521);
#7520 = CARTESIAN_POINT('',(99.,18.,-5.5));
#7521 = VECTOR('',#7522,1.);
#7522 = DIRECTION('',(0.,0.,1.));
#7523 = PCURVE('',#7475,#7524);
#7524 = DEFINITIONAL_REPRESENTATION('',(#7525),#7529);
#7525 = LINE('',#7526,#7527);
#7526 = CARTESIAN_POINT('',(6.28318530718,-0.));
#7527 = VECTOR('',#7528,1.);
#7528 = DIRECTION('',(0.,1.));
#7529 = ( GEOMETRIC_REPRESENTATION_CONTEXT(2) 
PARAMETRIC_REPRESENTATION_CONTEXT() REPRESENTATION_CONTEXT('2D SPACE',''
  ) );
#7530 = PCURVE('',#7475,#7531);
#7531 = DEFINITIONAL_REPRESENTATION('',(#7532),#7536);
#7532 = LINE('',#7533,#7534);
#7533 = CARTESIAN_POINT('',(0.,-0.));
#7534 = VECTOR('',#7535,1.);
#7535 = DIRECTION('',(0.,1.));
#7536 = ( GEOMETRIC_REPRESENTATION_CONTEXT(2) 
PARAMETRIC_REPRESENTATION_CONTEXT() REPRESENTATION_CONTEXT('2D SPACE',''
  ) );
#7537 = ORIENTED_EDGE('',*,*,#7458,.T.);
#7538 = ORIENTED_EDGE('',*,*,#7517,.T.);
#7539 = ADVANCED_FACE('',(#7540),#6957,.F.);
#7540 = FACE_BOUND('',#7541,.F.);
#7541 = EDGE_LOOP('',(#7542,#7565,#7586,#7607));
#7542 = ORIENTED_EDGE('',*,*,#7543,.F.);
#7543 = EDGE_CURVE('',#7544,#6943,#7546,.T.);
#7544 = VERTEX_POINT('',#7545);
#7545 = CARTESIAN_POINT('',(4.45,9.75,0.));
#7546 = SURFACE_CURVE('',#7547,(#7551,#7558),.PCURVE_S1.);
#7547 = LINE('',#7548,#7549);
#7548 = CARTESIAN_POINT('',(4.45,9.75,-0.25));
#7549 = VECTOR('',#7550,1.);
#7550 = DIRECTION('',(0.,0.,1.));
#7551 = PCURVE('',#6957,#7552);
#7552 = DEFINITIONAL_REPRESENTATION('',(#7553),#7557);
#7553 = LINE('',#7554,#7555);
#7554 = CARTESIAN_POINT('',(0.,0.));
#7555 = VECTOR('',#7556,1.);
#7556 = DIRECTION('',(1.,0.));
#7557 = ( GEOMETRIC_REPRESENTATION_CONTEXT(2) 
PARAMETRIC_REPRESENTATION_CONTEXT() REPRESENTATION_CONTEXT('2D SPACE',''
  ) );
#7558 = PCURVE('',#282,#7559);
#7559 = DEFINITIONAL_REPRESENTATION('',(#7560),#7564);
#7560 = LINE('',#7561,#7562);
#7561 = CARTESIAN_POINT('',(0.,4.85));
#7562 = VECTOR('',#7563,1.);
#7563 = DIRECTION('',(1.,0.));
#7564 = ( GEOMETRIC_REPRESENTATION_CONTEXT(2) 
PARAMETRIC_REPRESENTATION_CONTEXT() REPRESENTATION_CONTEXT('2D SPACE',''
  ) );
#7565 = ORIENTED_EDGE('',*,*,#7566,.T.);
#7566 = EDGE_CURVE('',#7544,#7567,#7569,.T.);
#7567 = VERTEX_POINT('',#7568);
#7568 = CARTESIAN_POINT('',(4.45,20.25,0.));
#7569 = SURFACE_CURVE('',#7570,(#7574,#7580),.PCURVE_S1.);
#7570 = LINE('',#7571,#7572);
#7571 = CARTESIAN_POINT('',(4.45,-13.125,0.));
#7572 = VECTOR('',#7573,1.);
#7573 = DIRECTION('',(-0.,1.,0.));
#7574 = PCURVE('',#6957,#7575);
#7575 = DEFINITIONAL_REPRESENTATION('',(#7576),#7579);
#7576 = B_SPLINE_CURVE_WITH_KNOTS('',1,(#7577,#7578),.UNSPECIFIED.,.F.,
  .F.,(2,2),(22.875,33.375),.PIECEWISE_BEZIER_KNOTS.);
#7577 = CARTESIAN_POINT('',(0.25,0.));
#7578 = CARTESIAN_POINT('',(0.25,-10.5));
#7579 = ( GEOMETRIC_REPRESENTATION_CONTEXT(2) 
PARAMETRIC_REPRESENTATION_CONTEXT() REPRESENTATION_CONTEXT('2D SPACE',''
  ) );
#7580 = PCURVE('',#255,#7581);
#7581 = DEFINITIONAL_REPRESENTATION('',(#7582),#7585);
#7582 = B_SPLINE_CURVE_WITH_KNOTS('',1,(#7583,#7584),.UNSPECIFIED.,.F.,
  .F.,(2,2),(22.875,33.375),.PIECEWISE_BEZIER_KNOTS.);
#7583 = CARTESIAN_POINT('',(4.45,45.75));
#7584 = CARTESIAN_POINT('',(4.45,56.25));
#7585 = ( GEOMETRIC_REPRESENTATION_CONTEXT(2) 
PARAMETRIC_REPRESENTATION_CONTEXT() REPRESENTATION_CONTEXT('2D SPACE',''
  ) );
#7586 = ORIENTED_EDGE('',*,*,#7587,.T.);
#7587 = EDGE_CURVE('',#7567,#6922,#7588,.T.);
#7588 = SURFACE_CURVE('',#7589,(#7593,#7600),.PCURVE_S1.);
#7589 = LINE('',#7590,#7591);
#7590 = CARTESIAN_POINT('',(4.45,20.25,-0.25));
#7591 = VECTOR('',#7592,1.);
#7592 = DIRECTION('',(0.,0.,1.));
#7593 = PCURVE('',#6957,#7594);
#7594 = DEFINITIONAL_REPRESENTATION('',(#7595),#7599);
#7595 = LINE('',#7596,#7597);
#7596 = CARTESIAN_POINT('',(0.,-10.5));
#7597 = VECTOR('',#7598,1.);
#7598 = DIRECTION('',(1.,0.));
#7599 = ( GEOMETRIC_REPRESENTATION_CONTEXT(2) 
PARAMETRIC_REPRESENTATION_CONTEXT() REPRESENTATION_CONTEXT('2D SPACE',''
  ) );
#7600 = PCURVE('',#334,#7601);
#7601 = DEFINITIONAL_REPRESENTATION('',(#7602),#7606);
#7602 = LINE('',#7603,#7604);
#7603 = CARTESIAN_POINT('',(0.,4.85));
#7604 = VECTOR('',#7605,1.);
#7605 = DIRECTION('',(1.,0.));
#7606 = ( GEOMETRIC_REPRESENTATION_CONTEXT(2) 
PARAMETRIC_REPRESENTATION_CONTEXT() REPRESENTATION_CONTEXT('2D SPACE',''
  ) );
#7607 = ORIENTED_EDGE('',*,*,#6942,.F.);
#7608 = ADVANCED_FACE('',(#7609),#1845,.F.);
#7609 = FACE_BOUND('',#7610,.F.);
#7610 = EDGE_LOOP('',(#7611,#7612,#7613,#7634,#7660,#7679,#7680,#7681,
    #7702,#7703,#7704,#7705,#7706,#7707,#7708,#7709));
#7611 = ORIENTED_EDGE('',*,*,#6080,.F.);
#7612 = ORIENTED_EDGE('',*,*,#6809,.F.);
#7613 = ORIENTED_EDGE('',*,*,#7614,.F.);
#7614 = EDGE_CURVE('',#7615,#6810,#7617,.T.);
#7615 = VERTEX_POINT('',#7616);
#7616 = CARTESIAN_POINT('',(4.45,20.25,87.6));
#7617 = SURFACE_CURVE('',#7618,(#7622,#7628),.PCURVE_S1.);
#7618 = LINE('',#7619,#7620);
#7619 = CARTESIAN_POINT('',(1.,20.25,87.6));
#7620 = VECTOR('',#7621,1.);
#7621 = DIRECTION('',(-1.,-0.,0.));
#7622 = PCURVE('',#1845,#7623);
#7623 = DEFINITIONAL_REPRESENTATION('',(#7624),#7627);
#7624 = B_SPLINE_CURVE_WITH_KNOTS('',1,(#7625,#7626),.UNSPECIFIED.,.F.,
  .F.,(2,2),(-3.45,-1.4),.PIECEWISE_BEZIER_KNOTS.);
#7625 = CARTESIAN_POINT('',(2.05,20.55));
#7626 = CARTESIAN_POINT('',(0.,20.55));
#7627 = ( GEOMETRIC_REPRESENTATION_CONTEXT(2) 
PARAMETRIC_REPRESENTATION_CONTEXT() REPRESENTATION_CONTEXT('2D SPACE',''
  ) );
#7628 = PCURVE('',#125,#7629);
#7629 = DEFINITIONAL_REPRESENTATION('',(#7630),#7633);
#7630 = B_SPLINE_CURVE_WITH_KNOTS('',1,(#7631,#7632),.UNSPECIFIED.,.F.,
  .F.,(2,2),(-3.45,-1.4),.PIECEWISE_BEZIER_KNOTS.);
#7631 = CARTESIAN_POINT('',(2.35,4.85));
#7632 = CARTESIAN_POINT('',(2.35,2.8));
#7633 = ( GEOMETRIC_REPRESENTATION_CONTEXT(2) 
PARAMETRIC_REPRESENTATION_CONTEXT() REPRESENTATION_CONTEXT('2D SPACE',''
  ) );
#7634 = ORIENTED_EDGE('',*,*,#7635,.F.);
#7635 = EDGE_CURVE('',#7636,#7615,#7638,.T.);
#7636 = VERTEX_POINT('',#7637);
#7637 = CARTESIAN_POINT('',(4.45,9.75,87.6));
#7638 = SURFACE_CURVE('',#7639,(#7643,#7649),.PCURVE_S1.);
#7639 = LINE('',#7640,#7641);
#7640 = CARTESIAN_POINT('',(4.45,4.725,87.6));
#7641 = VECTOR('',#7642,1.);
#7642 = DIRECTION('',(-0.,1.,0.));
#7643 = PCURVE('',#1845,#7644);
#7644 = DEFINITIONAL_REPRESENTATION('',(#7645),#7648);
#7645 = B_SPLINE_CURVE_WITH_KNOTS('',1,(#7646,#7647),.UNSPECIFIED.,.F.,
  .F.,(2,2),(5.025,15.525),.PIECEWISE_BEZIER_KNOTS.);
#7646 = CARTESIAN_POINT('',(2.05,10.05));
#7647 = CARTESIAN_POINT('',(2.05,20.55));
#7648 = ( GEOMETRIC_REPRESENTATION_CONTEXT(2) 
PARAMETRIC_REPRESENTATION_CONTEXT() REPRESENTATION_CONTEXT('2D SPACE',''
  ) );
#7649 = PCURVE('',#7650,#7655);
#7650 = PLANE('',#7651);
#7651 = AXIS2_PLACEMENT_3D('',#7652,#7653,#7654);
#7652 = CARTESIAN_POINT('',(4.45,9.75,85.25));
#7653 = DIRECTION('',(1.,0.,-0.));
#7654 = DIRECTION('',(0.,0.,1.));
#7655 = DEFINITIONAL_REPRESENTATION('',(#7656),#7659);
#7656 = B_SPLINE_CURVE_WITH_KNOTS('',1,(#7657,#7658),.UNSPECIFIED.,.F.,
  .F.,(2,2),(5.025,15.525),.PIECEWISE_BEZIER_KNOTS.);
#7657 = CARTESIAN_POINT('',(2.35,0.));
#7658 = CARTESIAN_POINT('',(2.35,-10.5));
#7659 = ( GEOMETRIC_REPRESENTATION_CONTEXT(2) 
PARAMETRIC_REPRESENTATION_CONTEXT() REPRESENTATION_CONTEXT('2D SPACE',''
  ) );
#7660 = ORIENTED_EDGE('',*,*,#7661,.T.);
#7661 = EDGE_CURVE('',#7636,#6875,#7662,.T.);
#7662 = SURFACE_CURVE('',#7663,(#7667,#7673),.PCURVE_S1.);
#7663 = LINE('',#7664,#7665);
#7664 = CARTESIAN_POINT('',(1.,9.75,87.6));
#7665 = VECTOR('',#7666,1.);
#7666 = DIRECTION('',(-1.,-0.,0.));
#7667 = PCURVE('',#1845,#7668);
#7668 = DEFINITIONAL_REPRESENTATION('',(#7669),#7672);
#7669 = B_SPLINE_CURVE_WITH_KNOTS('',1,(#7670,#7671),.UNSPECIFIED.,.F.,
  .F.,(2,2),(-3.45,-1.4),.PIECEWISE_BEZIER_KNOTS.);
#7670 = CARTESIAN_POINT('',(2.05,10.05));
#7671 = CARTESIAN_POINT('',(0.,10.05));
#7672 = ( GEOMETRIC_REPRESENTATION_CONTEXT(2) 
PARAMETRIC_REPRESENTATION_CONTEXT() REPRESENTATION_CONTEXT('2D SPACE',''
  ) );
#7673 = PCURVE('',#177,#7674);
#7674 = DEFINITIONAL_REPRESENTATION('',(#7675),#7678);
#7675 = B_SPLINE_CURVE_WITH_KNOTS('',1,(#7676,#7677),.UNSPECIFIED.,.F.,
  .F.,(2,2),(-3.45,-1.4),.PIECEWISE_BEZIER_KNOTS.);
#7676 = CARTESIAN_POINT('',(2.35,4.85));
#7677 = CARTESIAN_POINT('',(2.35,2.8));
#7678 = ( GEOMETRIC_REPRESENTATION_CONTEXT(2) 
PARAMETRIC_REPRESENTATION_CONTEXT() REPRESENTATION_CONTEXT('2D SPACE',''
  ) );
#7679 = ORIENTED_EDGE('',*,*,#6895,.F.);
#7680 = ORIENTED_EDGE('',*,*,#1831,.T.);
#7681 = ORIENTED_EDGE('',*,*,#7682,.T.);
#7682 = EDGE_CURVE('',#1652,#4602,#7683,.T.);
#7683 = SURFACE_CURVE('',#7684,(#7688,#7695),.PCURVE_S1.);
#7684 = LINE('',#7685,#7686);
#7685 = CARTESIAN_POINT('',(117.6,-0.3,87.6));
#7686 = VECTOR('',#7687,1.);
#7687 = DIRECTION('',(-0.,1.,0.));
#7688 = PCURVE('',#1845,#7689);
#7689 = DEFINITIONAL_REPRESENTATION('',(#7690),#7694);
#7690 = LINE('',#7691,#7692);
#7691 = CARTESIAN_POINT('',(115.2,0.));
#7692 = VECTOR('',#7693,1.);
#7693 = DIRECTION('',(0.,1.));
#7694 = ( GEOMETRIC_REPRESENTATION_CONTEXT(2) 
PARAMETRIC_REPRESENTATION_CONTEXT() REPRESENTATION_CONTEXT('2D SPACE',''
  ) );
#7695 = PCURVE('',#1667,#7696);
#7696 = DEFINITIONAL_REPRESENTATION('',(#7697),#7701);
#7697 = LINE('',#7698,#7699);
#7698 = CARTESIAN_POINT('',(85.2,0.));
#7699 = VECTOR('',#7700,1.);
#7700 = DIRECTION('',(0.,-1.));
#7701 = ( GEOMETRIC_REPRESENTATION_CONTEXT(2) 
PARAMETRIC_REPRESENTATION_CONTEXT() REPRESENTATION_CONTEXT('2D SPACE',''
  ) );
#7702 = ORIENTED_EDGE('',*,*,#4601,.F.);
#7703 = ORIENTED_EDGE('',*,*,#5331,.F.);
#7704 = ORIENTED_EDGE('',*,*,#5576,.T.);
#7705 = ORIENTED_EDGE('',*,*,#5381,.T.);
#7706 = ORIENTED_EDGE('',*,*,#5630,.F.);
#7707 = ORIENTED_EDGE('',*,*,#5771,.F.);
#7708 = ORIENTED_EDGE('',*,*,#6011,.T.);
#7709 = ORIENTED_EDGE('',*,*,#5821,.T.);
#7710 = ADVANCED_FACE('',(#7711),#7650,.F.);
#7711 = FACE_BOUND('',#7712,.F.);
#7712 = EDGE_LOOP('',(#7713,#7736,#7737,#7760));
#7713 = ORIENTED_EDGE('',*,*,#7714,.F.);
#7714 = EDGE_CURVE('',#7636,#7715,#7717,.T.);
#7715 = VERTEX_POINT('',#7716);
#7716 = CARTESIAN_POINT('',(4.45,9.75,90.));
#7717 = SURFACE_CURVE('',#7718,(#7722,#7729),.PCURVE_S1.);
#7718 = LINE('',#7719,#7720);
#7719 = CARTESIAN_POINT('',(4.45,9.75,85.25));
#7720 = VECTOR('',#7721,1.);
#7721 = DIRECTION('',(0.,0.,1.));
#7722 = PCURVE('',#7650,#7723);
#7723 = DEFINITIONAL_REPRESENTATION('',(#7724),#7728);
#7724 = LINE('',#7725,#7726);
#7725 = CARTESIAN_POINT('',(0.,0.));
#7726 = VECTOR('',#7727,1.);
#7727 = DIRECTION('',(1.,0.));
#7728 = ( GEOMETRIC_REPRESENTATION_CONTEXT(2) 
PARAMETRIC_REPRESENTATION_CONTEXT() REPRESENTATION_CONTEXT('2D SPACE',''
  ) );
#7729 = PCURVE('',#177,#7730);
#7730 = DEFINITIONAL_REPRESENTATION('',(#7731),#7735);
#7731 = LINE('',#7732,#7733);
#7732 = CARTESIAN_POINT('',(0.,4.85));
#7733 = VECTOR('',#7734,1.);
#7734 = DIRECTION('',(1.,0.));
#7735 = ( GEOMETRIC_REPRESENTATION_CONTEXT(2) 
PARAMETRIC_REPRESENTATION_CONTEXT() REPRESENTATION_CONTEXT('2D SPACE',''
  ) );
#7736 = ORIENTED_EDGE('',*,*,#7635,.T.);
#7737 = ORIENTED_EDGE('',*,*,#7738,.T.);
#7738 = EDGE_CURVE('',#7615,#7739,#7741,.T.);
#7739 = VERTEX_POINT('',#7740);
#7740 = CARTESIAN_POINT('',(4.45,20.25,90.));
#7741 = SURFACE_CURVE('',#7742,(#7746,#7753),.PCURVE_S1.);
#7742 = LINE('',#7743,#7744);
#7743 = CARTESIAN_POINT('',(4.45,20.25,85.25));
#7744 = VECTOR('',#7745,1.);
#7745 = DIRECTION('',(0.,0.,1.));
#7746 = PCURVE('',#7650,#7747);
#7747 = DEFINITIONAL_REPRESENTATION('',(#7748),#7752);
#7748 = LINE('',#7749,#7750);
#7749 = CARTESIAN_POINT('',(0.,-10.5));
#7750 = VECTOR('',#7751,1.);
#7751 = DIRECTION('',(1.,0.));
#7752 = ( GEOMETRIC_REPRESENTATION_CONTEXT(2) 
PARAMETRIC_REPRESENTATION_CONTEXT() REPRESENTATION_CONTEXT('2D SPACE',''
  ) );
#7753 = PCURVE('',#125,#7754);
#7754 = DEFINITIONAL_REPRESENTATION('',(#7755),#7759);
#7755 = LINE('',#7756,#7757);
#7756 = CARTESIAN_POINT('',(0.,4.85));
#7757 = VECTOR('',#7758,1.);
#7758 = DIRECTION('',(1.,0.));
#7759 = ( GEOMETRIC_REPRESENTATION_CONTEXT(2) 
PARAMETRIC_REPRESENTATION_CONTEXT() REPRESENTATION_CONTEXT('2D SPACE',''
  ) );
#7760 = ORIENTED_EDGE('',*,*,#7761,.F.);
#7761 = EDGE_CURVE('',#7715,#7739,#7762,.T.);
#7762 = SURFACE_CURVE('',#7763,(#7767,#7773),.PCURVE_S1.);
#7763 = LINE('',#7764,#7765);
#7764 = CARTESIAN_POINT('',(4.45,-13.125,90.));
#7765 = VECTOR('',#7766,1.);
#7766 = DIRECTION('',(-0.,1.,0.));
#7767 = PCURVE('',#7650,#7768);
#7768 = DEFINITIONAL_REPRESENTATION('',(#7769),#7772);
#7769 = B_SPLINE_CURVE_WITH_KNOTS('',1,(#7770,#7771),.UNSPECIFIED.,.F.,
  .F.,(2,2),(22.875,33.375),.PIECEWISE_BEZIER_KNOTS.);
#7770 = CARTESIAN_POINT('',(4.75,0.));
#7771 = CARTESIAN_POINT('',(4.75,-10.5));
#7772 = ( GEOMETRIC_REPRESENTATION_CONTEXT(2) 
PARAMETRIC_REPRESENTATION_CONTEXT() REPRESENTATION_CONTEXT('2D SPACE',''
  ) );
#7773 = PCURVE('',#98,#7774);
#7774 = DEFINITIONAL_REPRESENTATION('',(#7775),#7778);
#7775 = B_SPLINE_CURVE_WITH_KNOTS('',1,(#7776,#7777),.UNSPECIFIED.,.F.,
  .F.,(2,2),(22.875,33.375),.PIECEWISE_BEZIER_KNOTS.);
#7776 = CARTESIAN_POINT('',(4.45,45.75));
#7777 = CARTESIAN_POINT('',(4.45,56.25));
#7778 = ( GEOMETRIC_REPRESENTATION_CONTEXT(2) 
PARAMETRIC_REPRESENTATION_CONTEXT() REPRESENTATION_CONTEXT('2D SPACE',''
  ) );
#7779 = ADVANCED_FACE('',(#7780,#7786,#7817,#7848,#7879),#1667,.F.);
#7780 = FACE_BOUND('',#7781,.F.);
#7781 = EDGE_LOOP('',(#7782,#7783,#7784,#7785));
#7782 = ORIENTED_EDGE('',*,*,#1649,.F.);
#7783 = ORIENTED_EDGE('',*,*,#6989,.T.);
#7784 = ORIENTED_EDGE('',*,*,#4624,.T.);
#7785 = ORIENTED_EDGE('',*,*,#7682,.F.);
#7786 = FACE_BOUND('',#7787,.F.);
#7787 = EDGE_LOOP('',(#7788));
#7788 = ORIENTED_EDGE('',*,*,#7789,.F.);
#7789 = EDGE_CURVE('',#7790,#7790,#7792,.T.);
#7790 = VERTEX_POINT('',#7791);
#7791 = CARTESIAN_POINT('',(117.6,19.,20.4));
#7792 = SURFACE_CURVE('',#7793,(#7798,#7805),.PCURVE_S1.);
#7793 = CIRCLE('',#7794,4.4);
#7794 = AXIS2_PLACEMENT_3D('',#7795,#7796,#7797);
#7795 = CARTESIAN_POINT('',(117.6,19.,16.));
#7796 = DIRECTION('',(1.,0.,0.));
#7797 = DIRECTION('',(-0.,0.,1.));
#7798 = PCURVE('',#1667,#7799);
#7799 = DEFINITIONAL_REPRESENTATION('',(#7800),#7804);
#7800 = CIRCLE('',#7801,4.4);
#7801 = AXIS2_PLACEMENT_2D('',#7802,#7803);
#7802 = CARTESIAN_POINT('',(13.6,-19.3));
#7803 = DIRECTION('',(1.,0.));
#7804 = ( GEOMETRIC_REPRESENTATION_CONTEXT(2) 
PARAMETRIC_REPRESENTATION_CONTEXT() REPRESENTATION_CONTEXT('2D SPACE',''
  ) );
#7805 = PCURVE('',#7806,#7811);
#7806 = CYLINDRICAL_SURFACE('',#7807,4.4);
#7807 = AXIS2_PLACEMENT_3D('',#7808,#7809,#7810);
#7808 = CARTESIAN_POINT('',(112.5,19.,16.));
#7809 = DIRECTION('',(1.,0.,0.));
#7810 = DIRECTION('',(-0.,0.,1.));
#7811 = DEFINITIONAL_REPRESENTATION('',(#7812),#7816);
#7812 = LINE('',#7813,#7814);
#7813 = CARTESIAN_POINT('',(0.,5.1));
#7814 = VECTOR('',#7815,1.);
#7815 = DIRECTION('',(1.,0.));
#7816 = ( GEOMETRIC_REPRESENTATION_CONTEXT(2) 
PARAMETRIC_REPRESENTATION_CONTEXT() REPRESENTATION_CONTEXT('2D SPACE',''
  ) );
#7817 = FACE_BOUND('',#7818,.F.);
#7818 = EDGE_LOOP('',(#7819));
#7819 = ORIENTED_EDGE('',*,*,#7820,.F.);
#7820 = EDGE_CURVE('',#7821,#7821,#7823,.T.);
#7821 = VERTEX_POINT('',#7822);
#7822 = CARTESIAN_POINT('',(117.6,19.,78.4));
#7823 = SURFACE_CURVE('',#7824,(#7829,#7836),.PCURVE_S1.);
#7824 = CIRCLE('',#7825,4.4);
#7825 = AXIS2_PLACEMENT_3D('',#7826,#7827,#7828);
#7826 = CARTESIAN_POINT('',(117.6,19.,74.));
#7827 = DIRECTION('',(1.,0.,0.));
#7828 = DIRECTION('',(-0.,0.,1.));
#7829 = PCURVE('',#1667,#7830);
#7830 = DEFINITIONAL_REPRESENTATION('',(#7831),#7835);
#7831 = CIRCLE('',#7832,4.4);
#7832 = AXIS2_PLACEMENT_2D('',#7833,#7834);
#7833 = CARTESIAN_POINT('',(71.6,-19.3));
#7834 = DIRECTION('',(1.,0.));
#7835 = ( GEOMETRIC_REPRESENTATION_CONTEXT(2) 
PARAMETRIC_REPRESENTATION_CONTEXT() REPRESENTATION_CONTEXT('2D SPACE',''
  ) );
#7836 = PCURVE('',#7837,#7842);
#7837 = CYLINDRICAL_SURFACE('',#7838,4.4);
#7838 = AXIS2_PLACEMENT_3D('',#7839,#7840,#7841);
#7839 = CARTESIAN_POINT('',(112.5,19.,74.));
#7840 = DIRECTION('',(1.,0.,0.));
#7841 = DIRECTION('',(-0.,0.,1.));
#7842 = DEFINITIONAL_REPRESENTATION('',(#7843),#7847);
#7843 = LINE('',#7844,#7845);
#7844 = CARTESIAN_POINT('',(0.,5.1));
#7845 = VECTOR('',#7846,1.);
#7846 = DIRECTION('',(1.,0.));
#7847 = ( GEOMETRIC_REPRESENTATION_CONTEXT(2) 
PARAMETRIC_REPRESENTATION_CONTEXT() REPRESENTATION_CONTEXT('2D SPACE',''
  ) );
#7848 = FACE_BOUND('',#7849,.F.);
#7849 = EDGE_LOOP('',(#7850));
#7850 = ORIENTED_EDGE('',*,*,#7851,.F.);
#7851 = EDGE_CURVE('',#7852,#7852,#7854,.T.);
#7852 = VERTEX_POINT('',#7853);
#7853 = CARTESIAN_POINT('',(117.6,7.,20.4));
#7854 = SURFACE_CURVE('',#7855,(#7860,#7867),.PCURVE_S1.);
#7855 = CIRCLE('',#7856,4.4);
#7856 = AXIS2_PLACEMENT_3D('',#7857,#7858,#7859);
#7857 = CARTESIAN_POINT('',(117.6,7.,16.));
#7858 = DIRECTION('',(1.,0.,0.));
#7859 = DIRECTION('',(-0.,0.,1.));
#7860 = PCURVE('',#1667,#7861);
#7861 = DEFINITIONAL_REPRESENTATION('',(#7862),#7866);
#7862 = CIRCLE('',#7863,4.4);
#7863 = AXIS2_PLACEMENT_2D('',#7864,#7865);
#7864 = CARTESIAN_POINT('',(13.6,-7.3));
#7865 = DIRECTION('',(1.,0.));
#7866 = ( GEOMETRIC_REPRESENTATION_CONTEXT(2) 
PARAMETRIC_REPRESENTATION_CONTEXT() REPRESENTATION_CONTEXT('2D SPACE',''
  ) );
#7867 = PCURVE('',#7868,#7873);
#7868 = CYLINDRICAL_SURFACE('',#7869,4.4);
#7869 = AXIS2_PLACEMENT_3D('',#7870,#7871,#7872);
#7870 = CARTESIAN_POINT('',(112.5,7.,16.));
#7871 = DIRECTION('',(1.,0.,0.));
#7872 = DIRECTION('',(-0.,0.,1.));
#7873 = DEFINITIONAL_REPRESENTATION('',(#7874),#7878);
#7874 = LINE('',#7875,#7876);
#7875 = CARTESIAN_POINT('',(0.,5.1));
#7876 = VECTOR('',#7877,1.);
#7877 = DIRECTION('',(1.,0.));
#7878 = ( GEOMETRIC_REPRESENTATION_CONTEXT(2) 
PARAMETRIC_REPRESENTATION_CONTEXT() REPRESENTATION_CONTEXT('2D SPACE',''
  ) );
#7879 = FACE_BOUND('',#7880,.F.);
#7880 = EDGE_LOOP('',(#7881));
#7881 = ORIENTED_EDGE('',*,*,#7882,.F.);
#7882 = EDGE_CURVE('',#7883,#7883,#7885,.T.);
#7883 = VERTEX_POINT('',#7884);
#7884 = CARTESIAN_POINT('',(117.6,7.,78.4));
#7885 = SURFACE_CURVE('',#7886,(#7891,#7898),.PCURVE_S1.);
#7886 = CIRCLE('',#7887,4.4);
#7887 = AXIS2_PLACEMENT_3D('',#7888,#7889,#7890);
#7888 = CARTESIAN_POINT('',(117.6,7.,74.));
#7889 = DIRECTION('',(1.,0.,0.));
#7890 = DIRECTION('',(-0.,0.,1.));
#7891 = PCURVE('',#1667,#7892);
#7892 = DEFINITIONAL_REPRESENTATION('',(#7893),#7897);
#7893 = CIRCLE('',#7894,4.4);
#7894 = AXIS2_PLACEMENT_2D('',#7895,#7896);
#7895 = CARTESIAN_POINT('',(71.6,-7.3));
#7896 = DIRECTION('',(1.,0.));
#7897 = ( GEOMETRIC_REPRESENTATION_CONTEXT(2) 
PARAMETRIC_REPRESENTATION_CONTEXT() REPRESENTATION_CONTEXT('2D SPACE',''
  ) );
#7898 = PCURVE('',#7899,#7904);
#7899 = CYLINDRICAL_SURFACE('',#7900,4.4);
#7900 = AXIS2_PLACEMENT_3D('',#7901,#7902,#7903);
#7901 = CARTESIAN_POINT('',(112.5,7.,74.));
#7902 = DIRECTION('',(1.,0.,0.));
#7903 = DIRECTION('',(-0.,0.,1.));
#7904 = DEFINITIONAL_REPRESENTATION('',(#7905),#7909);
#7905 = LINE('',#7906,#7907);
#7906 = CARTESIAN_POINT('',(0.,5.1));
#7907 = VECTOR('',#7908,1.);
#7908 = DIRECTION('',(1.,0.));
#7909 = ( GEOMETRIC_REPRESENTATION_CONTEXT(2) 
PARAMETRIC_REPRESENTATION_CONTEXT() REPRESENTATION_CONTEXT('2D SPACE',''
  ) );
#7910 = ADVANCED_FACE('',(#7911),#7899,.T.);
#7911 = FACE_BOUND('',#7912,.T.);
#7912 = EDGE_LOOP('',(#7913,#7914,#7937,#7964));
#7913 = ORIENTED_EDGE('',*,*,#7882,.F.);
#7914 = ORIENTED_EDGE('',*,*,#7915,.F.);
#7915 = EDGE_CURVE('',#7916,#7883,#7918,.T.);
#7916 = VERTEX_POINT('',#7917);
#7917 = CARTESIAN_POINT('',(112.5,7.,78.4));
#7918 = SEAM_CURVE('',#7919,(#7923,#7930),.PCURVE_S1.);
#7919 = LINE('',#7920,#7921);
#7920 = CARTESIAN_POINT('',(112.5,7.,78.4));
#7921 = VECTOR('',#7922,1.);
#7922 = DIRECTION('',(1.,0.,0.));
#7923 = PCURVE('',#7899,#7924);
#7924 = DEFINITIONAL_REPRESENTATION('',(#7925),#7929);
#7925 = LINE('',#7926,#7927);
#7926 = CARTESIAN_POINT('',(6.28318530718,-0.));
#7927 = VECTOR('',#7928,1.);
#7928 = DIRECTION('',(0.,1.));
#7929 = ( GEOMETRIC_REPRESENTATION_CONTEXT(2) 
PARAMETRIC_REPRESENTATION_CONTEXT() REPRESENTATION_CONTEXT('2D SPACE',''
  ) );
#7930 = PCURVE('',#7899,#7931);
#7931 = DEFINITIONAL_REPRESENTATION('',(#7932),#7936);
#7932 = LINE('',#7933,#7934);
#7933 = CARTESIAN_POINT('',(0.,-0.));
#7934 = VECTOR('',#7935,1.);
#7935 = DIRECTION('',(0.,1.));
#7936 = ( GEOMETRIC_REPRESENTATION_CONTEXT(2) 
PARAMETRIC_REPRESENTATION_CONTEXT() REPRESENTATION_CONTEXT('2D SPACE',''
  ) );
#7937 = ORIENTED_EDGE('',*,*,#7938,.T.);
#7938 = EDGE_CURVE('',#7916,#7916,#7939,.T.);
#7939 = SURFACE_CURVE('',#7940,(#7945,#7952),.PCURVE_S1.);
#7940 = CIRCLE('',#7941,4.4);
#7941 = AXIS2_PLACEMENT_3D('',#7942,#7943,#7944);
#7942 = CARTESIAN_POINT('',(112.5,7.,74.));
#7943 = DIRECTION('',(1.,0.,0.));
#7944 = DIRECTION('',(-0.,0.,1.));
#7945 = PCURVE('',#7899,#7946);
#7946 = DEFINITIONAL_REPRESENTATION('',(#7947),#7951);
#7947 = LINE('',#7948,#7949);
#7948 = CARTESIAN_POINT('',(0.,0.));
#7949 = VECTOR('',#7950,1.);
#7950 = DIRECTION('',(1.,0.));
#7951 = ( GEOMETRIC_REPRESENTATION_CONTEXT(2) 
PARAMETRIC_REPRESENTATION_CONTEXT() REPRESENTATION_CONTEXT('2D SPACE',''
  ) );
#7952 = PCURVE('',#7953,#7958);
#7953 = PLANE('',#7954);
#7954 = AXIS2_PLACEMENT_3D('',#7955,#7956,#7957);
#7955 = CARTESIAN_POINT('',(112.5,7.,74.));
#7956 = DIRECTION('',(1.,0.,0.));
#7957 = DIRECTION('',(-0.,0.,1.));
#7958 = DEFINITIONAL_REPRESENTATION('',(#7959),#7963);
#7959 = CIRCLE('',#7960,4.4);
#7960 = AXIS2_PLACEMENT_2D('',#7961,#7962);
#7961 = CARTESIAN_POINT('',(0.,0.));
#7962 = DIRECTION('',(1.,0.));
#7963 = ( GEOMETRIC_REPRESENTATION_CONTEXT(2) 
PARAMETRIC_REPRESENTATION_CONTEXT() REPRESENTATION_CONTEXT('2D SPACE',''
  ) );
#7964 = ORIENTED_EDGE('',*,*,#7915,.T.);
#7965 = ADVANCED_FACE('',(#7966,#7969),#7953,.F.);
#7966 = FACE_BOUND('',#7967,.F.);
#7967 = EDGE_LOOP('',(#7968));
#7968 = ORIENTED_EDGE('',*,*,#7938,.T.);
#7969 = FACE_BOUND('',#7970,.F.);
#7970 = EDGE_LOOP('',(#7971));
#7971 = ORIENTED_EDGE('',*,*,#7972,.F.);
#7972 = EDGE_CURVE('',#7973,#7973,#7975,.T.);
#7973 = VERTEX_POINT('',#7974);
#7974 = CARTESIAN_POINT('',(112.5,7.,76.1));
#7975 = SURFACE_CURVE('',#7976,(#7981,#7988),.PCURVE_S1.);
#7976 = CIRCLE('',#7977,2.1);
#7977 = AXIS2_PLACEMENT_3D('',#7978,#7979,#7980);
#7978 = CARTESIAN_POINT('',(112.5,7.,74.));
#7979 = DIRECTION('',(1.,0.,0.));
#7980 = DIRECTION('',(-0.,0.,1.));
#7981 = PCURVE('',#7953,#7982);
#7982 = DEFINITIONAL_REPRESENTATION('',(#7983),#7987);
#7983 = CIRCLE('',#7984,2.1);
#7984 = AXIS2_PLACEMENT_2D('',#7985,#7986);
#7985 = CARTESIAN_POINT('',(0.,0.));
#7986 = DIRECTION('',(1.,0.));
#7987 = ( GEOMETRIC_REPRESENTATION_CONTEXT(2) 
PARAMETRIC_REPRESENTATION_CONTEXT() REPRESENTATION_CONTEXT('2D SPACE',''
  ) );
#7988 = PCURVE('',#7989,#7994);
#7989 = CYLINDRICAL_SURFACE('',#7990,2.1);
#7990 = AXIS2_PLACEMENT_3D('',#7991,#7992,#7993);
#7991 = CARTESIAN_POINT('',(112.3,7.,74.));
#7992 = DIRECTION('',(1.,0.,0.));
#7993 = DIRECTION('',(-0.,0.,1.));
#7994 = DEFINITIONAL_REPRESENTATION('',(#7995),#7999);
#7995 = LINE('',#7996,#7997);
#7996 = CARTESIAN_POINT('',(0.,0.2));
#7997 = VECTOR('',#7998,1.);
#7998 = DIRECTION('',(1.,0.));
#7999 = ( GEOMETRIC_REPRESENTATION_CONTEXT(2) 
PARAMETRIC_REPRESENTATION_CONTEXT() REPRESENTATION_CONTEXT('2D SPACE',''
  ) );
#8000 = ADVANCED_FACE('',(#8001),#7989,.F.);
#8001 = FACE_BOUND('',#8002,.F.);
#8002 = EDGE_LOOP('',(#8003,#8032,#8053,#8054));
#8003 = ORIENTED_EDGE('',*,*,#8004,.F.);
#8004 = EDGE_CURVE('',#8005,#8005,#8007,.T.);
#8005 = VERTEX_POINT('',#8006);
#8006 = CARTESIAN_POINT('',(120.2,7.,76.1));
#8007 = SURFACE_CURVE('',#8008,(#8013,#8020),.PCURVE_S1.);
#8008 = CIRCLE('',#8009,2.1);
#8009 = AXIS2_PLACEMENT_3D('',#8010,#8011,#8012);
#8010 = CARTESIAN_POINT('',(120.2,7.,74.));
#8011 = DIRECTION('',(1.,0.,0.));
#8012 = DIRECTION('',(-0.,0.,1.));
#8013 = PCURVE('',#7989,#8014);
#8014 = DEFINITIONAL_REPRESENTATION('',(#8015),#8019);
#8015 = LINE('',#8016,#8017);
#8016 = CARTESIAN_POINT('',(0.,7.9));
#8017 = VECTOR('',#8018,1.);
#8018 = DIRECTION('',(1.,0.));
#8019 = ( GEOMETRIC_REPRESENTATION_CONTEXT(2) 
PARAMETRIC_REPRESENTATION_CONTEXT() REPRESENTATION_CONTEXT('2D SPACE',''
  ) );
#8020 = PCURVE('',#8021,#8026);
#8021 = PLANE('',#8022);
#8022 = AXIS2_PLACEMENT_3D('',#8023,#8024,#8025);
#8023 = CARTESIAN_POINT('',(120.2,7.,74.));
#8024 = DIRECTION('',(1.,0.,0.));
#8025 = DIRECTION('',(-0.,0.,1.));
#8026 = DEFINITIONAL_REPRESENTATION('',(#8027),#8031);
#8027 = CIRCLE('',#8028,2.1);
#8028 = AXIS2_PLACEMENT_2D('',#8029,#8030);
#8029 = CARTESIAN_POINT('',(0.,0.));
#8030 = DIRECTION('',(1.,0.));
#8031 = ( GEOMETRIC_REPRESENTATION_CONTEXT(2) 
PARAMETRIC_REPRESENTATION_CONTEXT() REPRESENTATION_CONTEXT('2D SPACE',''
  ) );
#8032 = ORIENTED_EDGE('',*,*,#8033,.F.);
#8033 = EDGE_CURVE('',#7973,#8005,#8034,.T.);
#8034 = SEAM_CURVE('',#8035,(#8039,#8046),.PCURVE_S1.);
#8035 = LINE('',#8036,#8037);
#8036 = CARTESIAN_POINT('',(112.3,7.,76.1));
#8037 = VECTOR('',#8038,1.);
#8038 = DIRECTION('',(1.,0.,0.));
#8039 = PCURVE('',#7989,#8040);
#8040 = DEFINITIONAL_REPRESENTATION('',(#8041),#8045);
#8041 = LINE('',#8042,#8043);
#8042 = CARTESIAN_POINT('',(6.28318530718,-0.));
#8043 = VECTOR('',#8044,1.);
#8044 = DIRECTION('',(0.,1.));
#8045 = ( GEOMETRIC_REPRESENTATION_CONTEXT(2) 
PARAMETRIC_REPRESENTATION_CONTEXT() REPRESENTATION_CONTEXT('2D SPACE',''
  ) );
#8046 = PCURVE('',#7989,#8047);
#8047 = DEFINITIONAL_REPRESENTATION('',(#8048),#8052);
#8048 = LINE('',#8049,#8050);
#8049 = CARTESIAN_POINT('',(0.,-0.));
#8050 = VECTOR('',#8051,1.);
#8051 = DIRECTION('',(0.,1.));
#8052 = ( GEOMETRIC_REPRESENTATION_CONTEXT(2) 
PARAMETRIC_REPRESENTATION_CONTEXT() REPRESENTATION_CONTEXT('2D SPACE',''
  ) );
#8053 = ORIENTED_EDGE('',*,*,#7972,.T.);
#8054 = ORIENTED_EDGE('',*,*,#8033,.T.);
#8055 = ADVANCED_FACE('',(#8056,#8087),#8021,.T.);
#8056 = FACE_BOUND('',#8057,.T.);
#8057 = EDGE_LOOP('',(#8058));
#8058 = ORIENTED_EDGE('',*,*,#8059,.T.);
#8059 = EDGE_CURVE('',#8060,#8060,#8062,.T.);
#8060 = VERTEX_POINT('',#8061);
#8061 = CARTESIAN_POINT('',(120.2,7.,78.4));
#8062 = SURFACE_CURVE('',#8063,(#8068,#8075),.PCURVE_S1.);
#8063 = CIRCLE('',#8064,4.4);
#8064 = AXIS2_PLACEMENT_3D('',#8065,#8066,#8067);
#8065 = CARTESIAN_POINT('',(120.2,7.,74.));
#8066 = DIRECTION('',(1.,0.,0.));
#8067 = DIRECTION('',(-0.,0.,1.));
#8068 = PCURVE('',#8021,#8069);
#8069 = DEFINITIONAL_REPRESENTATION('',(#8070),#8074);
#8070 = CIRCLE('',#8071,4.4);
#8071 = AXIS2_PLACEMENT_2D('',#8072,#8073);
#8072 = CARTESIAN_POINT('',(0.,0.));
#8073 = DIRECTION('',(1.,0.));
#8074 = ( GEOMETRIC_REPRESENTATION_CONTEXT(2) 
PARAMETRIC_REPRESENTATION_CONTEXT() REPRESENTATION_CONTEXT('2D SPACE',''
  ) );
#8075 = PCURVE('',#8076,#8081);
#8076 = CYLINDRICAL_SURFACE('',#8077,4.4);
#8077 = AXIS2_PLACEMENT_3D('',#8078,#8079,#8080);
#8078 = CARTESIAN_POINT('',(112.5,7.,74.));
#8079 = DIRECTION('',(1.,0.,0.));
#8080 = DIRECTION('',(-0.,0.,1.));
#8081 = DEFINITIONAL_REPRESENTATION('',(#8082),#8086);
#8082 = LINE('',#8083,#8084);
#8083 = CARTESIAN_POINT('',(0.,7.7));
#8084 = VECTOR('',#8085,1.);
#8085 = DIRECTION('',(1.,0.));
#8086 = ( GEOMETRIC_REPRESENTATION_CONTEXT(2) 
PARAMETRIC_REPRESENTATION_CONTEXT() REPRESENTATION_CONTEXT('2D SPACE',''
  ) );
#8087 = FACE_BOUND('',#8088,.T.);
#8088 = EDGE_LOOP('',(#8089));
#8089 = ORIENTED_EDGE('',*,*,#8004,.F.);
#8090 = ADVANCED_FACE('',(#8091),#8076,.T.);
#8091 = FACE_BOUND('',#8092,.T.);
#8092 = EDGE_LOOP('',(#8093,#8116,#8117,#8118));
#8093 = ORIENTED_EDGE('',*,*,#8094,.T.);
#8094 = EDGE_CURVE('',#8095,#8060,#8097,.T.);
#8095 = VERTEX_POINT('',#8096);
#8096 = CARTESIAN_POINT('',(120.,7.,78.4));
#8097 = SEAM_CURVE('',#8098,(#8102,#8109),.PCURVE_S1.);
#8098 = LINE('',#8099,#8100);
#8099 = CARTESIAN_POINT('',(112.5,7.,78.4));
#8100 = VECTOR('',#8101,1.);
#8101 = DIRECTION('',(1.,0.,0.));
#8102 = PCURVE('',#8076,#8103);
#8103 = DEFINITIONAL_REPRESENTATION('',(#8104),#8108);
#8104 = LINE('',#8105,#8106);
#8105 = CARTESIAN_POINT('',(6.28318530718,-0.));
#8106 = VECTOR('',#8107,1.);
#8107 = DIRECTION('',(0.,1.));
#8108 = ( GEOMETRIC_REPRESENTATION_CONTEXT(2) 
PARAMETRIC_REPRESENTATION_CONTEXT() REPRESENTATION_CONTEXT('2D SPACE',''
  ) );
#8109 = PCURVE('',#8076,#8110);
#8110 = DEFINITIONAL_REPRESENTATION('',(#8111),#8115);
#8111 = LINE('',#8112,#8113);
#8112 = CARTESIAN_POINT('',(0.,-0.));
#8113 = VECTOR('',#8114,1.);
#8114 = DIRECTION('',(0.,1.));
#8115 = ( GEOMETRIC_REPRESENTATION_CONTEXT(2) 
PARAMETRIC_REPRESENTATION_CONTEXT() REPRESENTATION_CONTEXT('2D SPACE',''
  ) );
#8116 = ORIENTED_EDGE('',*,*,#8059,.F.);
#8117 = ORIENTED_EDGE('',*,*,#8094,.F.);
#8118 = ORIENTED_EDGE('',*,*,#8119,.T.);
#8119 = EDGE_CURVE('',#8095,#8095,#8120,.T.);
#8120 = SURFACE_CURVE('',#8121,(#8126,#8133),.PCURVE_S1.);
#8121 = CIRCLE('',#8122,4.4);
#8122 = AXIS2_PLACEMENT_3D('',#8123,#8124,#8125);
#8123 = CARTESIAN_POINT('',(120.,7.,74.));
#8124 = DIRECTION('',(1.,0.,0.));
#8125 = DIRECTION('',(-0.,0.,1.));
#8126 = PCURVE('',#8076,#8127);
#8127 = DEFINITIONAL_REPRESENTATION('',(#8128),#8132);
#8128 = LINE('',#8129,#8130);
#8129 = CARTESIAN_POINT('',(0.,7.5));
#8130 = VECTOR('',#8131,1.);
#8131 = DIRECTION('',(1.,0.));
#8132 = ( GEOMETRIC_REPRESENTATION_CONTEXT(2) 
PARAMETRIC_REPRESENTATION_CONTEXT() REPRESENTATION_CONTEXT('2D SPACE',''
  ) );
#8133 = PCURVE('',#8134,#8139);
#8134 = PLANE('',#8135);
#8135 = AXIS2_PLACEMENT_3D('',#8136,#8137,#8138);
#8136 = CARTESIAN_POINT('',(120.,-36.,0.));
#8137 = DIRECTION('',(1.,0.,-0.));
#8138 = DIRECTION('',(0.,0.,1.));
#8139 = DEFINITIONAL_REPRESENTATION('',(#8140),#8144);
#8140 = CIRCLE('',#8141,4.4);
#8141 = AXIS2_PLACEMENT_2D('',#8142,#8143);
#8142 = CARTESIAN_POINT('',(74.,-43.));
#8143 = DIRECTION('',(1.,0.));
#8144 = ( GEOMETRIC_REPRESENTATION_CONTEXT(2) 
PARAMETRIC_REPRESENTATION_CONTEXT() REPRESENTATION_CONTEXT('2D SPACE',''
  ) );
#8145 = ADVANCED_FACE('',(#8146,#8240,#8271,#8302,#8333),#8134,.T.);
#8146 = FACE_BOUND('',#8147,.T.);
#8147 = EDGE_LOOP('',(#8148,#8173,#8196,#8219));
#8148 = ORIENTED_EDGE('',*,*,#8149,.F.);
#8149 = EDGE_CURVE('',#8150,#8152,#8154,.T.);
#8150 = VERTEX_POINT('',#8151);
#8151 = CARTESIAN_POINT('',(120.,-36.,0.));
#8152 = VERTEX_POINT('',#8153);
#8153 = CARTESIAN_POINT('',(120.,-36.,90.));
#8154 = SURFACE_CURVE('',#8155,(#8159,#8166),.PCURVE_S1.);
#8155 = LINE('',#8156,#8157);
#8156 = CARTESIAN_POINT('',(120.,-36.,0.));
#8157 = VECTOR('',#8158,1.);
#8158 = DIRECTION('',(0.,0.,1.));
#8159 = PCURVE('',#8134,#8160);
#8160 = DEFINITIONAL_REPRESENTATION('',(#8161),#8165);
#8161 = LINE('',#8162,#8163);
#8162 = CARTESIAN_POINT('',(0.,0.));
#8163 = VECTOR('',#8164,1.);
#8164 = DIRECTION('',(1.,0.));
#8165 = ( GEOMETRIC_REPRESENTATION_CONTEXT(2) 
PARAMETRIC_REPRESENTATION_CONTEXT() REPRESENTATION_CONTEXT('2D SPACE',''
  ) );
#8166 = PCURVE('',#227,#8167);
#8167 = DEFINITIONAL_REPRESENTATION('',(#8168),#8172);
#8168 = LINE('',#8169,#8170);
#8169 = CARTESIAN_POINT('',(0.,120.));
#8170 = VECTOR('',#8171,1.);
#8171 = DIRECTION('',(1.,0.));
#8172 = ( GEOMETRIC_REPRESENTATION_CONTEXT(2) 
PARAMETRIC_REPRESENTATION_CONTEXT() REPRESENTATION_CONTEXT('2D SPACE',''
  ) );
#8173 = ORIENTED_EDGE('',*,*,#8174,.T.);
#8174 = EDGE_CURVE('',#8150,#8175,#8177,.T.);
#8175 = VERTEX_POINT('',#8176);
#8176 = CARTESIAN_POINT('',(120.,36.,0.));
#8177 = SURFACE_CURVE('',#8178,(#8182,#8189),.PCURVE_S1.);
#8178 = LINE('',#8179,#8180);
#8179 = CARTESIAN_POINT('',(120.,-36.,0.));
#8180 = VECTOR('',#8181,1.);
#8181 = DIRECTION('',(-0.,1.,0.));
#8182 = PCURVE('',#8134,#8183);
#8183 = DEFINITIONAL_REPRESENTATION('',(#8184),#8188);
#8184 = LINE('',#8185,#8186);
#8185 = CARTESIAN_POINT('',(0.,0.));
#8186 = VECTOR('',#8187,1.);
#8187 = DIRECTION('',(0.,-1.));
#8188 = ( GEOMETRIC_REPRESENTATION_CONTEXT(2) 
PARAMETRIC_REPRESENTATION_CONTEXT() REPRESENTATION_CONTEXT('2D SPACE',''
  ) );
#8189 = PCURVE('',#255,#8190);
#8190 = DEFINITIONAL_REPRESENTATION('',(#8191),#8195);
#8191 = LINE('',#8192,#8193);
#8192 = CARTESIAN_POINT('',(120.,0.));
#8193 = VECTOR('',#8194,1.);
#8194 = DIRECTION('',(0.,1.));
#8195 = ( GEOMETRIC_REPRESENTATION_CONTEXT(2) 
PARAMETRIC_REPRESENTATION_CONTEXT() REPRESENTATION_CONTEXT('2D SPACE',''
  ) );
#8196 = ORIENTED_EDGE('',*,*,#8197,.T.);
#8197 = EDGE_CURVE('',#8175,#8198,#8200,.T.);
#8198 = VERTEX_POINT('',#8199);
#8199 = CARTESIAN_POINT('',(120.,36.,90.));
#8200 = SURFACE_CURVE('',#8201,(#8205,#8212),.PCURVE_S1.);
#8201 = LINE('',#8202,#8203);
#8202 = CARTESIAN_POINT('',(120.,36.,0.));
#8203 = VECTOR('',#8204,1.);
#8204 = DIRECTION('',(0.,0.,1.));
#8205 = PCURVE('',#8134,#8206);
#8206 = DEFINITIONAL_REPRESENTATION('',(#8207),#8211);
#8207 = LINE('',#8208,#8209);
#8208 = CARTESIAN_POINT('',(0.,-72.));
#8209 = VECTOR('',#8210,1.);
#8210 = DIRECTION('',(1.,0.));
#8211 = ( GEOMETRIC_REPRESENTATION_CONTEXT(2) 
PARAMETRIC_REPRESENTATION_CONTEXT() REPRESENTATION_CONTEXT('2D SPACE',''
  ) );
#8212 = PCURVE('',#70,#8213);
#8213 = DEFINITIONAL_REPRESENTATION('',(#8214),#8218);
#8214 = LINE('',#8215,#8216);
#8215 = CARTESIAN_POINT('',(0.,120.));
#8216 = VECTOR('',#8217,1.);
#8217 = DIRECTION('',(1.,0.));
#8218 = ( GEOMETRIC_REPRESENTATION_CONTEXT(2) 
PARAMETRIC_REPRESENTATION_CONTEXT() REPRESENTATION_CONTEXT('2D SPACE',''
  ) );
#8219 = ORIENTED_EDGE('',*,*,#8220,.F.);
#8220 = EDGE_CURVE('',#8152,#8198,#8221,.T.);
#8221 = SURFACE_CURVE('',#8222,(#8226,#8233),.PCURVE_S1.);
#8222 = LINE('',#8223,#8224);
#8223 = CARTESIAN_POINT('',(120.,-36.,90.));
#8224 = VECTOR('',#8225,1.);
#8225 = DIRECTION('',(-0.,1.,0.));
#8226 = PCURVE('',#8134,#8227);
#8227 = DEFINITIONAL_REPRESENTATION('',(#8228),#8232);
#8228 = LINE('',#8229,#8230);
#8229 = CARTESIAN_POINT('',(90.,0.));
#8230 = VECTOR('',#8231,1.);
#8231 = DIRECTION('',(0.,-1.));
#8232 = ( GEOMETRIC_REPRESENTATION_CONTEXT(2) 
PARAMETRIC_REPRESENTATION_CONTEXT() REPRESENTATION_CONTEXT('2D SPACE',''
  ) );
#8233 = PCURVE('',#98,#8234);
#8234 = DEFINITIONAL_REPRESENTATION('',(#8235),#8239);
#8235 = LINE('',#8236,#8237);
#8236 = CARTESIAN_POINT('',(120.,0.));
#8237 = VECTOR('',#8238,1.);
#8238 = DIRECTION('',(0.,1.));
#8239 = ( GEOMETRIC_REPRESENTATION_CONTEXT(2) 
PARAMETRIC_REPRESENTATION_CONTEXT() REPRESENTATION_CONTEXT('2D SPACE',''
  ) );
#8240 = FACE_BOUND('',#8241,.T.);
#8241 = EDGE_LOOP('',(#8242));
#8242 = ORIENTED_EDGE('',*,*,#8243,.F.);
#8243 = EDGE_CURVE('',#8244,#8244,#8246,.T.);
#8244 = VERTEX_POINT('',#8245);
#8245 = CARTESIAN_POINT('',(120.,19.,20.4));
#8246 = SURFACE_CURVE('',#8247,(#8252,#8259),.PCURVE_S1.);
#8247 = CIRCLE('',#8248,4.4);
#8248 = AXIS2_PLACEMENT_3D('',#8249,#8250,#8251);
#8249 = CARTESIAN_POINT('',(120.,19.,16.));
#8250 = DIRECTION('',(1.,0.,0.));
#8251 = DIRECTION('',(-0.,0.,1.));
#8252 = PCURVE('',#8134,#8253);
#8253 = DEFINITIONAL_REPRESENTATION('',(#8254),#8258);
#8254 = CIRCLE('',#8255,4.4);
#8255 = AXIS2_PLACEMENT_2D('',#8256,#8257);
#8256 = CARTESIAN_POINT('',(16.,-55.));
#8257 = DIRECTION('',(1.,0.));
#8258 = ( GEOMETRIC_REPRESENTATION_CONTEXT(2) 
PARAMETRIC_REPRESENTATION_CONTEXT() REPRESENTATION_CONTEXT('2D SPACE',''
  ) );
#8259 = PCURVE('',#8260,#8265);
#8260 = CYLINDRICAL_SURFACE('',#8261,4.4);
#8261 = AXIS2_PLACEMENT_3D('',#8262,#8263,#8264);
#8262 = CARTESIAN_POINT('',(112.5,19.,16.));
#8263 = DIRECTION('',(1.,0.,0.));
#8264 = DIRECTION('',(-0.,0.,1.));
#8265 = DEFINITIONAL_REPRESENTATION('',(#8266),#8270);
#8266 = LINE('',#8267,#8268);
#8267 = CARTESIAN_POINT('',(0.,7.5));
#8268 = VECTOR('',#8269,1.);
#8269 = DIRECTION('',(1.,0.));
#8270 = ( GEOMETRIC_REPRESENTATION_CONTEXT(2) 
PARAMETRIC_REPRESENTATION_CONTEXT() REPRESENTATION_CONTEXT('2D SPACE',''
  ) );
#8271 = FACE_BOUND('',#8272,.T.);
#8272 = EDGE_LOOP('',(#8273));
#8273 = ORIENTED_EDGE('',*,*,#8274,.F.);
#8274 = EDGE_CURVE('',#8275,#8275,#8277,.T.);
#8275 = VERTEX_POINT('',#8276);
#8276 = CARTESIAN_POINT('',(120.,19.,78.4));
#8277 = SURFACE_CURVE('',#8278,(#8283,#8290),.PCURVE_S1.);
#8278 = CIRCLE('',#8279,4.4);
#8279 = AXIS2_PLACEMENT_3D('',#8280,#8281,#8282);
#8280 = CARTESIAN_POINT('',(120.,19.,74.));
#8281 = DIRECTION('',(1.,0.,0.));
#8282 = DIRECTION('',(-0.,0.,1.));
#8283 = PCURVE('',#8134,#8284);
#8284 = DEFINITIONAL_REPRESENTATION('',(#8285),#8289);
#8285 = CIRCLE('',#8286,4.4);
#8286 = AXIS2_PLACEMENT_2D('',#8287,#8288);
#8287 = CARTESIAN_POINT('',(74.,-55.));
#8288 = DIRECTION('',(1.,0.));
#8289 = ( GEOMETRIC_REPRESENTATION_CONTEXT(2) 
PARAMETRIC_REPRESENTATION_CONTEXT() REPRESENTATION_CONTEXT('2D SPACE',''
  ) );
#8290 = PCURVE('',#8291,#8296);
#8291 = CYLINDRICAL_SURFACE('',#8292,4.4);
#8292 = AXIS2_PLACEMENT_3D('',#8293,#8294,#8295);
#8293 = CARTESIAN_POINT('',(112.5,19.,74.));
#8294 = DIRECTION('',(1.,0.,0.));
#8295 = DIRECTION('',(-0.,0.,1.));
#8296 = DEFINITIONAL_REPRESENTATION('',(#8297),#8301);
#8297 = LINE('',#8298,#8299);
#8298 = CARTESIAN_POINT('',(0.,7.5));
#8299 = VECTOR('',#8300,1.);
#8300 = DIRECTION('',(1.,0.));
#8301 = ( GEOMETRIC_REPRESENTATION_CONTEXT(2) 
PARAMETRIC_REPRESENTATION_CONTEXT() REPRESENTATION_CONTEXT('2D SPACE',''
  ) );
#8302 = FACE_BOUND('',#8303,.T.);
#8303 = EDGE_LOOP('',(#8304));
#8304 = ORIENTED_EDGE('',*,*,#8305,.F.);
#8305 = EDGE_CURVE('',#8306,#8306,#8308,.T.);
#8306 = VERTEX_POINT('',#8307);
#8307 = CARTESIAN_POINT('',(120.,7.,20.4));
#8308 = SURFACE_CURVE('',#8309,(#8314,#8321),.PCURVE_S1.);
#8309 = CIRCLE('',#8310,4.4);
#8310 = AXIS2_PLACEMENT_3D('',#8311,#8312,#8313);
#8311 = CARTESIAN_POINT('',(120.,7.,16.));
#8312 = DIRECTION('',(1.,0.,0.));
#8313 = DIRECTION('',(-0.,0.,1.));
#8314 = PCURVE('',#8134,#8315);
#8315 = DEFINITIONAL_REPRESENTATION('',(#8316),#8320);
#8316 = CIRCLE('',#8317,4.4);
#8317 = AXIS2_PLACEMENT_2D('',#8318,#8319);
#8318 = CARTESIAN_POINT('',(16.,-43.));
#8319 = DIRECTION('',(1.,0.));
#8320 = ( GEOMETRIC_REPRESENTATION_CONTEXT(2) 
PARAMETRIC_REPRESENTATION_CONTEXT() REPRESENTATION_CONTEXT('2D SPACE',''
  ) );
#8321 = PCURVE('',#8322,#8327);
#8322 = CYLINDRICAL_SURFACE('',#8323,4.4);
#8323 = AXIS2_PLACEMENT_3D('',#8324,#8325,#8326);
#8324 = CARTESIAN_POINT('',(112.5,7.,16.));
#8325 = DIRECTION('',(1.,0.,0.));
#8326 = DIRECTION('',(-0.,0.,1.));
#8327 = DEFINITIONAL_REPRESENTATION('',(#8328),#8332);
#8328 = LINE('',#8329,#8330);
#8329 = CARTESIAN_POINT('',(0.,7.5));
#8330 = VECTOR('',#8331,1.);
#8331 = DIRECTION('',(1.,0.));
#8332 = ( GEOMETRIC_REPRESENTATION_CONTEXT(2) 
PARAMETRIC_REPRESENTATION_CONTEXT() REPRESENTATION_CONTEXT('2D SPACE',''
  ) );
#8333 = FACE_BOUND('',#8334,.T.);
#8334 = EDGE_LOOP('',(#8335));
#8335 = ORIENTED_EDGE('',*,*,#8119,.F.);
#8336 = ADVANCED_FACE('',(#8337),#8322,.T.);
#8337 = FACE_BOUND('',#8338,.T.);
#8338 = EDGE_LOOP('',(#8339,#8362,#8389,#8390));
#8339 = ORIENTED_EDGE('',*,*,#8340,.T.);
#8340 = EDGE_CURVE('',#8306,#8341,#8343,.T.);
#8341 = VERTEX_POINT('',#8342);
#8342 = CARTESIAN_POINT('',(120.2,7.,20.4));
#8343 = SEAM_CURVE('',#8344,(#8348,#8355),.PCURVE_S1.);
#8344 = LINE('',#8345,#8346);
#8345 = CARTESIAN_POINT('',(112.5,7.,20.4));
#8346 = VECTOR('',#8347,1.);
#8347 = DIRECTION('',(1.,0.,0.));
#8348 = PCURVE('',#8322,#8349);
#8349 = DEFINITIONAL_REPRESENTATION('',(#8350),#8354);
#8350 = LINE('',#8351,#8352);
#8351 = CARTESIAN_POINT('',(6.28318530718,-0.));
#8352 = VECTOR('',#8353,1.);
#8353 = DIRECTION('',(0.,1.));
#8354 = ( GEOMETRIC_REPRESENTATION_CONTEXT(2) 
PARAMETRIC_REPRESENTATION_CONTEXT() REPRESENTATION_CONTEXT('2D SPACE',''
  ) );
#8355 = PCURVE('',#8322,#8356);
#8356 = DEFINITIONAL_REPRESENTATION('',(#8357),#8361);
#8357 = LINE('',#8358,#8359);
#8358 = CARTESIAN_POINT('',(0.,-0.));
#8359 = VECTOR('',#8360,1.);
#8360 = DIRECTION('',(0.,1.));
#8361 = ( GEOMETRIC_REPRESENTATION_CONTEXT(2) 
PARAMETRIC_REPRESENTATION_CONTEXT() REPRESENTATION_CONTEXT('2D SPACE',''
  ) );
#8362 = ORIENTED_EDGE('',*,*,#8363,.F.);
#8363 = EDGE_CURVE('',#8341,#8341,#8364,.T.);
#8364 = SURFACE_CURVE('',#8365,(#8370,#8377),.PCURVE_S1.);
#8365 = CIRCLE('',#8366,4.4);
#8366 = AXIS2_PLACEMENT_3D('',#8367,#8368,#8369);
#8367 = CARTESIAN_POINT('',(120.2,7.,16.));
#8368 = DIRECTION('',(1.,0.,0.));
#8369 = DIRECTION('',(-0.,0.,1.));
#8370 = PCURVE('',#8322,#8371);
#8371 = DEFINITIONAL_REPRESENTATION('',(#8372),#8376);
#8372 = LINE('',#8373,#8374);
#8373 = CARTESIAN_POINT('',(0.,7.7));
#8374 = VECTOR('',#8375,1.);
#8375 = DIRECTION('',(1.,0.));
#8376 = ( GEOMETRIC_REPRESENTATION_CONTEXT(2) 
PARAMETRIC_REPRESENTATION_CONTEXT() REPRESENTATION_CONTEXT('2D SPACE',''
  ) );
#8377 = PCURVE('',#8378,#8383);
#8378 = PLANE('',#8379);
#8379 = AXIS2_PLACEMENT_3D('',#8380,#8381,#8382);
#8380 = CARTESIAN_POINT('',(120.2,7.,16.));
#8381 = DIRECTION('',(1.,0.,0.));
#8382 = DIRECTION('',(-0.,0.,1.));
#8383 = DEFINITIONAL_REPRESENTATION('',(#8384),#8388);
#8384 = CIRCLE('',#8385,4.4);
#8385 = AXIS2_PLACEMENT_2D('',#8386,#8387);
#8386 = CARTESIAN_POINT('',(0.,0.));
#8387 = DIRECTION('',(1.,0.));
#8388 = ( GEOMETRIC_REPRESENTATION_CONTEXT(2) 
PARAMETRIC_REPRESENTATION_CONTEXT() REPRESENTATION_CONTEXT('2D SPACE',''
  ) );
#8389 = ORIENTED_EDGE('',*,*,#8340,.F.);
#8390 = ORIENTED_EDGE('',*,*,#8305,.T.);
#8391 = ADVANCED_FACE('',(#8392,#8395),#8378,.T.);
#8392 = FACE_BOUND('',#8393,.T.);
#8393 = EDGE_LOOP('',(#8394));
#8394 = ORIENTED_EDGE('',*,*,#8363,.T.);
#8395 = FACE_BOUND('',#8396,.T.);
#8396 = EDGE_LOOP('',(#8397));
#8397 = ORIENTED_EDGE('',*,*,#8398,.F.);
#8398 = EDGE_CURVE('',#8399,#8399,#8401,.T.);
#8399 = VERTEX_POINT('',#8400);
#8400 = CARTESIAN_POINT('',(120.2,7.,18.1));
#8401 = SURFACE_CURVE('',#8402,(#8407,#8414),.PCURVE_S1.);
#8402 = CIRCLE('',#8403,2.1);
#8403 = AXIS2_PLACEMENT_3D('',#8404,#8405,#8406);
#8404 = CARTESIAN_POINT('',(120.2,7.,16.));
#8405 = DIRECTION('',(1.,0.,0.));
#8406 = DIRECTION('',(-0.,0.,1.));
#8407 = PCURVE('',#8378,#8408);
#8408 = DEFINITIONAL_REPRESENTATION('',(#8409),#8413);
#8409 = CIRCLE('',#8410,2.1);
#8410 = AXIS2_PLACEMENT_2D('',#8411,#8412);
#8411 = CARTESIAN_POINT('',(0.,0.));
#8412 = DIRECTION('',(1.,0.));
#8413 = ( GEOMETRIC_REPRESENTATION_CONTEXT(2) 
PARAMETRIC_REPRESENTATION_CONTEXT() REPRESENTATION_CONTEXT('2D SPACE',''
  ) );
#8414 = PCURVE('',#8415,#8420);
#8415 = CYLINDRICAL_SURFACE('',#8416,2.1);
#8416 = AXIS2_PLACEMENT_3D('',#8417,#8418,#8419);
#8417 = CARTESIAN_POINT('',(112.3,7.,16.));
#8418 = DIRECTION('',(1.,0.,0.));
#8419 = DIRECTION('',(-0.,0.,1.));
#8420 = DEFINITIONAL_REPRESENTATION('',(#8421),#8425);
#8421 = LINE('',#8422,#8423);
#8422 = CARTESIAN_POINT('',(0.,7.9));
#8423 = VECTOR('',#8424,1.);
#8424 = DIRECTION('',(1.,0.));
#8425 = ( GEOMETRIC_REPRESENTATION_CONTEXT(2) 
PARAMETRIC_REPRESENTATION_CONTEXT() REPRESENTATION_CONTEXT('2D SPACE',''
  ) );
#8426 = ADVANCED_FACE('',(#8427),#8415,.F.);
#8427 = FACE_BOUND('',#8428,.F.);
#8428 = EDGE_LOOP('',(#8429,#8430,#8453,#8480));
#8429 = ORIENTED_EDGE('',*,*,#8398,.F.);
#8430 = ORIENTED_EDGE('',*,*,#8431,.F.);
#8431 = EDGE_CURVE('',#8432,#8399,#8434,.T.);
#8432 = VERTEX_POINT('',#8433);
#8433 = CARTESIAN_POINT('',(112.5,7.,18.1));
#8434 = SEAM_CURVE('',#8435,(#8439,#8446),.PCURVE_S1.);
#8435 = LINE('',#8436,#8437);
#8436 = CARTESIAN_POINT('',(112.3,7.,18.1));
#8437 = VECTOR('',#8438,1.);
#8438 = DIRECTION('',(1.,0.,0.));
#8439 = PCURVE('',#8415,#8440);
#8440 = DEFINITIONAL_REPRESENTATION('',(#8441),#8445);
#8441 = LINE('',#8442,#8443);
#8442 = CARTESIAN_POINT('',(6.28318530718,-0.));
#8443 = VECTOR('',#8444,1.);
#8444 = DIRECTION('',(0.,1.));
#8445 = ( GEOMETRIC_REPRESENTATION_CONTEXT(2) 
PARAMETRIC_REPRESENTATION_CONTEXT() REPRESENTATION_CONTEXT('2D SPACE',''
  ) );
#8446 = PCURVE('',#8415,#8447);
#8447 = DEFINITIONAL_REPRESENTATION('',(#8448),#8452);
#8448 = LINE('',#8449,#8450);
#8449 = CARTESIAN_POINT('',(0.,-0.));
#8450 = VECTOR('',#8451,1.);
#8451 = DIRECTION('',(0.,1.));
#8452 = ( GEOMETRIC_REPRESENTATION_CONTEXT(2) 
PARAMETRIC_REPRESENTATION_CONTEXT() REPRESENTATION_CONTEXT('2D SPACE',''
  ) );
#8453 = ORIENTED_EDGE('',*,*,#8454,.T.);
#8454 = EDGE_CURVE('',#8432,#8432,#8455,.T.);
#8455 = SURFACE_CURVE('',#8456,(#8461,#8468),.PCURVE_S1.);
#8456 = CIRCLE('',#8457,2.1);
#8457 = AXIS2_PLACEMENT_3D('',#8458,#8459,#8460);
#8458 = CARTESIAN_POINT('',(112.5,7.,16.));
#8459 = DIRECTION('',(1.,0.,0.));
#8460 = DIRECTION('',(-0.,0.,1.));
#8461 = PCURVE('',#8415,#8462);
#8462 = DEFINITIONAL_REPRESENTATION('',(#8463),#8467);
#8463 = LINE('',#8464,#8465);
#8464 = CARTESIAN_POINT('',(0.,0.2));
#8465 = VECTOR('',#8466,1.);
#8466 = DIRECTION('',(1.,0.));
#8467 = ( GEOMETRIC_REPRESENTATION_CONTEXT(2) 
PARAMETRIC_REPRESENTATION_CONTEXT() REPRESENTATION_CONTEXT('2D SPACE',''
  ) );
#8468 = PCURVE('',#8469,#8474);
#8469 = PLANE('',#8470);
#8470 = AXIS2_PLACEMENT_3D('',#8471,#8472,#8473);
#8471 = CARTESIAN_POINT('',(112.5,7.,16.));
#8472 = DIRECTION('',(1.,0.,0.));
#8473 = DIRECTION('',(-0.,0.,1.));
#8474 = DEFINITIONAL_REPRESENTATION('',(#8475),#8479);
#8475 = CIRCLE('',#8476,2.1);
#8476 = AXIS2_PLACEMENT_2D('',#8477,#8478);
#8477 = CARTESIAN_POINT('',(0.,0.));
#8478 = DIRECTION('',(1.,0.));
#8479 = ( GEOMETRIC_REPRESENTATION_CONTEXT(2) 
PARAMETRIC_REPRESENTATION_CONTEXT() REPRESENTATION_CONTEXT('2D SPACE',''
  ) );
#8480 = ORIENTED_EDGE('',*,*,#8431,.T.);
#8481 = ADVANCED_FACE('',(#8482,#8508),#8469,.F.);
#8482 = FACE_BOUND('',#8483,.F.);
#8483 = EDGE_LOOP('',(#8484));
#8484 = ORIENTED_EDGE('',*,*,#8485,.T.);
#8485 = EDGE_CURVE('',#8486,#8486,#8488,.T.);
#8486 = VERTEX_POINT('',#8487);
#8487 = CARTESIAN_POINT('',(112.5,7.,20.4));
#8488 = SURFACE_CURVE('',#8489,(#8494,#8501),.PCURVE_S1.);
#8489 = CIRCLE('',#8490,4.4);
#8490 = AXIS2_PLACEMENT_3D('',#8491,#8492,#8493);
#8491 = CARTESIAN_POINT('',(112.5,7.,16.));
#8492 = DIRECTION('',(1.,0.,0.));
#8493 = DIRECTION('',(-0.,0.,1.));
#8494 = PCURVE('',#8469,#8495);
#8495 = DEFINITIONAL_REPRESENTATION('',(#8496),#8500);
#8496 = CIRCLE('',#8497,4.4);
#8497 = AXIS2_PLACEMENT_2D('',#8498,#8499);
#8498 = CARTESIAN_POINT('',(0.,0.));
#8499 = DIRECTION('',(1.,0.));
#8500 = ( GEOMETRIC_REPRESENTATION_CONTEXT(2) 
PARAMETRIC_REPRESENTATION_CONTEXT() REPRESENTATION_CONTEXT('2D SPACE',''
  ) );
#8501 = PCURVE('',#7868,#8502);
#8502 = DEFINITIONAL_REPRESENTATION('',(#8503),#8507);
#8503 = LINE('',#8504,#8505);
#8504 = CARTESIAN_POINT('',(0.,0.));
#8505 = VECTOR('',#8506,1.);
#8506 = DIRECTION('',(1.,0.));
#8507 = ( GEOMETRIC_REPRESENTATION_CONTEXT(2) 
PARAMETRIC_REPRESENTATION_CONTEXT() REPRESENTATION_CONTEXT('2D SPACE',''
  ) );
#8508 = FACE_BOUND('',#8509,.F.);
#8509 = EDGE_LOOP('',(#8510));
#8510 = ORIENTED_EDGE('',*,*,#8454,.F.);
#8511 = ADVANCED_FACE('',(#8512),#8291,.T.);
#8512 = FACE_BOUND('',#8513,.T.);
#8513 = EDGE_LOOP('',(#8514,#8537,#8564,#8565));
#8514 = ORIENTED_EDGE('',*,*,#8515,.T.);
#8515 = EDGE_CURVE('',#8275,#8516,#8518,.T.);
#8516 = VERTEX_POINT('',#8517);
#8517 = CARTESIAN_POINT('',(120.2,19.,78.4));
#8518 = SEAM_CURVE('',#8519,(#8523,#8530),.PCURVE_S1.);
#8519 = LINE('',#8520,#8521);
#8520 = CARTESIAN_POINT('',(112.5,19.,78.4));
#8521 = VECTOR('',#8522,1.);
#8522 = DIRECTION('',(1.,0.,0.));
#8523 = PCURVE('',#8291,#8524);
#8524 = DEFINITIONAL_REPRESENTATION('',(#8525),#8529);
#8525 = LINE('',#8526,#8527);
#8526 = CARTESIAN_POINT('',(6.28318530718,-0.));
#8527 = VECTOR('',#8528,1.);
#8528 = DIRECTION('',(0.,1.));
#8529 = ( GEOMETRIC_REPRESENTATION_CONTEXT(2) 
PARAMETRIC_REPRESENTATION_CONTEXT() REPRESENTATION_CONTEXT('2D SPACE',''
  ) );
#8530 = PCURVE('',#8291,#8531);
#8531 = DEFINITIONAL_REPRESENTATION('',(#8532),#8536);
#8532 = LINE('',#8533,#8534);
#8533 = CARTESIAN_POINT('',(0.,-0.));
#8534 = VECTOR('',#8535,1.);
#8535 = DIRECTION('',(0.,1.));
#8536 = ( GEOMETRIC_REPRESENTATION_CONTEXT(2) 
PARAMETRIC_REPRESENTATION_CONTEXT() REPRESENTATION_CONTEXT('2D SPACE',''
  ) );
#8537 = ORIENTED_EDGE('',*,*,#8538,.F.);
#8538 = EDGE_CURVE('',#8516,#8516,#8539,.T.);
#8539 = SURFACE_CURVE('',#8540,(#8545,#8552),.PCURVE_S1.);
#8540 = CIRCLE('',#8541,4.4);
#8541 = AXIS2_PLACEMENT_3D('',#8542,#8543,#8544);
#8542 = CARTESIAN_POINT('',(120.2,19.,74.));
#8543 = DIRECTION('',(1.,0.,0.));
#8544 = DIRECTION('',(-0.,0.,1.));
#8545 = PCURVE('',#8291,#8546);
#8546 = DEFINITIONAL_REPRESENTATION('',(#8547),#8551);
#8547 = LINE('',#8548,#8549);
#8548 = CARTESIAN_POINT('',(0.,7.7));
#8549 = VECTOR('',#8550,1.);
#8550 = DIRECTION('',(1.,0.));
#8551 = ( GEOMETRIC_REPRESENTATION_CONTEXT(2) 
PARAMETRIC_REPRESENTATION_CONTEXT() REPRESENTATION_CONTEXT('2D SPACE',''
  ) );
#8552 = PCURVE('',#8553,#8558);
#8553 = PLANE('',#8554);
#8554 = AXIS2_PLACEMENT_3D('',#8555,#8556,#8557);
#8555 = CARTESIAN_POINT('',(120.2,19.,74.));
#8556 = DIRECTION('',(1.,0.,0.));
#8557 = DIRECTION('',(-0.,0.,1.));
#8558 = DEFINITIONAL_REPRESENTATION('',(#8559),#8563);
#8559 = CIRCLE('',#8560,4.4);
#8560 = AXIS2_PLACEMENT_2D('',#8561,#8562);
#8561 = CARTESIAN_POINT('',(0.,0.));
#8562 = DIRECTION('',(1.,0.));
#8563 = ( GEOMETRIC_REPRESENTATION_CONTEXT(2) 
PARAMETRIC_REPRESENTATION_CONTEXT() REPRESENTATION_CONTEXT('2D SPACE',''
  ) );
#8564 = ORIENTED_EDGE('',*,*,#8515,.F.);
#8565 = ORIENTED_EDGE('',*,*,#8274,.T.);
#8566 = ADVANCED_FACE('',(#8567,#8570),#8553,.T.);
#8567 = FACE_BOUND('',#8568,.T.);
#8568 = EDGE_LOOP('',(#8569));
#8569 = ORIENTED_EDGE('',*,*,#8538,.T.);
#8570 = FACE_BOUND('',#8571,.T.);
#8571 = EDGE_LOOP('',(#8572));
#8572 = ORIENTED_EDGE('',*,*,#8573,.F.);
#8573 = EDGE_CURVE('',#8574,#8574,#8576,.T.);
#8574 = VERTEX_POINT('',#8575);
#8575 = CARTESIAN_POINT('',(120.2,19.,76.1));
#8576 = SURFACE_CURVE('',#8577,(#8582,#8589),.PCURVE_S1.);
#8577 = CIRCLE('',#8578,2.1);
#8578 = AXIS2_PLACEMENT_3D('',#8579,#8580,#8581);
#8579 = CARTESIAN_POINT('',(120.2,19.,74.));
#8580 = DIRECTION('',(1.,0.,0.));
#8581 = DIRECTION('',(-0.,0.,1.));
#8582 = PCURVE('',#8553,#8583);
#8583 = DEFINITIONAL_REPRESENTATION('',(#8584),#8588);
#8584 = CIRCLE('',#8585,2.1);
#8585 = AXIS2_PLACEMENT_2D('',#8586,#8587);
#8586 = CARTESIAN_POINT('',(0.,0.));
#8587 = DIRECTION('',(1.,0.));
#8588 = ( GEOMETRIC_REPRESENTATION_CONTEXT(2) 
PARAMETRIC_REPRESENTATION_CONTEXT() REPRESENTATION_CONTEXT('2D SPACE',''
  ) );
#8589 = PCURVE('',#8590,#8595);
#8590 = CYLINDRICAL_SURFACE('',#8591,2.1);
#8591 = AXIS2_PLACEMENT_3D('',#8592,#8593,#8594);
#8592 = CARTESIAN_POINT('',(112.3,19.,74.));
#8593 = DIRECTION('',(1.,0.,0.));
#8594 = DIRECTION('',(-0.,0.,1.));
#8595 = DEFINITIONAL_REPRESENTATION('',(#8596),#8600);
#8596 = LINE('',#8597,#8598);
#8597 = CARTESIAN_POINT('',(0.,7.9));
#8598 = VECTOR('',#8599,1.);
#8599 = DIRECTION('',(1.,0.));
#8600 = ( GEOMETRIC_REPRESENTATION_CONTEXT(2) 
PARAMETRIC_REPRESENTATION_CONTEXT() REPRESENTATION_CONTEXT('2D SPACE',''
  ) );
#8601 = ADVANCED_FACE('',(#8602),#8590,.F.);
#8602 = FACE_BOUND('',#8603,.F.);
#8603 = EDGE_LOOP('',(#8604,#8605,#8628,#8655));
#8604 = ORIENTED_EDGE('',*,*,#8573,.F.);
#8605 = ORIENTED_EDGE('',*,*,#8606,.F.);
#8606 = EDGE_CURVE('',#8607,#8574,#8609,.T.);
#8607 = VERTEX_POINT('',#8608);
#8608 = CARTESIAN_POINT('',(112.5,19.,76.1));
#8609 = SEAM_CURVE('',#8610,(#8614,#8621),.PCURVE_S1.);
#8610 = LINE('',#8611,#8612);
#8611 = CARTESIAN_POINT('',(112.3,19.,76.1));
#8612 = VECTOR('',#8613,1.);
#8613 = DIRECTION('',(1.,0.,0.));
#8614 = PCURVE('',#8590,#8615);
#8615 = DEFINITIONAL_REPRESENTATION('',(#8616),#8620);
#8616 = LINE('',#8617,#8618);
#8617 = CARTESIAN_POINT('',(6.28318530718,-0.));
#8618 = VECTOR('',#8619,1.);
#8619 = DIRECTION('',(0.,1.));
#8620 = ( GEOMETRIC_REPRESENTATION_CONTEXT(2) 
PARAMETRIC_REPRESENTATION_CONTEXT() REPRESENTATION_CONTEXT('2D SPACE',''
  ) );
#8621 = PCURVE('',#8590,#8622);
#8622 = DEFINITIONAL_REPRESENTATION('',(#8623),#8627);
#8623 = LINE('',#8624,#8625);
#8624 = CARTESIAN_POINT('',(0.,-0.));
#8625 = VECTOR('',#8626,1.);
#8626 = DIRECTION('',(0.,1.));
#8627 = ( GEOMETRIC_REPRESENTATION_CONTEXT(2) 
PARAMETRIC_REPRESENTATION_CONTEXT() REPRESENTATION_CONTEXT('2D SPACE',''
  ) );
#8628 = ORIENTED_EDGE('',*,*,#8629,.T.);
#8629 = EDGE_CURVE('',#8607,#8607,#8630,.T.);
#8630 = SURFACE_CURVE('',#8631,(#8636,#8643),.PCURVE_S1.);
#8631 = CIRCLE('',#8632,2.1);
#8632 = AXIS2_PLACEMENT_3D('',#8633,#8634,#8635);
#8633 = CARTESIAN_POINT('',(112.5,19.,74.));
#8634 = DIRECTION('',(1.,0.,0.));
#8635 = DIRECTION('',(-0.,0.,1.));
#8636 = PCURVE('',#8590,#8637);
#8637 = DEFINITIONAL_REPRESENTATION('',(#8638),#8642);
#8638 = LINE('',#8639,#8640);
#8639 = CARTESIAN_POINT('',(0.,0.2));
#8640 = VECTOR('',#8641,1.);
#8641 = DIRECTION('',(1.,0.));
#8642 = ( GEOMETRIC_REPRESENTATION_CONTEXT(2) 
PARAMETRIC_REPRESENTATION_CONTEXT() REPRESENTATION_CONTEXT('2D SPACE',''
  ) );
#8643 = PCURVE('',#8644,#8649);
#8644 = PLANE('',#8645);
#8645 = AXIS2_PLACEMENT_3D('',#8646,#8647,#8648);
#8646 = CARTESIAN_POINT('',(112.5,19.,74.));
#8647 = DIRECTION('',(1.,0.,0.));
#8648 = DIRECTION('',(-0.,0.,1.));
#8649 = DEFINITIONAL_REPRESENTATION('',(#8650),#8654);
#8650 = CIRCLE('',#8651,2.1);
#8651 = AXIS2_PLACEMENT_2D('',#8652,#8653);
#8652 = CARTESIAN_POINT('',(0.,0.));
#8653 = DIRECTION('',(1.,0.));
#8654 = ( GEOMETRIC_REPRESENTATION_CONTEXT(2) 
PARAMETRIC_REPRESENTATION_CONTEXT() REPRESENTATION_CONTEXT('2D SPACE',''
  ) );
#8655 = ORIENTED_EDGE('',*,*,#8606,.T.);
#8656 = ADVANCED_FACE('',(#8657,#8683),#8644,.F.);
#8657 = FACE_BOUND('',#8658,.F.);
#8658 = EDGE_LOOP('',(#8659));
#8659 = ORIENTED_EDGE('',*,*,#8660,.T.);
#8660 = EDGE_CURVE('',#8661,#8661,#8663,.T.);
#8661 = VERTEX_POINT('',#8662);
#8662 = CARTESIAN_POINT('',(112.5,19.,78.4));
#8663 = SURFACE_CURVE('',#8664,(#8669,#8676),.PCURVE_S1.);
#8664 = CIRCLE('',#8665,4.4);
#8665 = AXIS2_PLACEMENT_3D('',#8666,#8667,#8668);
#8666 = CARTESIAN_POINT('',(112.5,19.,74.));
#8667 = DIRECTION('',(1.,0.,0.));
#8668 = DIRECTION('',(-0.,0.,1.));
#8669 = PCURVE('',#8644,#8670);
#8670 = DEFINITIONAL_REPRESENTATION('',(#8671),#8675);
#8671 = CIRCLE('',#8672,4.4);
#8672 = AXIS2_PLACEMENT_2D('',#8673,#8674);
#8673 = CARTESIAN_POINT('',(0.,0.));
#8674 = DIRECTION('',(1.,0.));
#8675 = ( GEOMETRIC_REPRESENTATION_CONTEXT(2) 
PARAMETRIC_REPRESENTATION_CONTEXT() REPRESENTATION_CONTEXT('2D SPACE',''
  ) );
#8676 = PCURVE('',#7837,#8677);
#8677 = DEFINITIONAL_REPRESENTATION('',(#8678),#8682);
#8678 = LINE('',#8679,#8680);
#8679 = CARTESIAN_POINT('',(0.,0.));
#8680 = VECTOR('',#8681,1.);
#8681 = DIRECTION('',(1.,0.));
#8682 = ( GEOMETRIC_REPRESENTATION_CONTEXT(2) 
PARAMETRIC_REPRESENTATION_CONTEXT() REPRESENTATION_CONTEXT('2D SPACE',''
  ) );
#8683 = FACE_BOUND('',#8684,.F.);
#8684 = EDGE_LOOP('',(#8685));
#8685 = ORIENTED_EDGE('',*,*,#8629,.F.);
#8686 = ADVANCED_FACE('',(#8687),#8260,.T.);
#8687 = FACE_BOUND('',#8688,.T.);
#8688 = EDGE_LOOP('',(#8689,#8712,#8739,#8740));
#8689 = ORIENTED_EDGE('',*,*,#8690,.T.);
#8690 = EDGE_CURVE('',#8244,#8691,#8693,.T.);
#8691 = VERTEX_POINT('',#8692);
#8692 = CARTESIAN_POINT('',(120.2,19.,20.4));
#8693 = SEAM_CURVE('',#8694,(#8698,#8705),.PCURVE_S1.);
#8694 = LINE('',#8695,#8696);
#8695 = CARTESIAN_POINT('',(112.5,19.,20.4));
#8696 = VECTOR('',#8697,1.);
#8697 = DIRECTION('',(1.,0.,0.));
#8698 = PCURVE('',#8260,#8699);
#8699 = DEFINITIONAL_REPRESENTATION('',(#8700),#8704);
#8700 = LINE('',#8701,#8702);
#8701 = CARTESIAN_POINT('',(6.28318530718,-0.));
#8702 = VECTOR('',#8703,1.);
#8703 = DIRECTION('',(0.,1.));
#8704 = ( GEOMETRIC_REPRESENTATION_CONTEXT(2) 
PARAMETRIC_REPRESENTATION_CONTEXT() REPRESENTATION_CONTEXT('2D SPACE',''
  ) );
#8705 = PCURVE('',#8260,#8706);
#8706 = DEFINITIONAL_REPRESENTATION('',(#8707),#8711);
#8707 = LINE('',#8708,#8709);
#8708 = CARTESIAN_POINT('',(0.,-0.));
#8709 = VECTOR('',#8710,1.);
#8710 = DIRECTION('',(0.,1.));
#8711 = ( GEOMETRIC_REPRESENTATION_CONTEXT(2) 
PARAMETRIC_REPRESENTATION_CONTEXT() REPRESENTATION_CONTEXT('2D SPACE',''
  ) );
#8712 = ORIENTED_EDGE('',*,*,#8713,.F.);
#8713 = EDGE_CURVE('',#8691,#8691,#8714,.T.);
#8714 = SURFACE_CURVE('',#8715,(#8720,#8727),.PCURVE_S1.);
#8715 = CIRCLE('',#8716,4.4);
#8716 = AXIS2_PLACEMENT_3D('',#8717,#8718,#8719);
#8717 = CARTESIAN_POINT('',(120.2,19.,16.));
#8718 = DIRECTION('',(1.,0.,0.));
#8719 = DIRECTION('',(-0.,0.,1.));
#8720 = PCURVE('',#8260,#8721);
#8721 = DEFINITIONAL_REPRESENTATION('',(#8722),#8726);
#8722 = LINE('',#8723,#8724);
#8723 = CARTESIAN_POINT('',(0.,7.7));
#8724 = VECTOR('',#8725,1.);
#8725 = DIRECTION('',(1.,0.));
#8726 = ( GEOMETRIC_REPRESENTATION_CONTEXT(2) 
PARAMETRIC_REPRESENTATION_CONTEXT() REPRESENTATION_CONTEXT('2D SPACE',''
  ) );
#8727 = PCURVE('',#8728,#8733);
#8728 = PLANE('',#8729);
#8729 = AXIS2_PLACEMENT_3D('',#8730,#8731,#8732);
#8730 = CARTESIAN_POINT('',(120.2,19.,16.));
#8731 = DIRECTION('',(1.,0.,0.));
#8732 = DIRECTION('',(-0.,0.,1.));
#8733 = DEFINITIONAL_REPRESENTATION('',(#8734),#8738);
#8734 = CIRCLE('',#8735,4.4);
#8735 = AXIS2_PLACEMENT_2D('',#8736,#8737);
#8736 = CARTESIAN_POINT('',(0.,0.));
#8737 = DIRECTION('',(1.,0.));
#8738 = ( GEOMETRIC_REPRESENTATION_CONTEXT(2) 
PARAMETRIC_REPRESENTATION_CONTEXT() REPRESENTATION_CONTEXT('2D SPACE',''
  ) );
#8739 = ORIENTED_EDGE('',*,*,#8690,.F.);
#8740 = ORIENTED_EDGE('',*,*,#8243,.T.);
#8741 = ADVANCED_FACE('',(#8742,#8745),#8728,.T.);
#8742 = FACE_BOUND('',#8743,.T.);
#8743 = EDGE_LOOP('',(#8744));
#8744 = ORIENTED_EDGE('',*,*,#8713,.T.);
#8745 = FACE_BOUND('',#8746,.T.);
#8746 = EDGE_LOOP('',(#8747));
#8747 = ORIENTED_EDGE('',*,*,#8748,.F.);
#8748 = EDGE_CURVE('',#8749,#8749,#8751,.T.);
#8749 = VERTEX_POINT('',#8750);
#8750 = CARTESIAN_POINT('',(120.2,19.,18.1));
#8751 = SURFACE_CURVE('',#8752,(#8757,#8764),.PCURVE_S1.);
#8752 = CIRCLE('',#8753,2.1);
#8753 = AXIS2_PLACEMENT_3D('',#8754,#8755,#8756);
#8754 = CARTESIAN_POINT('',(120.2,19.,16.));
#8755 = DIRECTION('',(1.,0.,0.));
#8756 = DIRECTION('',(-0.,0.,1.));
#8757 = PCURVE('',#8728,#8758);
#8758 = DEFINITIONAL_REPRESENTATION('',(#8759),#8763);
#8759 = CIRCLE('',#8760,2.1);
#8760 = AXIS2_PLACEMENT_2D('',#8761,#8762);
#8761 = CARTESIAN_POINT('',(0.,0.));
#8762 = DIRECTION('',(1.,0.));
#8763 = ( GEOMETRIC_REPRESENTATION_CONTEXT(2) 
PARAMETRIC_REPRESENTATION_CONTEXT() REPRESENTATION_CONTEXT('2D SPACE',''
  ) );
#8764 = PCURVE('',#8765,#8770);
#8765 = CYLINDRICAL_SURFACE('',#8766,2.1);
#8766 = AXIS2_PLACEMENT_3D('',#8767,#8768,#8769);
#8767 = CARTESIAN_POINT('',(112.3,19.,16.));
#8768 = DIRECTION('',(1.,0.,0.));
#8769 = DIRECTION('',(-0.,0.,1.));
#8770 = DEFINITIONAL_REPRESENTATION('',(#8771),#8775);
#8771 = LINE('',#8772,#8773);
#8772 = CARTESIAN_POINT('',(0.,7.9));
#8773 = VECTOR('',#8774,1.);
#8774 = DIRECTION('',(1.,0.));
#8775 = ( GEOMETRIC_REPRESENTATION_CONTEXT(2) 
PARAMETRIC_REPRESENTATION_CONTEXT() REPRESENTATION_CONTEXT('2D SPACE',''
  ) );
#8776 = ADVANCED_FACE('',(#8777),#8765,.F.);
#8777 = FACE_BOUND('',#8778,.F.);
#8778 = EDGE_LOOP('',(#8779,#8780,#8803,#8830));
#8779 = ORIENTED_EDGE('',*,*,#8748,.F.);
#8780 = ORIENTED_EDGE('',*,*,#8781,.F.);
#8781 = EDGE_CURVE('',#8782,#8749,#8784,.T.);
#8782 = VERTEX_POINT('',#8783);
#8783 = CARTESIAN_POINT('',(112.5,19.,18.1));
#8784 = SEAM_CURVE('',#8785,(#8789,#8796),.PCURVE_S1.);
#8785 = LINE('',#8786,#8787);
#8786 = CARTESIAN_POINT('',(112.3,19.,18.1));
#8787 = VECTOR('',#8788,1.);
#8788 = DIRECTION('',(1.,0.,0.));
#8789 = PCURVE('',#8765,#8790);
#8790 = DEFINITIONAL_REPRESENTATION('',(#8791),#8795);
#8791 = LINE('',#8792,#8793);
#8792 = CARTESIAN_POINT('',(6.28318530718,-0.));
#8793 = VECTOR('',#8794,1.);
#8794 = DIRECTION('',(0.,1.));
#8795 = ( GEOMETRIC_REPRESENTATION_CONTEXT(2) 
PARAMETRIC_REPRESENTATION_CONTEXT() REPRESENTATION_CONTEXT('2D SPACE',''
  ) );
#8796 = PCURVE('',#8765,#8797);
#8797 = DEFINITIONAL_REPRESENTATION('',(#8798),#8802);
#8798 = LINE('',#8799,#8800);
#8799 = CARTESIAN_POINT('',(0.,-0.));
#8800 = VECTOR('',#8801,1.);
#8801 = DIRECTION('',(0.,1.));
#8802 = ( GEOMETRIC_REPRESENTATION_CONTEXT(2) 
PARAMETRIC_REPRESENTATION_CONTEXT() REPRESENTATION_CONTEXT('2D SPACE',''
  ) );
#8803 = ORIENTED_EDGE('',*,*,#8804,.T.);
#8804 = EDGE_CURVE('',#8782,#8782,#8805,.T.);
#8805 = SURFACE_CURVE('',#8806,(#8811,#8818),.PCURVE_S1.);
#8806 = CIRCLE('',#8807,2.1);
#8807 = AXIS2_PLACEMENT_3D('',#8808,#8809,#8810);
#8808 = CARTESIAN_POINT('',(112.5,19.,16.));
#8809 = DIRECTION('',(1.,0.,0.));
#8810 = DIRECTION('',(-0.,0.,1.));
#8811 = PCURVE('',#8765,#8812);
#8812 = DEFINITIONAL_REPRESENTATION('',(#8813),#8817);
#8813 = LINE('',#8814,#8815);
#8814 = CARTESIAN_POINT('',(0.,0.2));
#8815 = VECTOR('',#8816,1.);
#8816 = DIRECTION('',(1.,0.));
#8817 = ( GEOMETRIC_REPRESENTATION_CONTEXT(2) 
PARAMETRIC_REPRESENTATION_CONTEXT() REPRESENTATION_CONTEXT('2D SPACE',''
  ) );
#8818 = PCURVE('',#8819,#8824);
#8819 = PLANE('',#8820);
#8820 = AXIS2_PLACEMENT_3D('',#8821,#8822,#8823);
#8821 = CARTESIAN_POINT('',(112.5,19.,16.));
#8822 = DIRECTION('',(1.,0.,0.));
#8823 = DIRECTION('',(-0.,0.,1.));
#8824 = DEFINITIONAL_REPRESENTATION('',(#8825),#8829);
#8825 = CIRCLE('',#8826,2.1);
#8826 = AXIS2_PLACEMENT_2D('',#8827,#8828);
#8827 = CARTESIAN_POINT('',(0.,0.));
#8828 = DIRECTION('',(1.,0.));
#8829 = ( GEOMETRIC_REPRESENTATION_CONTEXT(2) 
PARAMETRIC_REPRESENTATION_CONTEXT() REPRESENTATION_CONTEXT('2D SPACE',''
  ) );
#8830 = ORIENTED_EDGE('',*,*,#8781,.T.);
#8831 = ADVANCED_FACE('',(#8832,#8858),#8819,.F.);
#8832 = FACE_BOUND('',#8833,.F.);
#8833 = EDGE_LOOP('',(#8834));
#8834 = ORIENTED_EDGE('',*,*,#8835,.T.);
#8835 = EDGE_CURVE('',#8836,#8836,#8838,.T.);
#8836 = VERTEX_POINT('',#8837);
#8837 = CARTESIAN_POINT('',(112.5,19.,20.4));
#8838 = SURFACE_CURVE('',#8839,(#8844,#8851),.PCURVE_S1.);
#8839 = CIRCLE('',#8840,4.4);
#8840 = AXIS2_PLACEMENT_3D('',#8841,#8842,#8843);
#8841 = CARTESIAN_POINT('',(112.5,19.,16.));
#8842 = DIRECTION('',(1.,0.,0.));
#8843 = DIRECTION('',(-0.,0.,1.));
#8844 = PCURVE('',#8819,#8845);
#8845 = DEFINITIONAL_REPRESENTATION('',(#8846),#8850);
#8846 = CIRCLE('',#8847,4.4);
#8847 = AXIS2_PLACEMENT_2D('',#8848,#8849);
#8848 = CARTESIAN_POINT('',(0.,0.));
#8849 = DIRECTION('',(1.,0.));
#8850 = ( GEOMETRIC_REPRESENTATION_CONTEXT(2) 
PARAMETRIC_REPRESENTATION_CONTEXT() REPRESENTATION_CONTEXT('2D SPACE',''
  ) );
#8851 = PCURVE('',#7806,#8852);
#8852 = DEFINITIONAL_REPRESENTATION('',(#8853),#8857);
#8853 = LINE('',#8854,#8855);
#8854 = CARTESIAN_POINT('',(0.,0.));
#8855 = VECTOR('',#8856,1.);
#8856 = DIRECTION('',(1.,0.));
#8857 = ( GEOMETRIC_REPRESENTATION_CONTEXT(2) 
PARAMETRIC_REPRESENTATION_CONTEXT() REPRESENTATION_CONTEXT('2D SPACE',''
  ) );
#8858 = FACE_BOUND('',#8859,.F.);
#8859 = EDGE_LOOP('',(#8860));
#8860 = ORIENTED_EDGE('',*,*,#8804,.F.);
#8861 = ADVANCED_FACE('',(#8862),#7868,.T.);
#8862 = FACE_BOUND('',#8863,.T.);
#8863 = EDGE_LOOP('',(#8864,#8865,#8886,#8887));
#8864 = ORIENTED_EDGE('',*,*,#7851,.F.);
#8865 = ORIENTED_EDGE('',*,*,#8866,.F.);
#8866 = EDGE_CURVE('',#8486,#7852,#8867,.T.);
#8867 = SEAM_CURVE('',#8868,(#8872,#8879),.PCURVE_S1.);
#8868 = LINE('',#8869,#8870);
#8869 = CARTESIAN_POINT('',(112.5,7.,20.4));
#8870 = VECTOR('',#8871,1.);
#8871 = DIRECTION('',(1.,0.,0.));
#8872 = PCURVE('',#7868,#8873);
#8873 = DEFINITIONAL_REPRESENTATION('',(#8874),#8878);
#8874 = LINE('',#8875,#8876);
#8875 = CARTESIAN_POINT('',(6.28318530718,-0.));
#8876 = VECTOR('',#8877,1.);
#8877 = DIRECTION('',(0.,1.));
#8878 = ( GEOMETRIC_REPRESENTATION_CONTEXT(2) 
PARAMETRIC_REPRESENTATION_CONTEXT() REPRESENTATION_CONTEXT('2D SPACE',''
  ) );
#8879 = PCURVE('',#7868,#8880);
#8880 = DEFINITIONAL_REPRESENTATION('',(#8881),#8885);
#8881 = LINE('',#8882,#8883);
#8882 = CARTESIAN_POINT('',(0.,-0.));
#8883 = VECTOR('',#8884,1.);
#8884 = DIRECTION('',(0.,1.));
#8885 = ( GEOMETRIC_REPRESENTATION_CONTEXT(2) 
PARAMETRIC_REPRESENTATION_CONTEXT() REPRESENTATION_CONTEXT('2D SPACE',''
  ) );
#8886 = ORIENTED_EDGE('',*,*,#8485,.T.);
#8887 = ORIENTED_EDGE('',*,*,#8866,.T.);
#8888 = ADVANCED_FACE('',(#8889),#7837,.T.);
#8889 = FACE_BOUND('',#8890,.T.);
#8890 = EDGE_LOOP('',(#8891,#8892,#8913,#8914));
#8891 = ORIENTED_EDGE('',*,*,#7820,.F.);
#8892 = ORIENTED_EDGE('',*,*,#8893,.F.);
#8893 = EDGE_CURVE('',#8661,#7821,#8894,.T.);
#8894 = SEAM_CURVE('',#8895,(#8899,#8906),.PCURVE_S1.);
#8895 = LINE('',#8896,#8897);
#8896 = CARTESIAN_POINT('',(112.5,19.,78.4));
#8897 = VECTOR('',#8898,1.);
#8898 = DIRECTION('',(1.,0.,0.));
#8899 = PCURVE('',#7837,#8900);
#8900 = DEFINITIONAL_REPRESENTATION('',(#8901),#8905);
#8901 = LINE('',#8902,#8903);
#8902 = CARTESIAN_POINT('',(6.28318530718,-0.));
#8903 = VECTOR('',#8904,1.);
#8904 = DIRECTION('',(0.,1.));
#8905 = ( GEOMETRIC_REPRESENTATION_CONTEXT(2) 
PARAMETRIC_REPRESENTATION_CONTEXT() REPRESENTATION_CONTEXT('2D SPACE',''
  ) );
#8906 = PCURVE('',#7837,#8907);
#8907 = DEFINITIONAL_REPRESENTATION('',(#8908),#8912);
#8908 = LINE('',#8909,#8910);
#8909 = CARTESIAN_POINT('',(0.,-0.));
#8910 = VECTOR('',#8911,1.);
#8911 = DIRECTION('',(0.,1.));
#8912 = ( GEOMETRIC_REPRESENTATION_CONTEXT(2) 
PARAMETRIC_REPRESENTATION_CONTEXT() REPRESENTATION_CONTEXT('2D SPACE',''
  ) );
#8913 = ORIENTED_EDGE('',*,*,#8660,.T.);
#8914 = ORIENTED_EDGE('',*,*,#8893,.T.);
#8915 = ADVANCED_FACE('',(#8916),#7806,.T.);
#8916 = FACE_BOUND('',#8917,.T.);
#8917 = EDGE_LOOP('',(#8918,#8919,#8940,#8941));
#8918 = ORIENTED_EDGE('',*,*,#7789,.F.);
#8919 = ORIENTED_EDGE('',*,*,#8920,.F.);
#8920 = EDGE_CURVE('',#8836,#7790,#8921,.T.);
#8921 = SEAM_CURVE('',#8922,(#8926,#8933),.PCURVE_S1.);
#8922 = LINE('',#8923,#8924);
#8923 = CARTESIAN_POINT('',(112.5,19.,20.4));
#8924 = VECTOR('',#8925,1.);
#8925 = DIRECTION('',(1.,0.,0.));
#8926 = PCURVE('',#7806,#8927);
#8927 = DEFINITIONAL_REPRESENTATION('',(#8928),#8932);
#8928 = LINE('',#8929,#8930);
#8929 = CARTESIAN_POINT('',(6.28318530718,-0.));
#8930 = VECTOR('',#8931,1.);
#8931 = DIRECTION('',(0.,1.));
#8932 = ( GEOMETRIC_REPRESENTATION_CONTEXT(2) 
PARAMETRIC_REPRESENTATION_CONTEXT() REPRESENTATION_CONTEXT('2D SPACE',''
  ) );
#8933 = PCURVE('',#7806,#8934);
#8934 = DEFINITIONAL_REPRESENTATION('',(#8935),#8939);
#8935 = LINE('',#8936,#8937);
#8936 = CARTESIAN_POINT('',(0.,-0.));
#8937 = VECTOR('',#8938,1.);
#8938 = DIRECTION('',(0.,1.));
#8939 = ( GEOMETRIC_REPRESENTATION_CONTEXT(2) 
PARAMETRIC_REPRESENTATION_CONTEXT() REPRESENTATION_CONTEXT('2D SPACE',''
  ) );
#8940 = ORIENTED_EDGE('',*,*,#8835,.T.);
#8941 = ORIENTED_EDGE('',*,*,#8920,.T.);
#8942 = ADVANCED_FACE('',(#8943),#1549,.F.);
#8943 = FACE_BOUND('',#8944,.F.);
#8944 = EDGE_LOOP('',(#8945,#8975,#8994,#8995,#9016,#9037,#9058,#9079));
#8945 = ORIENTED_EDGE('',*,*,#8946,.F.);
#8946 = EDGE_CURVE('',#8947,#8949,#8951,.T.);
#8947 = VERTEX_POINT('',#8948);
#8948 = CARTESIAN_POINT('',(79.,-24.2,2.4));
#8949 = VERTEX_POINT('',#8950);
#8950 = CARTESIAN_POINT('',(79.,-24.2,87.6));
#8951 = SURFACE_CURVE('',#8952,(#8956,#8963),.PCURVE_S1.);
#8952 = LINE('',#8953,#8954);
#8953 = CARTESIAN_POINT('',(79.,-24.2,2.2));
#8954 = VECTOR('',#8955,1.);
#8955 = DIRECTION('',(0.,0.,1.));
#8956 = PCURVE('',#1549,#8957);
#8957 = DEFINITIONAL_REPRESENTATION('',(#8958),#8962);
#8958 = LINE('',#8959,#8960);
#8959 = CARTESIAN_POINT('',(0.,0.));
#8960 = VECTOR('',#8961,1.);
#8961 = DIRECTION('',(1.,0.));
#8962 = ( GEOMETRIC_REPRESENTATION_CONTEXT(2) 
PARAMETRIC_REPRESENTATION_CONTEXT() REPRESENTATION_CONTEXT('2D SPACE',''
  ) );
#8963 = PCURVE('',#8964,#8969);
#8964 = PLANE('',#8965);
#8965 = AXIS2_PLACEMENT_3D('',#8966,#8967,#8968);
#8966 = CARTESIAN_POINT('',(79.,-24.2,2.2));
#8967 = DIRECTION('',(-0.,1.,0.));
#8968 = DIRECTION('',(0.,0.,1.));
#8969 = DEFINITIONAL_REPRESENTATION('',(#8970),#8974);
#8970 = LINE('',#8971,#8972);
#8971 = CARTESIAN_POINT('',(0.,0.));
#8972 = VECTOR('',#8973,1.);
#8973 = DIRECTION('',(1.,0.));
#8974 = ( GEOMETRIC_REPRESENTATION_CONTEXT(2) 
PARAMETRIC_REPRESENTATION_CONTEXT() REPRESENTATION_CONTEXT('2D SPACE',''
  ) );
#8975 = ORIENTED_EDGE('',*,*,#8976,.T.);
#8976 = EDGE_CURVE('',#8947,#1492,#8977,.T.);
#8977 = SURFACE_CURVE('',#8978,(#8982,#8988),.PCURVE_S1.);
#8978 = LINE('',#8979,#8980);
#8979 = CARTESIAN_POINT('',(79.,-28.9,2.4));
#8980 = VECTOR('',#8981,1.);
#8981 = DIRECTION('',(-0.,1.,0.));
#8982 = PCURVE('',#1549,#8983);
#8983 = DEFINITIONAL_REPRESENTATION('',(#8984),#8987);
#8984 = B_SPLINE_CURVE_WITH_KNOTS('',1,(#8985,#8986),.UNSPECIFIED.,.F.,
  .F.,(2,2),(4.7,26.2),.PIECEWISE_BEZIER_KNOTS.);
#8985 = CARTESIAN_POINT('',(0.2,0.));
#8986 = CARTESIAN_POINT('',(0.2,-21.5));
#8987 = ( GEOMETRIC_REPRESENTATION_CONTEXT(2) 
PARAMETRIC_REPRESENTATION_CONTEXT() REPRESENTATION_CONTEXT('2D SPACE',''
  ) );
#8988 = PCURVE('',#880,#8989);
#8989 = DEFINITIONAL_REPRESENTATION('',(#8990),#8993);
#8990 = B_SPLINE_CURVE_WITH_KNOTS('',1,(#8991,#8992),.UNSPECIFIED.,.F.,
  .F.,(2,2),(4.7,26.2),.PIECEWISE_BEZIER_KNOTS.);
#8991 = CARTESIAN_POINT('',(76.6,9.4));
#8992 = CARTESIAN_POINT('',(76.6,30.9));
#8993 = ( GEOMETRIC_REPRESENTATION_CONTEXT(2) 
PARAMETRIC_REPRESENTATION_CONTEXT() REPRESENTATION_CONTEXT('2D SPACE',''
  ) );
#8994 = ORIENTED_EDGE('',*,*,#1536,.F.);
#8995 = ORIENTED_EDGE('',*,*,#8996,.T.);
#8996 = EDGE_CURVE('',#1516,#8997,#8999,.T.);
#8997 = VERTEX_POINT('',#8998);
#8998 = CARTESIAN_POINT('',(79.,-17.,50.));
#8999 = SURFACE_CURVE('',#9000,(#9004,#9010),.PCURVE_S1.);
#9000 = LINE('',#9001,#9002);
#9001 = CARTESIAN_POINT('',(79.,-30.58543374812,35.376790062778));
#9002 = VECTOR('',#9003,1.);
#9003 = DIRECTION('',(0.,-0.680632373315,-0.732625124054));
#9004 = PCURVE('',#1549,#9005);
#9005 = DEFINITIONAL_REPRESENTATION('',(#9006),#9009);
#9006 = B_SPLINE_CURVE_WITH_KNOTS('',1,(#9007,#9008),.UNSPECIFIED.,.F.,
  .F.,(2,2),(-40.96989041575,-19.96001700883),.PIECEWISE_BEZIER_KNOTS.);
#9007 = CARTESIAN_POINT('',(63.192361111111,-21.5));
#9008 = CARTESIAN_POINT('',(47.8,-7.2));
#9009 = ( GEOMETRIC_REPRESENTATION_CONTEXT(2) 
PARAMETRIC_REPRESENTATION_CONTEXT() REPRESENTATION_CONTEXT('2D SPACE',''
  ) );
#9010 = PCURVE('',#1380,#9011);
#9011 = DEFINITIONAL_REPRESENTATION('',(#9012),#9015);
#9012 = B_SPLINE_CURVE_WITH_KNOTS('',1,(#9013,#9014),.UNSPECIFIED.,.F.,
  .F.,(2,2),(-40.96989041575,-19.96001700883),.PIECEWISE_BEZIER_KNOTS.);
#9013 = CARTESIAN_POINT('',(21.009873406921,-54.2));
#9014 = CARTESIAN_POINT('',(0.,-54.2));
#9015 = ( GEOMETRIC_REPRESENTATION_CONTEXT(2) 
PARAMETRIC_REPRESENTATION_CONTEXT() REPRESENTATION_CONTEXT('2D SPACE',''
  ) );
#9016 = ORIENTED_EDGE('',*,*,#9017,.T.);
#9017 = EDGE_CURVE('',#8997,#9018,#9020,.T.);
#9018 = VERTEX_POINT('',#9019);
#9019 = CARTESIAN_POINT('',(79.,-17.,54.2));
#9020 = SURFACE_CURVE('',#9021,(#9025,#9031),.PCURVE_S1.);
#9021 = LINE('',#9022,#9023);
#9022 = CARTESIAN_POINT('',(79.,-17.,28.2));
#9023 = VECTOR('',#9024,1.);
#9024 = DIRECTION('',(0.,0.,1.));
#9025 = PCURVE('',#1549,#9026);
#9026 = DEFINITIONAL_REPRESENTATION('',(#9027),#9030);
#9027 = B_SPLINE_CURVE_WITH_KNOTS('',1,(#9028,#9029),.UNSPECIFIED.,.F.,
  .F.,(2,2),(21.8,26.),.PIECEWISE_BEZIER_KNOTS.);
#9028 = CARTESIAN_POINT('',(47.8,-7.2));
#9029 = CARTESIAN_POINT('',(52.,-7.2));
#9030 = ( GEOMETRIC_REPRESENTATION_CONTEXT(2) 
PARAMETRIC_REPRESENTATION_CONTEXT() REPRESENTATION_CONTEXT('2D SPACE',''
  ) );
#9031 = PCURVE('',#1406,#9032);
#9032 = DEFINITIONAL_REPRESENTATION('',(#9033),#9036);
#9033 = B_SPLINE_CURVE_WITH_KNOTS('',1,(#9034,#9035),.UNSPECIFIED.,.F.,
  .F.,(2,2),(21.8,26.),.PIECEWISE_BEZIER_KNOTS.);
#9034 = CARTESIAN_POINT('',(4.2,-54.2));
#9035 = CARTESIAN_POINT('',(0.,-54.2));
#9036 = ( GEOMETRIC_REPRESENTATION_CONTEXT(2) 
PARAMETRIC_REPRESENTATION_CONTEXT() REPRESENTATION_CONTEXT('2D SPACE',''
  ) );
#9037 = ORIENTED_EDGE('',*,*,#9038,.T.);
#9038 = EDGE_CURVE('',#9018,#9039,#9041,.T.);
#9039 = VERTEX_POINT('',#9040);
#9040 = CARTESIAN_POINT('',(79.,-2.7,69.890277777778));
#9041 = SURFACE_CURVE('',#9042,(#9046,#9052),.PCURVE_S1.);
#9042 = LINE('',#9043,#9044);
#9043 = CARTESIAN_POINT('',(79.,-24.3777155361,46.105006564551));
#9044 = VECTOR('',#9045,1.);
#9045 = DIRECTION('',(0.,0.673603588404,0.739092826165));
#9046 = PCURVE('',#1549,#9047);
#9047 = DEFINITIONAL_REPRESENTATION('',(#9048),#9051);
#9048 = B_SPLINE_CURVE_WITH_KNOTS('',1,(#9049,#9050),.UNSPECIFIED.,.F.,
  .F.,(2,2),(10.952607235341,32.181710295617),.PIECEWISE_BEZIER_KNOTS.);
#9049 = CARTESIAN_POINT('',(52.,-7.2));
#9050 = CARTESIAN_POINT('',(67.690277777778,-21.5));
#9051 = ( GEOMETRIC_REPRESENTATION_CONTEXT(2) 
PARAMETRIC_REPRESENTATION_CONTEXT() REPRESENTATION_CONTEXT('2D SPACE',''
  ) );
#9052 = PCURVE('',#1432,#9053);
#9053 = DEFINITIONAL_REPRESENTATION('',(#9054),#9057);
#9054 = B_SPLINE_CURVE_WITH_KNOTS('',1,(#9055,#9056),.UNSPECIFIED.,.F.,
  .F.,(2,2),(10.952607235341,32.181710295617),.PIECEWISE_BEZIER_KNOTS.);
#9055 = CARTESIAN_POINT('',(21.377558326432,-54.2));
#9056 = CARTESIAN_POINT('',(0.148455266156,-54.2));
#9057 = ( GEOMETRIC_REPRESENTATION_CONTEXT(2) 
PARAMETRIC_REPRESENTATION_CONTEXT() REPRESENTATION_CONTEXT('2D SPACE',''
  ) );
#9058 = ORIENTED_EDGE('',*,*,#9059,.F.);
#9059 = EDGE_CURVE('',#9060,#9039,#9062,.T.);
#9060 = VERTEX_POINT('',#9061);
#9061 = CARTESIAN_POINT('',(79.,-2.7,87.6));
#9062 = SURFACE_CURVE('',#9063,(#9067,#9073),.PCURVE_S1.);
#9063 = LINE('',#9064,#9065);
#9064 = CARTESIAN_POINT('',(79.,-2.7,2.3));
#9065 = VECTOR('',#9066,1.);
#9066 = DIRECTION('',(-0.,0.,-1.));
#9067 = PCURVE('',#1549,#9068);
#9068 = DEFINITIONAL_REPRESENTATION('',(#9069),#9072);
#9069 = B_SPLINE_CURVE_WITH_KNOTS('',1,(#9070,#9071),.UNSPECIFIED.,.F.,
  .F.,(2,2),(-85.3,-0.1),.PIECEWISE_BEZIER_KNOTS.);
#9070 = CARTESIAN_POINT('',(85.4,-21.5));
#9071 = CARTESIAN_POINT('',(0.2,-21.5));
#9072 = ( GEOMETRIC_REPRESENTATION_CONTEXT(2) 
PARAMETRIC_REPRESENTATION_CONTEXT() REPRESENTATION_CONTEXT('2D SPACE',''
  ) );
#9073 = PCURVE('',#1458,#9074);
#9074 = DEFINITIONAL_REPRESENTATION('',(#9075),#9078);
#9075 = B_SPLINE_CURVE_WITH_KNOTS('',1,(#9076,#9077),.UNSPECIFIED.,.F.,
  .F.,(2,2),(-85.3,-0.1),.PIECEWISE_BEZIER_KNOTS.);
#9076 = CARTESIAN_POINT('',(85.2,76.6));
#9077 = CARTESIAN_POINT('',(0.,76.6));
#9078 = ( GEOMETRIC_REPRESENTATION_CONTEXT(2) 
PARAMETRIC_REPRESENTATION_CONTEXT() REPRESENTATION_CONTEXT('2D SPACE',''
  ) );
#9079 = ORIENTED_EDGE('',*,*,#9080,.F.);
#9080 = EDGE_CURVE('',#8949,#9060,#9081,.T.);
#9081 = SURFACE_CURVE('',#9082,(#9086,#9092),.PCURVE_S1.);
#9082 = LINE('',#9083,#9084);
#9083 = CARTESIAN_POINT('',(79.,-28.9,87.6));
#9084 = VECTOR('',#9085,1.);
#9085 = DIRECTION('',(-0.,1.,0.));
#9086 = PCURVE('',#1549,#9087);
#9087 = DEFINITIONAL_REPRESENTATION('',(#9088),#9091);
#9088 = B_SPLINE_CURVE_WITH_KNOTS('',1,(#9089,#9090),.UNSPECIFIED.,.F.,
  .F.,(2,2),(4.7,26.2),.PIECEWISE_BEZIER_KNOTS.);
#9089 = CARTESIAN_POINT('',(85.4,0.));
#9090 = CARTESIAN_POINT('',(85.4,-21.5));
#9091 = ( GEOMETRIC_REPRESENTATION_CONTEXT(2) 
PARAMETRIC_REPRESENTATION_CONTEXT() REPRESENTATION_CONTEXT('2D SPACE',''
  ) );
#9092 = PCURVE('',#934,#9093);
#9093 = DEFINITIONAL_REPRESENTATION('',(#9094),#9097);
#9094 = B_SPLINE_CURVE_WITH_KNOTS('',1,(#9095,#9096),.UNSPECIFIED.,.F.,
  .F.,(2,2),(4.7,26.2),.PIECEWISE_BEZIER_KNOTS.);
#9095 = CARTESIAN_POINT('',(76.6,9.4));
#9096 = CARTESIAN_POINT('',(76.6,30.9));
#9097 = ( GEOMETRIC_REPRESENTATION_CONTEXT(2) 
PARAMETRIC_REPRESENTATION_CONTEXT() REPRESENTATION_CONTEXT('2D SPACE',''
  ) );
#9098 = ADVANCED_FACE('',(#9099),#8964,.F.);
#9099 = FACE_BOUND('',#9100,.F.);
#9100 = EDGE_LOOP('',(#9101,#9131,#9150,#9151));
#9101 = ORIENTED_EDGE('',*,*,#9102,.F.);
#9102 = EDGE_CURVE('',#9103,#9105,#9107,.T.);
#9103 = VERTEX_POINT('',#9104);
#9104 = CARTESIAN_POINT('',(81.,-24.2,2.4));
#9105 = VERTEX_POINT('',#9106);
#9106 = CARTESIAN_POINT('',(81.,-24.2,87.6));
#9107 = SURFACE_CURVE('',#9108,(#9112,#9119),.PCURVE_S1.);
#9108 = LINE('',#9109,#9110);
#9109 = CARTESIAN_POINT('',(81.,-24.2,2.2));
#9110 = VECTOR('',#9111,1.);
#9111 = DIRECTION('',(0.,0.,1.));
#9112 = PCURVE('',#8964,#9113);
#9113 = DEFINITIONAL_REPRESENTATION('',(#9114),#9118);
#9114 = LINE('',#9115,#9116);
#9115 = CARTESIAN_POINT('',(0.,2.));
#9116 = VECTOR('',#9117,1.);
#9117 = DIRECTION('',(1.,0.));
#9118 = ( GEOMETRIC_REPRESENTATION_CONTEXT(2) 
PARAMETRIC_REPRESENTATION_CONTEXT() REPRESENTATION_CONTEXT('2D SPACE',''
  ) );
#9119 = PCURVE('',#9120,#9125);
#9120 = PLANE('',#9121);
#9121 = AXIS2_PLACEMENT_3D('',#9122,#9123,#9124);
#9122 = CARTESIAN_POINT('',(81.,-24.2,2.2));
#9123 = DIRECTION('',(1.,0.,-0.));
#9124 = DIRECTION('',(0.,0.,1.));
#9125 = DEFINITIONAL_REPRESENTATION('',(#9126),#9130);
#9126 = LINE('',#9127,#9128);
#9127 = CARTESIAN_POINT('',(0.,0.));
#9128 = VECTOR('',#9129,1.);
#9129 = DIRECTION('',(1.,0.));
#9130 = ( GEOMETRIC_REPRESENTATION_CONTEXT(2) 
PARAMETRIC_REPRESENTATION_CONTEXT() REPRESENTATION_CONTEXT('2D SPACE',''
  ) );
#9131 = ORIENTED_EDGE('',*,*,#9132,.T.);
#9132 = EDGE_CURVE('',#9103,#8947,#9133,.T.);
#9133 = SURFACE_CURVE('',#9134,(#9138,#9144),.PCURVE_S1.);
#9134 = LINE('',#9135,#9136);
#9135 = CARTESIAN_POINT('',(40.7,-24.2,2.4));
#9136 = VECTOR('',#9137,1.);
#9137 = DIRECTION('',(-1.,-0.,0.));
#9138 = PCURVE('',#8964,#9139);
#9139 = DEFINITIONAL_REPRESENTATION('',(#9140),#9143);
#9140 = B_SPLINE_CURVE_WITH_KNOTS('',1,(#9141,#9142),.UNSPECIFIED.,.F.,
  .F.,(2,2),(-40.3,-38.3),.PIECEWISE_BEZIER_KNOTS.);
#9141 = CARTESIAN_POINT('',(0.2,2.));
#9142 = CARTESIAN_POINT('',(0.2,0.));
#9143 = ( GEOMETRIC_REPRESENTATION_CONTEXT(2) 
PARAMETRIC_REPRESENTATION_CONTEXT() REPRESENTATION_CONTEXT('2D SPACE',''
  ) );
#9144 = PCURVE('',#880,#9145);
#9145 = DEFINITIONAL_REPRESENTATION('',(#9146),#9149);
#9146 = B_SPLINE_CURVE_WITH_KNOTS('',1,(#9147,#9148),.UNSPECIFIED.,.F.,
  .F.,(2,2),(-40.3,-38.3),.PIECEWISE_BEZIER_KNOTS.);
#9147 = CARTESIAN_POINT('',(78.6,9.4));
#9148 = CARTESIAN_POINT('',(76.6,9.4));
#9149 = ( GEOMETRIC_REPRESENTATION_CONTEXT(2) 
PARAMETRIC_REPRESENTATION_CONTEXT() REPRESENTATION_CONTEXT('2D SPACE',''
  ) );
#9150 = ORIENTED_EDGE('',*,*,#8946,.T.);
#9151 = ORIENTED_EDGE('',*,*,#9152,.F.);
#9152 = EDGE_CURVE('',#9105,#8949,#9153,.T.);
#9153 = SURFACE_CURVE('',#9154,(#9158,#9164),.PCURVE_S1.);
#9154 = LINE('',#9155,#9156);
#9155 = CARTESIAN_POINT('',(40.7,-24.2,87.6));
#9156 = VECTOR('',#9157,1.);
#9157 = DIRECTION('',(-1.,-0.,0.));
#9158 = PCURVE('',#8964,#9159);
#9159 = DEFINITIONAL_REPRESENTATION('',(#9160),#9163);
#9160 = B_SPLINE_CURVE_WITH_KNOTS('',1,(#9161,#9162),.UNSPECIFIED.,.F.,
  .F.,(2,2),(-40.3,-38.3),.PIECEWISE_BEZIER_KNOTS.);
#9161 = CARTESIAN_POINT('',(85.4,2.));
#9162 = CARTESIAN_POINT('',(85.4,0.));
#9163 = ( GEOMETRIC_REPRESENTATION_CONTEXT(2) 
PARAMETRIC_REPRESENTATION_CONTEXT() REPRESENTATION_CONTEXT('2D SPACE',''
  ) );
#9164 = PCURVE('',#934,#9165);
#9165 = DEFINITIONAL_REPRESENTATION('',(#9166),#9169);
#9166 = B_SPLINE_CURVE_WITH_KNOTS('',1,(#9167,#9168),.UNSPECIFIED.,.F.,
  .F.,(2,2),(-40.3,-38.3),.PIECEWISE_BEZIER_KNOTS.);
#9167 = CARTESIAN_POINT('',(78.6,9.4));
#9168 = CARTESIAN_POINT('',(76.6,9.4));
#9169 = ( GEOMETRIC_REPRESENTATION_CONTEXT(2) 
PARAMETRIC_REPRESENTATION_CONTEXT() REPRESENTATION_CONTEXT('2D SPACE',''
  ) );
#9170 = ADVANCED_FACE('',(#9171),#9120,.T.);
#9171 = FACE_BOUND('',#9172,.T.);
#9172 = EDGE_LOOP('',(#9173,#9174,#9195,#9221));
#9173 = ORIENTED_EDGE('',*,*,#9102,.F.);
#9174 = ORIENTED_EDGE('',*,*,#9175,.T.);
#9175 = EDGE_CURVE('',#9103,#9176,#9178,.T.);
#9176 = VERTEX_POINT('',#9177);
#9177 = CARTESIAN_POINT('',(81.,-2.7,2.4));
#9178 = SURFACE_CURVE('',#9179,(#9183,#9189),.PCURVE_S1.);
#9179 = LINE('',#9180,#9181);
#9180 = CARTESIAN_POINT('',(81.,-28.9,2.4));
#9181 = VECTOR('',#9182,1.);
#9182 = DIRECTION('',(-0.,1.,0.));
#9183 = PCURVE('',#9120,#9184);
#9184 = DEFINITIONAL_REPRESENTATION('',(#9185),#9188);
#9185 = B_SPLINE_CURVE_WITH_KNOTS('',1,(#9186,#9187),.UNSPECIFIED.,.F.,
  .F.,(2,2),(4.7,26.2),.PIECEWISE_BEZIER_KNOTS.);
#9186 = CARTESIAN_POINT('',(0.2,0.));
#9187 = CARTESIAN_POINT('',(0.2,-21.5));
#9188 = ( GEOMETRIC_REPRESENTATION_CONTEXT(2) 
PARAMETRIC_REPRESENTATION_CONTEXT() REPRESENTATION_CONTEXT('2D SPACE',''
  ) );
#9189 = PCURVE('',#880,#9190);
#9190 = DEFINITIONAL_REPRESENTATION('',(#9191),#9194);
#9191 = B_SPLINE_CURVE_WITH_KNOTS('',1,(#9192,#9193),.UNSPECIFIED.,.F.,
  .F.,(2,2),(4.7,26.2),.PIECEWISE_BEZIER_KNOTS.);
#9192 = CARTESIAN_POINT('',(78.6,9.4));
#9193 = CARTESIAN_POINT('',(78.6,30.9));
#9194 = ( GEOMETRIC_REPRESENTATION_CONTEXT(2) 
PARAMETRIC_REPRESENTATION_CONTEXT() REPRESENTATION_CONTEXT('2D SPACE',''
  ) );
#9195 = ORIENTED_EDGE('',*,*,#9196,.F.);
#9196 = EDGE_CURVE('',#9197,#9176,#9199,.T.);
#9197 = VERTEX_POINT('',#9198);
#9198 = CARTESIAN_POINT('',(81.,-2.7,87.6));
#9199 = SURFACE_CURVE('',#9200,(#9204,#9210),.PCURVE_S1.);
#9200 = LINE('',#9201,#9202);
#9201 = CARTESIAN_POINT('',(81.,-2.7,2.3));
#9202 = VECTOR('',#9203,1.);
#9203 = DIRECTION('',(-0.,0.,-1.));
#9204 = PCURVE('',#9120,#9205);
#9205 = DEFINITIONAL_REPRESENTATION('',(#9206),#9209);
#9206 = B_SPLINE_CURVE_WITH_KNOTS('',1,(#9207,#9208),.UNSPECIFIED.,.F.,
  .F.,(2,2),(-85.3,-0.1),.PIECEWISE_BEZIER_KNOTS.);
#9207 = CARTESIAN_POINT('',(85.4,-21.5));
#9208 = CARTESIAN_POINT('',(0.2,-21.5));
#9209 = ( GEOMETRIC_REPRESENTATION_CONTEXT(2) 
PARAMETRIC_REPRESENTATION_CONTEXT() REPRESENTATION_CONTEXT('2D SPACE',''
  ) );
#9210 = PCURVE('',#9211,#9216);
#9211 = PLANE('',#9212);
#9212 = AXIS2_PLACEMENT_3D('',#9213,#9214,#9215);
#9213 = CARTESIAN_POINT('',(2.4,-2.7,2.4));
#9214 = DIRECTION('',(-0.,1.,0.));
#9215 = DIRECTION('',(0.,0.,1.));
#9216 = DEFINITIONAL_REPRESENTATION('',(#9217),#9220);
#9217 = B_SPLINE_CURVE_WITH_KNOTS('',1,(#9218,#9219),.UNSPECIFIED.,.F.,
  .F.,(2,2),(-85.3,-0.1),.PIECEWISE_BEZIER_KNOTS.);
#9218 = CARTESIAN_POINT('',(85.2,78.6));
#9219 = CARTESIAN_POINT('',(0.,78.6));
#9220 = ( GEOMETRIC_REPRESENTATION_CONTEXT(2) 
PARAMETRIC_REPRESENTATION_CONTEXT() REPRESENTATION_CONTEXT('2D SPACE',''
  ) );
#9221 = ORIENTED_EDGE('',*,*,#9222,.F.);
#9222 = EDGE_CURVE('',#9105,#9197,#9223,.T.);
#9223 = SURFACE_CURVE('',#9224,(#9228,#9234),.PCURVE_S1.);
#9224 = LINE('',#9225,#9226);
#9225 = CARTESIAN_POINT('',(81.,-28.9,87.6));
#9226 = VECTOR('',#9227,1.);
#9227 = DIRECTION('',(-0.,1.,0.));
#9228 = PCURVE('',#9120,#9229);
#9229 = DEFINITIONAL_REPRESENTATION('',(#9230),#9233);
#9230 = B_SPLINE_CURVE_WITH_KNOTS('',1,(#9231,#9232),.UNSPECIFIED.,.F.,
  .F.,(2,2),(4.7,26.2),.PIECEWISE_BEZIER_KNOTS.);
#9231 = CARTESIAN_POINT('',(85.4,0.));
#9232 = CARTESIAN_POINT('',(85.4,-21.5));
#9233 = ( GEOMETRIC_REPRESENTATION_CONTEXT(2) 
PARAMETRIC_REPRESENTATION_CONTEXT() REPRESENTATION_CONTEXT('2D SPACE',''
  ) );
#9234 = PCURVE('',#934,#9235);
#9235 = DEFINITIONAL_REPRESENTATION('',(#9236),#9239);
#9236 = B_SPLINE_CURVE_WITH_KNOTS('',1,(#9237,#9238),.UNSPECIFIED.,.F.,
  .F.,(2,2),(4.7,26.2),.PIECEWISE_BEZIER_KNOTS.);
#9237 = CARTESIAN_POINT('',(78.6,9.4));
#9238 = CARTESIAN_POINT('',(78.6,30.9));
#9239 = ( GEOMETRIC_REPRESENTATION_CONTEXT(2) 
PARAMETRIC_REPRESENTATION_CONTEXT() REPRESENTATION_CONTEXT('2D SPACE',''
  ) );
#9240 = ADVANCED_FACE('',(#9241),#9211,.F.);
#9241 = FACE_BOUND('',#9242,.F.);
#9242 = EDGE_LOOP('',(#9243,#9266,#9267,#9290));
#9243 = ORIENTED_EDGE('',*,*,#9244,.F.);
#9244 = EDGE_CURVE('',#9176,#9245,#9247,.T.);
#9245 = VERTEX_POINT('',#9246);
#9246 = CARTESIAN_POINT('',(117.6,-2.7,2.4));
#9247 = SURFACE_CURVE('',#9248,(#9252,#9259),.PCURVE_S1.);
#9248 = LINE('',#9249,#9250);
#9249 = CARTESIAN_POINT('',(2.4,-2.7,2.4));
#9250 = VECTOR('',#9251,1.);
#9251 = DIRECTION('',(1.,0.,-0.));
#9252 = PCURVE('',#9211,#9253);
#9253 = DEFINITIONAL_REPRESENTATION('',(#9254),#9258);
#9254 = LINE('',#9255,#9256);
#9255 = CARTESIAN_POINT('',(0.,0.));
#9256 = VECTOR('',#9257,1.);
#9257 = DIRECTION('',(0.,1.));
#9258 = ( GEOMETRIC_REPRESENTATION_CONTEXT(2) 
PARAMETRIC_REPRESENTATION_CONTEXT() REPRESENTATION_CONTEXT('2D SPACE',''
  ) );
#9259 = PCURVE('',#880,#9260);
#9260 = DEFINITIONAL_REPRESENTATION('',(#9261),#9265);
#9261 = LINE('',#9262,#9263);
#9262 = CARTESIAN_POINT('',(0.,30.9));
#9263 = VECTOR('',#9264,1.);
#9264 = DIRECTION('',(1.,0.));
#9265 = ( GEOMETRIC_REPRESENTATION_CONTEXT(2) 
PARAMETRIC_REPRESENTATION_CONTEXT() REPRESENTATION_CONTEXT('2D SPACE',''
  ) );
#9266 = ORIENTED_EDGE('',*,*,#9196,.F.);
#9267 = ORIENTED_EDGE('',*,*,#9268,.T.);
#9268 = EDGE_CURVE('',#9197,#9269,#9271,.T.);
#9269 = VERTEX_POINT('',#9270);
#9270 = CARTESIAN_POINT('',(117.6,-2.7,87.6));
#9271 = SURFACE_CURVE('',#9272,(#9276,#9283),.PCURVE_S1.);
#9272 = LINE('',#9273,#9274);
#9273 = CARTESIAN_POINT('',(2.4,-2.7,87.6));
#9274 = VECTOR('',#9275,1.);
#9275 = DIRECTION('',(1.,0.,-0.));
#9276 = PCURVE('',#9211,#9277);
#9277 = DEFINITIONAL_REPRESENTATION('',(#9278),#9282);
#9278 = LINE('',#9279,#9280);
#9279 = CARTESIAN_POINT('',(85.2,0.));
#9280 = VECTOR('',#9281,1.);
#9281 = DIRECTION('',(0.,1.));
#9282 = ( GEOMETRIC_REPRESENTATION_CONTEXT(2) 
PARAMETRIC_REPRESENTATION_CONTEXT() REPRESENTATION_CONTEXT('2D SPACE',''
  ) );
#9283 = PCURVE('',#934,#9284);
#9284 = DEFINITIONAL_REPRESENTATION('',(#9285),#9289);
#9285 = LINE('',#9286,#9287);
#9286 = CARTESIAN_POINT('',(0.,30.9));
#9287 = VECTOR('',#9288,1.);
#9288 = DIRECTION('',(1.,0.));
#9289 = ( GEOMETRIC_REPRESENTATION_CONTEXT(2) 
PARAMETRIC_REPRESENTATION_CONTEXT() REPRESENTATION_CONTEXT('2D SPACE',''
  ) );
#9290 = ORIENTED_EDGE('',*,*,#9291,.F.);
#9291 = EDGE_CURVE('',#9245,#9269,#9292,.T.);
#9292 = SURFACE_CURVE('',#9293,(#9297,#9304),.PCURVE_S1.);
#9293 = LINE('',#9294,#9295);
#9294 = CARTESIAN_POINT('',(117.6,-2.7,2.4));
#9295 = VECTOR('',#9296,1.);
#9296 = DIRECTION('',(0.,0.,1.));
#9297 = PCURVE('',#9211,#9298);
#9298 = DEFINITIONAL_REPRESENTATION('',(#9299),#9303);
#9299 = LINE('',#9300,#9301);
#9300 = CARTESIAN_POINT('',(0.,115.2));
#9301 = VECTOR('',#9302,1.);
#9302 = DIRECTION('',(1.,0.));
#9303 = ( GEOMETRIC_REPRESENTATION_CONTEXT(2) 
PARAMETRIC_REPRESENTATION_CONTEXT() REPRESENTATION_CONTEXT('2D SPACE',''
  ) );
#9304 = PCURVE('',#9305,#9310);
#9305 = PLANE('',#9306);
#9306 = AXIS2_PLACEMENT_3D('',#9307,#9308,#9309);
#9307 = CARTESIAN_POINT('',(117.6,-33.6,2.4));
#9308 = DIRECTION('',(1.,0.,-0.));
#9309 = DIRECTION('',(0.,0.,1.));
#9310 = DEFINITIONAL_REPRESENTATION('',(#9311),#9315);
#9311 = LINE('',#9312,#9313);
#9312 = CARTESIAN_POINT('',(0.,-30.9));
#9313 = VECTOR('',#9314,1.);
#9314 = DIRECTION('',(1.,0.));
#9315 = ( GEOMETRIC_REPRESENTATION_CONTEXT(2) 
PARAMETRIC_REPRESENTATION_CONTEXT() REPRESENTATION_CONTEXT('2D SPACE',''
  ) );
#9316 = ADVANCED_FACE('',(#9317),#9305,.F.);
#9317 = FACE_BOUND('',#9318,.F.);
#9318 = EDGE_LOOP('',(#9319,#9344,#9365,#9366));
#9319 = ORIENTED_EDGE('',*,*,#9320,.F.);
#9320 = EDGE_CURVE('',#9321,#9323,#9325,.T.);
#9321 = VERTEX_POINT('',#9322);
#9322 = CARTESIAN_POINT('',(117.6,-33.6,2.4));
#9323 = VERTEX_POINT('',#9324);
#9324 = CARTESIAN_POINT('',(117.6,-33.6,87.6));
#9325 = SURFACE_CURVE('',#9326,(#9330,#9337),.PCURVE_S1.);
#9326 = LINE('',#9327,#9328);
#9327 = CARTESIAN_POINT('',(117.6,-33.6,2.4));
#9328 = VECTOR('',#9329,1.);
#9329 = DIRECTION('',(0.,0.,1.));
#9330 = PCURVE('',#9305,#9331);
#9331 = DEFINITIONAL_REPRESENTATION('',(#9332),#9336);
#9332 = LINE('',#9333,#9334);
#9333 = CARTESIAN_POINT('',(0.,0.));
#9334 = VECTOR('',#9335,1.);
#9335 = DIRECTION('',(1.,0.));
#9336 = ( GEOMETRIC_REPRESENTATION_CONTEXT(2) 
PARAMETRIC_REPRESENTATION_CONTEXT() REPRESENTATION_CONTEXT('2D SPACE',''
  ) );
#9337 = PCURVE('',#852,#9338);
#9338 = DEFINITIONAL_REPRESENTATION('',(#9339),#9343);
#9339 = LINE('',#9340,#9341);
#9340 = CARTESIAN_POINT('',(0.,115.2));
#9341 = VECTOR('',#9342,1.);
#9342 = DIRECTION('',(1.,0.));
#9343 = ( GEOMETRIC_REPRESENTATION_CONTEXT(2) 
PARAMETRIC_REPRESENTATION_CONTEXT() REPRESENTATION_CONTEXT('2D SPACE',''
  ) );
#9344 = ORIENTED_EDGE('',*,*,#9345,.T.);
#9345 = EDGE_CURVE('',#9321,#9245,#9346,.T.);
#9346 = SURFACE_CURVE('',#9347,(#9351,#9358),.PCURVE_S1.);
#9347 = LINE('',#9348,#9349);
#9348 = CARTESIAN_POINT('',(117.6,-33.6,2.4));
#9349 = VECTOR('',#9350,1.);
#9350 = DIRECTION('',(-0.,1.,0.));
#9351 = PCURVE('',#9305,#9352);
#9352 = DEFINITIONAL_REPRESENTATION('',(#9353),#9357);
#9353 = LINE('',#9354,#9355);
#9354 = CARTESIAN_POINT('',(0.,0.));
#9355 = VECTOR('',#9356,1.);
#9356 = DIRECTION('',(0.,-1.));
#9357 = ( GEOMETRIC_REPRESENTATION_CONTEXT(2) 
PARAMETRIC_REPRESENTATION_CONTEXT() REPRESENTATION_CONTEXT('2D SPACE',''
  ) );
#9358 = PCURVE('',#880,#9359);
#9359 = DEFINITIONAL_REPRESENTATION('',(#9360),#9364);
#9360 = LINE('',#9361,#9362);
#9361 = CARTESIAN_POINT('',(115.2,0.));
#9362 = VECTOR('',#9363,1.);
#9363 = DIRECTION('',(0.,1.));
#9364 = ( GEOMETRIC_REPRESENTATION_CONTEXT(2) 
PARAMETRIC_REPRESENTATION_CONTEXT() REPRESENTATION_CONTEXT('2D SPACE',''
  ) );
#9365 = ORIENTED_EDGE('',*,*,#9291,.T.);
#9366 = ORIENTED_EDGE('',*,*,#9367,.F.);
#9367 = EDGE_CURVE('',#9323,#9269,#9368,.T.);
#9368 = SURFACE_CURVE('',#9369,(#9373,#9380),.PCURVE_S1.);
#9369 = LINE('',#9370,#9371);
#9370 = CARTESIAN_POINT('',(117.6,-33.6,87.6));
#9371 = VECTOR('',#9372,1.);
#9372 = DIRECTION('',(-0.,1.,0.));
#9373 = PCURVE('',#9305,#9374);
#9374 = DEFINITIONAL_REPRESENTATION('',(#9375),#9379);
#9375 = LINE('',#9376,#9377);
#9376 = CARTESIAN_POINT('',(85.2,0.));
#9377 = VECTOR('',#9378,1.);
#9378 = DIRECTION('',(0.,-1.));
#9379 = ( GEOMETRIC_REPRESENTATION_CONTEXT(2) 
PARAMETRIC_REPRESENTATION_CONTEXT() REPRESENTATION_CONTEXT('2D SPACE',''
  ) );
#9380 = PCURVE('',#934,#9381);
#9381 = DEFINITIONAL_REPRESENTATION('',(#9382),#9386);
#9382 = LINE('',#9383,#9384);
#9383 = CARTESIAN_POINT('',(115.2,0.));
#9384 = VECTOR('',#9385,1.);
#9385 = DIRECTION('',(0.,1.));
#9386 = ( GEOMETRIC_REPRESENTATION_CONTEXT(2) 
PARAMETRIC_REPRESENTATION_CONTEXT() REPRESENTATION_CONTEXT('2D SPACE',''
  ) );
#9387 = ADVANCED_FACE('',(#9388),#1380,.F.);
#9388 = FACE_BOUND('',#9389,.F.);
#9389 = EDGE_LOOP('',(#9390,#9391,#9412,#9413));
#9390 = ORIENTED_EDGE('',*,*,#1365,.T.);
#9391 = ORIENTED_EDGE('',*,*,#9392,.T.);
#9392 = EDGE_CURVE('',#1366,#8997,#9393,.T.);
#9393 = SURFACE_CURVE('',#9394,(#9398,#9405),.PCURVE_S1.);
#9394 = LINE('',#9395,#9396);
#9395 = CARTESIAN_POINT('',(24.8,-17.,50.));
#9396 = VECTOR('',#9397,1.);
#9397 = DIRECTION('',(1.,0.,0.));
#9398 = PCURVE('',#1380,#9399);
#9399 = DEFINITIONAL_REPRESENTATION('',(#9400),#9404);
#9400 = LINE('',#9401,#9402);
#9401 = CARTESIAN_POINT('',(0.,0.));
#9402 = VECTOR('',#9403,1.);
#9403 = DIRECTION('',(0.,-1.));
#9404 = ( GEOMETRIC_REPRESENTATION_CONTEXT(2) 
PARAMETRIC_REPRESENTATION_CONTEXT() REPRESENTATION_CONTEXT('2D SPACE',''
  ) );
#9405 = PCURVE('',#1406,#9406);
#9406 = DEFINITIONAL_REPRESENTATION('',(#9407),#9411);
#9407 = LINE('',#9408,#9409);
#9408 = CARTESIAN_POINT('',(4.2,0.));
#9409 = VECTOR('',#9410,1.);
#9410 = DIRECTION('',(0.,-1.));
#9411 = ( GEOMETRIC_REPRESENTATION_CONTEXT(2) 
PARAMETRIC_REPRESENTATION_CONTEXT() REPRESENTATION_CONTEXT('2D SPACE',''
  ) );
#9412 = ORIENTED_EDGE('',*,*,#8996,.F.);
#9413 = ORIENTED_EDGE('',*,*,#1515,.F.);
#9414 = ADVANCED_FACE('',(#9415),#1406,.F.);
#9415 = FACE_BOUND('',#9416,.F.);
#9416 = EDGE_LOOP('',(#9417,#9418,#9439,#9440));
#9417 = ORIENTED_EDGE('',*,*,#1391,.T.);
#9418 = ORIENTED_EDGE('',*,*,#9419,.T.);
#9419 = EDGE_CURVE('',#1392,#9018,#9420,.T.);
#9420 = SURFACE_CURVE('',#9421,(#9425,#9432),.PCURVE_S1.);
#9421 = LINE('',#9422,#9423);
#9422 = CARTESIAN_POINT('',(24.8,-17.,54.2));
#9423 = VECTOR('',#9424,1.);
#9424 = DIRECTION('',(1.,0.,0.));
#9425 = PCURVE('',#1406,#9426);
#9426 = DEFINITIONAL_REPRESENTATION('',(#9427),#9431);
#9427 = LINE('',#9428,#9429);
#9428 = CARTESIAN_POINT('',(0.,0.));
#9429 = VECTOR('',#9430,1.);
#9430 = DIRECTION('',(0.,-1.));
#9431 = ( GEOMETRIC_REPRESENTATION_CONTEXT(2) 
PARAMETRIC_REPRESENTATION_CONTEXT() REPRESENTATION_CONTEXT('2D SPACE',''
  ) );
#9432 = PCURVE('',#1432,#9433);
#9433 = DEFINITIONAL_REPRESENTATION('',(#9434),#9438);
#9434 = LINE('',#9435,#9436);
#9435 = CARTESIAN_POINT('',(21.377558326432,0.));
#9436 = VECTOR('',#9437,1.);
#9437 = DIRECTION('',(0.,-1.));
#9438 = ( GEOMETRIC_REPRESENTATION_CONTEXT(2) 
PARAMETRIC_REPRESENTATION_CONTEXT() REPRESENTATION_CONTEXT('2D SPACE',''
  ) );
#9439 = ORIENTED_EDGE('',*,*,#9017,.F.);
#9440 = ORIENTED_EDGE('',*,*,#9392,.F.);
#9441 = ADVANCED_FACE('',(#9442),#1432,.F.);
#9442 = FACE_BOUND('',#9443,.F.);
#9443 = EDGE_LOOP('',(#9444,#9445,#9446,#9465));
#9444 = ORIENTED_EDGE('',*,*,#9419,.F.);
#9445 = ORIENTED_EDGE('',*,*,#1417,.T.);
#9446 = ORIENTED_EDGE('',*,*,#9447,.F.);
#9447 = EDGE_CURVE('',#9039,#1418,#9448,.T.);
#9448 = SURFACE_CURVE('',#9449,(#9453,#9459),.PCURVE_S1.);
#9449 = LINE('',#9450,#9451);
#9450 = CARTESIAN_POINT('',(13.6,-2.7,69.890277777778));
#9451 = VECTOR('',#9452,1.);
#9452 = DIRECTION('',(-1.,0.,-0.));
#9453 = PCURVE('',#1432,#9454);
#9454 = DEFINITIONAL_REPRESENTATION('',(#9455),#9458);
#9455 = B_SPLINE_CURVE_WITH_KNOTS('',1,(#9456,#9457),.UNSPECIFIED.,.F.,
  .F.,(2,2),(-65.4,-11.4),.PIECEWISE_BEZIER_KNOTS.);
#9456 = CARTESIAN_POINT('',(0.148455266156,-54.2));
#9457 = CARTESIAN_POINT('',(0.148455266156,-0.2));
#9458 = ( GEOMETRIC_REPRESENTATION_CONTEXT(2) 
PARAMETRIC_REPRESENTATION_CONTEXT() REPRESENTATION_CONTEXT('2D SPACE',''
  ) );
#9459 = PCURVE('',#1458,#9460);
#9460 = DEFINITIONAL_REPRESENTATION('',(#9461),#9464);
#9461 = B_SPLINE_CURVE_WITH_KNOTS('',1,(#9462,#9463),.UNSPECIFIED.,.F.,
  .F.,(2,2),(-65.4,-11.4),.PIECEWISE_BEZIER_KNOTS.);
#9462 = CARTESIAN_POINT('',(67.490277777778,76.6));
#9463 = CARTESIAN_POINT('',(67.490277777778,22.6));
#9464 = ( GEOMETRIC_REPRESENTATION_CONTEXT(2) 
PARAMETRIC_REPRESENTATION_CONTEXT() REPRESENTATION_CONTEXT('2D SPACE',''
  ) );
#9465 = ORIENTED_EDGE('',*,*,#9038,.F.);
#9466 = ADVANCED_FACE('',(#9467),#1458,.F.);
#9467 = FACE_BOUND('',#9468,.F.);
#9468 = EDGE_LOOP('',(#9469,#9470,#9471,#9492));
#9469 = ORIENTED_EDGE('',*,*,#9447,.T.);
#9470 = ORIENTED_EDGE('',*,*,#1443,.F.);
#9471 = ORIENTED_EDGE('',*,*,#9472,.T.);
#9472 = EDGE_CURVE('',#1444,#9060,#9473,.T.);
#9473 = SURFACE_CURVE('',#9474,(#9478,#9485),.PCURVE_S1.);
#9474 = LINE('',#9475,#9476);
#9475 = CARTESIAN_POINT('',(2.4,-2.7,87.6));
#9476 = VECTOR('',#9477,1.);
#9477 = DIRECTION('',(1.,0.,-0.));
#9478 = PCURVE('',#1458,#9479);
#9479 = DEFINITIONAL_REPRESENTATION('',(#9480),#9484);
#9480 = LINE('',#9481,#9482);
#9481 = CARTESIAN_POINT('',(85.2,0.));
#9482 = VECTOR('',#9483,1.);
#9483 = DIRECTION('',(0.,1.));
#9484 = ( GEOMETRIC_REPRESENTATION_CONTEXT(2) 
PARAMETRIC_REPRESENTATION_CONTEXT() REPRESENTATION_CONTEXT('2D SPACE',''
  ) );
#9485 = PCURVE('',#934,#9486);
#9486 = DEFINITIONAL_REPRESENTATION('',(#9487),#9491);
#9487 = LINE('',#9488,#9489);
#9488 = CARTESIAN_POINT('',(0.,30.9));
#9489 = VECTOR('',#9490,1.);
#9490 = DIRECTION('',(1.,0.));
#9491 = ( GEOMETRIC_REPRESENTATION_CONTEXT(2) 
PARAMETRIC_REPRESENTATION_CONTEXT() REPRESENTATION_CONTEXT('2D SPACE',''
  ) );
#9492 = ORIENTED_EDGE('',*,*,#9059,.T.);
#9493 = ADVANCED_FACE('',(#9494),#880,.T.);
#9494 = FACE_BOUND('',#9495,.T.);
#9495 = EDGE_LOOP('',(#9496,#9497,#9498,#9519,#9520,#9521,#9522,#9523,
    #9524,#9525,#9526,#9527));
#9496 = ORIENTED_EDGE('',*,*,#1099,.F.);
#9497 = ORIENTED_EDGE('',*,*,#864,.F.);
#9498 = ORIENTED_EDGE('',*,*,#9499,.T.);
#9499 = EDGE_CURVE('',#835,#9321,#9500,.T.);
#9500 = SURFACE_CURVE('',#9501,(#9505,#9512),.PCURVE_S1.);
#9501 = LINE('',#9502,#9503);
#9502 = CARTESIAN_POINT('',(2.4,-33.6,2.4));
#9503 = VECTOR('',#9504,1.);
#9504 = DIRECTION('',(1.,0.,-0.));
#9505 = PCURVE('',#880,#9506);
#9506 = DEFINITIONAL_REPRESENTATION('',(#9507),#9511);
#9507 = LINE('',#9508,#9509);
#9508 = CARTESIAN_POINT('',(0.,0.));
#9509 = VECTOR('',#9510,1.);
#9510 = DIRECTION('',(1.,0.));
#9511 = ( GEOMETRIC_REPRESENTATION_CONTEXT(2) 
PARAMETRIC_REPRESENTATION_CONTEXT() REPRESENTATION_CONTEXT('2D SPACE',''
  ) );
#9512 = PCURVE('',#852,#9513);
#9513 = DEFINITIONAL_REPRESENTATION('',(#9514),#9518);
#9514 = LINE('',#9515,#9516);
#9515 = CARTESIAN_POINT('',(0.,0.));
#9516 = VECTOR('',#9517,1.);
#9517 = DIRECTION('',(0.,1.));
#9518 = ( GEOMETRIC_REPRESENTATION_CONTEXT(2) 
PARAMETRIC_REPRESENTATION_CONTEXT() REPRESENTATION_CONTEXT('2D SPACE',''
  ) );
#9519 = ORIENTED_EDGE('',*,*,#9345,.T.);
#9520 = ORIENTED_EDGE('',*,*,#9244,.F.);
#9521 = ORIENTED_EDGE('',*,*,#9175,.F.);
#9522 = ORIENTED_EDGE('',*,*,#9132,.T.);
#9523 = ORIENTED_EDGE('',*,*,#8976,.T.);
#9524 = ORIENTED_EDGE('',*,*,#1491,.F.);
#9525 = ORIENTED_EDGE('',*,*,#1318,.F.);
#9526 = ORIENTED_EDGE('',*,*,#1275,.T.);
#9527 = ORIENTED_EDGE('',*,*,#1203,.T.);
#9528 = ADVANCED_FACE('',(#9529,#9563),#934,.F.);
#9529 = FACE_BOUND('',#9530,.F.);
#9530 = EDGE_LOOP('',(#9531,#9532,#9533,#9554,#9555,#9556,#9557,#9558,
    #9559,#9560,#9561,#9562));
#9531 = ORIENTED_EDGE('',*,*,#1123,.F.);
#9532 = ORIENTED_EDGE('',*,*,#920,.F.);
#9533 = ORIENTED_EDGE('',*,*,#9534,.T.);
#9534 = EDGE_CURVE('',#837,#9323,#9535,.T.);
#9535 = SURFACE_CURVE('',#9536,(#9540,#9547),.PCURVE_S1.);
#9536 = LINE('',#9537,#9538);
#9537 = CARTESIAN_POINT('',(2.4,-33.6,87.6));
#9538 = VECTOR('',#9539,1.);
#9539 = DIRECTION('',(1.,0.,-0.));
#9540 = PCURVE('',#934,#9541);
#9541 = DEFINITIONAL_REPRESENTATION('',(#9542),#9546);
#9542 = LINE('',#9543,#9544);
#9543 = CARTESIAN_POINT('',(0.,0.));
#9544 = VECTOR('',#9545,1.);
#9545 = DIRECTION('',(1.,0.));
#9546 = ( GEOMETRIC_REPRESENTATION_CONTEXT(2) 
PARAMETRIC_REPRESENTATION_CONTEXT() REPRESENTATION_CONTEXT('2D SPACE',''
  ) );
#9547 = PCURVE('',#852,#9548);
#9548 = DEFINITIONAL_REPRESENTATION('',(#9549),#9553);
#9549 = LINE('',#9550,#9551);
#9550 = CARTESIAN_POINT('',(85.2,0.));
#9551 = VECTOR('',#9552,1.);
#9552 = DIRECTION('',(0.,1.));
#9553 = ( GEOMETRIC_REPRESENTATION_CONTEXT(2) 
PARAMETRIC_REPRESENTATION_CONTEXT() REPRESENTATION_CONTEXT('2D SPACE',''
  ) );
#9554 = ORIENTED_EDGE('',*,*,#9367,.T.);
#9555 = ORIENTED_EDGE('',*,*,#9268,.F.);
#9556 = ORIENTED_EDGE('',*,*,#9222,.F.);
#9557 = ORIENTED_EDGE('',*,*,#9152,.T.);
#9558 = ORIENTED_EDGE('',*,*,#9080,.T.);
#9559 = ORIENTED_EDGE('',*,*,#9472,.F.);
#9560 = ORIENTED_EDGE('',*,*,#1469,.F.);
#9561 = ORIENTED_EDGE('',*,*,#1295,.T.);
#9562 = ORIENTED_EDGE('',*,*,#1223,.T.);
#9563 = FACE_BOUND('',#9564,.F.);
#9564 = EDGE_LOOP('',(#9565,#9596,#9623,#9652));
#9565 = ORIENTED_EDGE('',*,*,#9566,.F.);
#9566 = EDGE_CURVE('',#9567,#9569,#9571,.T.);
#9567 = VERTEX_POINT('',#9568);
#9568 = CARTESIAN_POINT('',(59.,-31.,87.6));
#9569 = VERTEX_POINT('',#9570);
#9570 = CARTESIAN_POINT('',(59.,-5.,87.6));
#9571 = SURFACE_CURVE('',#9572,(#9577,#9584),.PCURVE_S1.);
#9572 = CIRCLE('',#9573,13.);
#9573 = AXIS2_PLACEMENT_3D('',#9574,#9575,#9576);
#9574 = CARTESIAN_POINT('',(59.,-18.,87.6));
#9575 = DIRECTION('',(0.,0.,1.));
#9576 = DIRECTION('',(0.,-1.,0.));
#9577 = PCURVE('',#934,#9578);
#9578 = DEFINITIONAL_REPRESENTATION('',(#9579),#9583);
#9579 = CIRCLE('',#9580,13.);
#9580 = AXIS2_PLACEMENT_2D('',#9581,#9582);
#9581 = CARTESIAN_POINT('',(56.6,15.6));
#9582 = DIRECTION('',(0.,-1.));
#9583 = ( GEOMETRIC_REPRESENTATION_CONTEXT(2) 
PARAMETRIC_REPRESENTATION_CONTEXT() REPRESENTATION_CONTEXT('2D SPACE',''
  ) );
#9584 = PCURVE('',#9585,#9590);
#9585 = CYLINDRICAL_SURFACE('',#9586,13.);
#9586 = AXIS2_PLACEMENT_3D('',#9587,#9588,#9589);
#9587 = CARTESIAN_POINT('',(59.,-18.,89.8));
#9588 = DIRECTION('',(0.,0.,1.));
#9589 = DIRECTION('',(1.,0.,-0.));
#9590 = DEFINITIONAL_REPRESENTATION('',(#9591),#9595);
#9591 = LINE('',#9592,#9593);
#9592 = CARTESIAN_POINT('',(4.712388980385,-2.2));
#9593 = VECTOR('',#9594,1.);
#9594 = DIRECTION('',(1.,0.));
#9595 = ( GEOMETRIC_REPRESENTATION_CONTEXT(2) 
PARAMETRIC_REPRESENTATION_CONTEXT() REPRESENTATION_CONTEXT('2D SPACE',''
  ) );
#9596 = ORIENTED_EDGE('',*,*,#9597,.T.);
#9597 = EDGE_CURVE('',#9567,#9598,#9600,.T.);
#9598 = VERTEX_POINT('',#9599);
#9599 = CARTESIAN_POINT('',(45.,-31.,87.6));
#9600 = SURFACE_CURVE('',#9601,(#9605,#9611),.PCURVE_S1.);
#9601 = LINE('',#9602,#9603);
#9602 = CARTESIAN_POINT('',(23.7,-31.,87.6));
#9603 = VECTOR('',#9604,1.);
#9604 = DIRECTION('',(-1.,-0.,0.));
#9605 = PCURVE('',#934,#9606);
#9606 = DEFINITIONAL_REPRESENTATION('',(#9607),#9610);
#9607 = B_SPLINE_CURVE_WITH_KNOTS('',1,(#9608,#9609),.UNSPECIFIED.,.F.,
  .F.,(2,2),(-35.3,-21.3),.PIECEWISE_BEZIER_KNOTS.);
#9608 = CARTESIAN_POINT('',(56.6,2.6));
#9609 = CARTESIAN_POINT('',(42.6,2.6));
#9610 = ( GEOMETRIC_REPRESENTATION_CONTEXT(2) 
PARAMETRIC_REPRESENTATION_CONTEXT() REPRESENTATION_CONTEXT('2D SPACE',''
  ) );
#9611 = PCURVE('',#9612,#9617);
#9612 = PLANE('',#9613);
#9613 = AXIS2_PLACEMENT_3D('',#9614,#9615,#9616);
#9614 = CARTESIAN_POINT('',(45.,-31.,87.1));
#9615 = DIRECTION('',(-0.,1.,0.));
#9616 = DIRECTION('',(0.,0.,1.));
#9617 = DEFINITIONAL_REPRESENTATION('',(#9618),#9622);
#9618 = LINE('',#9619,#9620);
#9619 = CARTESIAN_POINT('',(0.5,-21.3));
#9620 = VECTOR('',#9621,1.);
#9621 = DIRECTION('',(0.,-1.));
#9622 = ( GEOMETRIC_REPRESENTATION_CONTEXT(2) 
PARAMETRIC_REPRESENTATION_CONTEXT() REPRESENTATION_CONTEXT('2D SPACE',''
  ) );
#9623 = ORIENTED_EDGE('',*,*,#9624,.F.);
#9624 = EDGE_CURVE('',#9625,#9598,#9627,.T.);
#9625 = VERTEX_POINT('',#9626);
#9626 = CARTESIAN_POINT('',(45.,-5.,87.6));
#9627 = SURFACE_CURVE('',#9628,(#9633,#9640),.PCURVE_S1.);
#9628 = CIRCLE('',#9629,13.);
#9629 = AXIS2_PLACEMENT_3D('',#9630,#9631,#9632);
#9630 = CARTESIAN_POINT('',(45.,-18.,87.6));
#9631 = DIRECTION('',(0.,0.,1.));
#9632 = DIRECTION('',(1.,0.,-0.));
#9633 = PCURVE('',#934,#9634);
#9634 = DEFINITIONAL_REPRESENTATION('',(#9635),#9639);
#9635 = CIRCLE('',#9636,13.);
#9636 = AXIS2_PLACEMENT_2D('',#9637,#9638);
#9637 = CARTESIAN_POINT('',(42.6,15.6));
#9638 = DIRECTION('',(1.,0.));
#9639 = ( GEOMETRIC_REPRESENTATION_CONTEXT(2) 
PARAMETRIC_REPRESENTATION_CONTEXT() REPRESENTATION_CONTEXT('2D SPACE',''
  ) );
#9640 = PCURVE('',#9641,#9646);
#9641 = CYLINDRICAL_SURFACE('',#9642,13.);
#9642 = AXIS2_PLACEMENT_3D('',#9643,#9644,#9645);
#9643 = CARTESIAN_POINT('',(45.,-18.,89.8));
#9644 = DIRECTION('',(0.,0.,1.));
#9645 = DIRECTION('',(1.,0.,-0.));
#9646 = DEFINITIONAL_REPRESENTATION('',(#9647),#9651);
#9647 = LINE('',#9648,#9649);
#9648 = CARTESIAN_POINT('',(0.,-2.2));
#9649 = VECTOR('',#9650,1.);
#9650 = DIRECTION('',(1.,0.));
#9651 = ( GEOMETRIC_REPRESENTATION_CONTEXT(2) 
PARAMETRIC_REPRESENTATION_CONTEXT() REPRESENTATION_CONTEXT('2D SPACE',''
  ) );
#9652 = ORIENTED_EDGE('',*,*,#9653,.F.);
#9653 = EDGE_CURVE('',#9569,#9625,#9654,.T.);
#9654 = SURFACE_CURVE('',#9655,(#9659,#9665),.PCURVE_S1.);
#9655 = LINE('',#9656,#9657);
#9656 = CARTESIAN_POINT('',(23.7,-5.,87.6));
#9657 = VECTOR('',#9658,1.);
#9658 = DIRECTION('',(-1.,-0.,0.));
#9659 = PCURVE('',#934,#9660);
#9660 = DEFINITIONAL_REPRESENTATION('',(#9661),#9664);
#9661 = B_SPLINE_CURVE_WITH_KNOTS('',1,(#9662,#9663),.UNSPECIFIED.,.F.,
  .F.,(2,2),(-35.3,-21.3),.PIECEWISE_BEZIER_KNOTS.);
#9662 = CARTESIAN_POINT('',(56.6,28.6));
#9663 = CARTESIAN_POINT('',(42.6,28.6));
#9664 = ( GEOMETRIC_REPRESENTATION_CONTEXT(2) 
PARAMETRIC_REPRESENTATION_CONTEXT() REPRESENTATION_CONTEXT('2D SPACE',''
  ) );
#9665 = PCURVE('',#9666,#9671);
#9666 = PLANE('',#9667);
#9667 = AXIS2_PLACEMENT_3D('',#9668,#9669,#9670);
#9668 = CARTESIAN_POINT('',(45.,-5.,87.1));
#9669 = DIRECTION('',(-0.,1.,0.));
#9670 = DIRECTION('',(0.,0.,1.));
#9671 = DEFINITIONAL_REPRESENTATION('',(#9672),#9676);
#9672 = LINE('',#9673,#9674);
#9673 = CARTESIAN_POINT('',(0.5,-21.3));
#9674 = VECTOR('',#9675,1.);
#9675 = DIRECTION('',(0.,-1.));
#9676 = ( GEOMETRIC_REPRESENTATION_CONTEXT(2) 
PARAMETRIC_REPRESENTATION_CONTEXT() REPRESENTATION_CONTEXT('2D SPACE',''
  ) );
#9677 = ADVANCED_FACE('',(#9678),#9666,.F.);
#9678 = FACE_BOUND('',#9679,.F.);
#9679 = EDGE_LOOP('',(#9680,#9681,#9704,#9732));
#9680 = ORIENTED_EDGE('',*,*,#9653,.T.);
#9681 = ORIENTED_EDGE('',*,*,#9682,.T.);
#9682 = EDGE_CURVE('',#9625,#9683,#9685,.T.);
#9683 = VERTEX_POINT('',#9684);
#9684 = CARTESIAN_POINT('',(45.,-5.,108.));
#9685 = SURFACE_CURVE('',#9686,(#9690,#9697),.PCURVE_S1.);
#9686 = LINE('',#9687,#9688);
#9687 = CARTESIAN_POINT('',(45.,-5.,87.6));
#9688 = VECTOR('',#9689,1.);
#9689 = DIRECTION('',(0.,0.,1.));
#9690 = PCURVE('',#9666,#9691);
#9691 = DEFINITIONAL_REPRESENTATION('',(#9692),#9696);
#9692 = LINE('',#9693,#9694);
#9693 = CARTESIAN_POINT('',(0.5,0.));
#9694 = VECTOR('',#9695,1.);
#9695 = DIRECTION('',(1.,0.));
#9696 = ( GEOMETRIC_REPRESENTATION_CONTEXT(2) 
PARAMETRIC_REPRESENTATION_CONTEXT() REPRESENTATION_CONTEXT('2D SPACE',''
  ) );
#9697 = PCURVE('',#9641,#9698);
#9698 = DEFINITIONAL_REPRESENTATION('',(#9699),#9703);
#9699 = LINE('',#9700,#9701);
#9700 = CARTESIAN_POINT('',(1.570796326795,-2.2));
#9701 = VECTOR('',#9702,1.);
#9702 = DIRECTION('',(0.,1.));
#9703 = ( GEOMETRIC_REPRESENTATION_CONTEXT(2) 
PARAMETRIC_REPRESENTATION_CONTEXT() REPRESENTATION_CONTEXT('2D SPACE',''
  ) );
#9704 = ORIENTED_EDGE('',*,*,#9705,.T.);
#9705 = EDGE_CURVE('',#9683,#9706,#9708,.T.);
#9706 = VERTEX_POINT('',#9707);
#9707 = CARTESIAN_POINT('',(59.,-5.,108.));
#9708 = SURFACE_CURVE('',#9709,(#9713,#9720),.PCURVE_S1.);
#9709 = LINE('',#9710,#9711);
#9710 = CARTESIAN_POINT('',(45.,-5.,108.));
#9711 = VECTOR('',#9712,1.);
#9712 = DIRECTION('',(1.,0.,0.));
#9713 = PCURVE('',#9666,#9714);
#9714 = DEFINITIONAL_REPRESENTATION('',(#9715),#9719);
#9715 = LINE('',#9716,#9717);
#9716 = CARTESIAN_POINT('',(20.9,0.));
#9717 = VECTOR('',#9718,1.);
#9718 = DIRECTION('',(0.,1.));
#9719 = ( GEOMETRIC_REPRESENTATION_CONTEXT(2) 
PARAMETRIC_REPRESENTATION_CONTEXT() REPRESENTATION_CONTEXT('2D SPACE',''
  ) );
#9720 = PCURVE('',#9721,#9726);
#9721 = PLANE('',#9722);
#9722 = AXIS2_PLACEMENT_3D('',#9723,#9724,#9725);
#9723 = CARTESIAN_POINT('',(59.,-18.,108.));
#9724 = DIRECTION('',(0.,0.,1.));
#9725 = DIRECTION('',(1.,0.,-0.));
#9726 = DEFINITIONAL_REPRESENTATION('',(#9727),#9731);
#9727 = LINE('',#9728,#9729);
#9728 = CARTESIAN_POINT('',(-14.,13.));
#9729 = VECTOR('',#9730,1.);
#9730 = DIRECTION('',(1.,0.));
#9731 = ( GEOMETRIC_REPRESENTATION_CONTEXT(2) 
PARAMETRIC_REPRESENTATION_CONTEXT() REPRESENTATION_CONTEXT('2D SPACE',''
  ) );
#9732 = ORIENTED_EDGE('',*,*,#9733,.T.);
#9733 = EDGE_CURVE('',#9706,#9569,#9734,.T.);
#9734 = SURFACE_CURVE('',#9735,(#9739,#9746),.PCURVE_S1.);
#9735 = LINE('',#9736,#9737);
#9736 = CARTESIAN_POINT('',(59.,-5.,108.));
#9737 = VECTOR('',#9738,1.);
#9738 = DIRECTION('',(0.,0.,-1.));
#9739 = PCURVE('',#9666,#9740);
#9740 = DEFINITIONAL_REPRESENTATION('',(#9741),#9745);
#9741 = LINE('',#9742,#9743);
#9742 = CARTESIAN_POINT('',(20.9,14.));
#9743 = VECTOR('',#9744,1.);
#9744 = DIRECTION('',(-1.,0.));
#9745 = ( GEOMETRIC_REPRESENTATION_CONTEXT(2) 
PARAMETRIC_REPRESENTATION_CONTEXT() REPRESENTATION_CONTEXT('2D SPACE',''
  ) );
#9746 = PCURVE('',#9585,#9747);
#9747 = DEFINITIONAL_REPRESENTATION('',(#9748),#9752);
#9748 = LINE('',#9749,#9750);
#9749 = CARTESIAN_POINT('',(7.853981633974,18.2));
#9750 = VECTOR('',#9751,1.);
#9751 = DIRECTION('',(-0.,-1.));
#9752 = ( GEOMETRIC_REPRESENTATION_CONTEXT(2) 
PARAMETRIC_REPRESENTATION_CONTEXT() REPRESENTATION_CONTEXT('2D SPACE',''
  ) );
#9753 = ADVANCED_FACE('',(#9754,#9830),#9721,.T.);
#9754 = FACE_BOUND('',#9755,.T.);
#9755 = EDGE_LOOP('',(#9756,#9781,#9803,#9804));
#9756 = ORIENTED_EDGE('',*,*,#9757,.T.);
#9757 = EDGE_CURVE('',#9758,#9760,#9762,.T.);
#9758 = VERTEX_POINT('',#9759);
#9759 = CARTESIAN_POINT('',(59.,-31.,108.));
#9760 = VERTEX_POINT('',#9761);
#9761 = CARTESIAN_POINT('',(45.,-31.,108.));
#9762 = SURFACE_CURVE('',#9763,(#9767,#9774),.PCURVE_S1.);
#9763 = LINE('',#9764,#9765);
#9764 = CARTESIAN_POINT('',(59.,-31.,108.));
#9765 = VECTOR('',#9766,1.);
#9766 = DIRECTION('',(-1.,0.,0.));
#9767 = PCURVE('',#9721,#9768);
#9768 = DEFINITIONAL_REPRESENTATION('',(#9769),#9773);
#9769 = LINE('',#9770,#9771);
#9770 = CARTESIAN_POINT('',(0.,-13.));
#9771 = VECTOR('',#9772,1.);
#9772 = DIRECTION('',(-1.,0.));
#9773 = ( GEOMETRIC_REPRESENTATION_CONTEXT(2) 
PARAMETRIC_REPRESENTATION_CONTEXT() REPRESENTATION_CONTEXT('2D SPACE',''
  ) );
#9774 = PCURVE('',#9612,#9775);
#9775 = DEFINITIONAL_REPRESENTATION('',(#9776),#9780);
#9776 = LINE('',#9777,#9778);
#9777 = CARTESIAN_POINT('',(20.9,14.));
#9778 = VECTOR('',#9779,1.);
#9779 = DIRECTION('',(0.,-1.));
#9780 = ( GEOMETRIC_REPRESENTATION_CONTEXT(2) 
PARAMETRIC_REPRESENTATION_CONTEXT() REPRESENTATION_CONTEXT('2D SPACE',''
  ) );
#9781 = ORIENTED_EDGE('',*,*,#9782,.F.);
#9782 = EDGE_CURVE('',#9683,#9760,#9783,.T.);
#9783 = SURFACE_CURVE('',#9784,(#9789,#9796),.PCURVE_S1.);
#9784 = CIRCLE('',#9785,13.);
#9785 = AXIS2_PLACEMENT_3D('',#9786,#9787,#9788);
#9786 = CARTESIAN_POINT('',(45.,-18.,108.));
#9787 = DIRECTION('',(0.,0.,1.));
#9788 = DIRECTION('',(1.,0.,-0.));
#9789 = PCURVE('',#9721,#9790);
#9790 = DEFINITIONAL_REPRESENTATION('',(#9791),#9795);
#9791 = CIRCLE('',#9792,13.);
#9792 = AXIS2_PLACEMENT_2D('',#9793,#9794);
#9793 = CARTESIAN_POINT('',(-14.,0.));
#9794 = DIRECTION('',(1.,0.));
#9795 = ( GEOMETRIC_REPRESENTATION_CONTEXT(2) 
PARAMETRIC_REPRESENTATION_CONTEXT() REPRESENTATION_CONTEXT('2D SPACE',''
  ) );
#9796 = PCURVE('',#9641,#9797);
#9797 = DEFINITIONAL_REPRESENTATION('',(#9798),#9802);
#9798 = LINE('',#9799,#9800);
#9799 = CARTESIAN_POINT('',(0.,18.2));
#9800 = VECTOR('',#9801,1.);
#9801 = DIRECTION('',(1.,0.));
#9802 = ( GEOMETRIC_REPRESENTATION_CONTEXT(2) 
PARAMETRIC_REPRESENTATION_CONTEXT() REPRESENTATION_CONTEXT('2D SPACE',''
  ) );
#9803 = ORIENTED_EDGE('',*,*,#9705,.T.);
#9804 = ORIENTED_EDGE('',*,*,#9805,.T.);
#9805 = EDGE_CURVE('',#9706,#9758,#9806,.T.);
#9806 = SURFACE_CURVE('',#9807,(#9812,#9823),.PCURVE_S1.);
#9807 = CIRCLE('',#9808,13.);
#9808 = AXIS2_PLACEMENT_3D('',#9809,#9810,#9811);
#9809 = CARTESIAN_POINT('',(59.,-18.,108.));
#9810 = DIRECTION('',(0.,0.,-1.));
#9811 = DIRECTION('',(0.,1.,0.));
#9812 = PCURVE('',#9721,#9813);
#9813 = DEFINITIONAL_REPRESENTATION('',(#9814),#9822);
#9814 = ( BOUNDED_CURVE() B_SPLINE_CURVE(2,(#9815,#9816,#9817,#9818,
#9819,#9820,#9821),.UNSPECIFIED.,.T.,.F.) B_SPLINE_CURVE_WITH_KNOTS((1,2
    ,2,2,2,1),(-2.094395102393,0.,2.094395102393,4.188790204786,
6.28318530718,8.377580409573),.UNSPECIFIED.) CURVE() 
GEOMETRIC_REPRESENTATION_ITEM() RATIONAL_B_SPLINE_CURVE((1.,0.5,1.,0.5,
1.,0.5,1.)) REPRESENTATION_ITEM('') );
#9815 = CARTESIAN_POINT('',(0.,13.));
#9816 = CARTESIAN_POINT('',(22.516660498395,13.));
#9817 = CARTESIAN_POINT('',(11.258330249198,-6.5));
#9818 = CARTESIAN_POINT('',(3.184081677783E-15,-26.));
#9819 = CARTESIAN_POINT('',(-11.25833024919,-6.5));
#9820 = CARTESIAN_POINT('',(-22.51666049839,13.));
#9821 = CARTESIAN_POINT('',(0.,13.));
#9822 = ( GEOMETRIC_REPRESENTATION_CONTEXT(2) 
PARAMETRIC_REPRESENTATION_CONTEXT() REPRESENTATION_CONTEXT('2D SPACE',''
  ) );
#9823 = PCURVE('',#9585,#9824);
#9824 = DEFINITIONAL_REPRESENTATION('',(#9825),#9829);
#9825 = LINE('',#9826,#9827);
#9826 = CARTESIAN_POINT('',(7.853981633974,18.2));
#9827 = VECTOR('',#9828,1.);
#9828 = DIRECTION('',(-1.,-0.));
#9829 = ( GEOMETRIC_REPRESENTATION_CONTEXT(2) 
PARAMETRIC_REPRESENTATION_CONTEXT() REPRESENTATION_CONTEXT('2D SPACE',''
  ) );
#9830 = FACE_BOUND('',#9831,.T.);
#9831 = EDGE_LOOP('',(#9832,#9867,#9895,#9924));
#9832 = ORIENTED_EDGE('',*,*,#9833,.F.);
#9833 = EDGE_CURVE('',#9834,#9836,#9838,.T.);
#9834 = VERTEX_POINT('',#9835);
#9835 = CARTESIAN_POINT('',(59.,-3.,108.));
#9836 = VERTEX_POINT('',#9837);
#9837 = CARTESIAN_POINT('',(59.,-33.,108.));
#9838 = SURFACE_CURVE('',#9839,(#9844,#9855),.PCURVE_S1.);
#9839 = CIRCLE('',#9840,15.);
#9840 = AXIS2_PLACEMENT_3D('',#9841,#9842,#9843);
#9841 = CARTESIAN_POINT('',(59.,-18.,108.));
#9842 = DIRECTION('',(0.,0.,-1.));
#9843 = DIRECTION('',(0.,1.,0.));
#9844 = PCURVE('',#9721,#9845);
#9845 = DEFINITIONAL_REPRESENTATION('',(#9846),#9854);
#9846 = ( BOUNDED_CURVE() B_SPLINE_CURVE(2,(#9847,#9848,#9849,#9850,
#9851,#9852,#9853),.UNSPECIFIED.,.T.,.F.) B_SPLINE_CURVE_WITH_KNOTS((1,2
    ,2,2,2,1),(-2.094395102393,0.,2.094395102393,4.188790204786,
6.28318530718,8.377580409573),.UNSPECIFIED.) CURVE() 
GEOMETRIC_REPRESENTATION_ITEM() RATIONAL_B_SPLINE_CURVE((1.,0.5,1.,0.5,
1.,0.5,1.)) REPRESENTATION_ITEM('') );
#9847 = CARTESIAN_POINT('',(0.,15.));
#9848 = CARTESIAN_POINT('',(25.980762113533,15.));
#9849 = CARTESIAN_POINT('',(12.990381056767,-7.5));
#9850 = CARTESIAN_POINT('',(3.673940397442E-15,-30.));
#9851 = CARTESIAN_POINT('',(-12.99038105676,-7.5));
#9852 = CARTESIAN_POINT('',(-25.98076211353,15.));
#9853 = CARTESIAN_POINT('',(0.,15.));
#9854 = ( GEOMETRIC_REPRESENTATION_CONTEXT(2) 
PARAMETRIC_REPRESENTATION_CONTEXT() REPRESENTATION_CONTEXT('2D SPACE',''
  ) );
#9855 = PCURVE('',#9856,#9861);
#9856 = CYLINDRICAL_SURFACE('',#9857,15.);
#9857 = AXIS2_PLACEMENT_3D('',#9858,#9859,#9860);
#9858 = CARTESIAN_POINT('',(59.,-18.,90.));
#9859 = DIRECTION('',(0.,0.,1.));
#9860 = DIRECTION('',(1.,0.,-0.));
#9861 = DEFINITIONAL_REPRESENTATION('',(#9862),#9866);
#9862 = LINE('',#9863,#9864);
#9863 = CARTESIAN_POINT('',(7.853981633974,18.));
#9864 = VECTOR('',#9865,1.);
#9865 = DIRECTION('',(-1.,-0.));
#9866 = ( GEOMETRIC_REPRESENTATION_CONTEXT(2) 
PARAMETRIC_REPRESENTATION_CONTEXT() REPRESENTATION_CONTEXT('2D SPACE',''
  ) );
#9867 = ORIENTED_EDGE('',*,*,#9868,.F.);
#9868 = EDGE_CURVE('',#9869,#9834,#9871,.T.);
#9869 = VERTEX_POINT('',#9870);
#9870 = CARTESIAN_POINT('',(45.,-3.,108.));
#9871 = SURFACE_CURVE('',#9872,(#9876,#9883),.PCURVE_S1.);
#9872 = LINE('',#9873,#9874);
#9873 = CARTESIAN_POINT('',(45.,-3.,108.));
#9874 = VECTOR('',#9875,1.);
#9875 = DIRECTION('',(1.,0.,-0.));
#9876 = PCURVE('',#9721,#9877);
#9877 = DEFINITIONAL_REPRESENTATION('',(#9878),#9882);
#9878 = LINE('',#9879,#9880);
#9879 = CARTESIAN_POINT('',(-14.,15.));
#9880 = VECTOR('',#9881,1.);
#9881 = DIRECTION('',(1.,0.));
#9882 = ( GEOMETRIC_REPRESENTATION_CONTEXT(2) 
PARAMETRIC_REPRESENTATION_CONTEXT() REPRESENTATION_CONTEXT('2D SPACE',''
  ) );
#9883 = PCURVE('',#9884,#9889);
#9884 = PLANE('',#9885);
#9885 = AXIS2_PLACEMENT_3D('',#9886,#9887,#9888);
#9886 = CARTESIAN_POINT('',(45.,-3.,90.));
#9887 = DIRECTION('',(-0.,1.,0.));
#9888 = DIRECTION('',(0.,0.,1.));
#9889 = DEFINITIONAL_REPRESENTATION('',(#9890),#9894);
#9890 = LINE('',#9891,#9892);
#9891 = CARTESIAN_POINT('',(18.,0.));
#9892 = VECTOR('',#9893,1.);
#9893 = DIRECTION('',(0.,1.));
#9894 = ( GEOMETRIC_REPRESENTATION_CONTEXT(2) 
PARAMETRIC_REPRESENTATION_CONTEXT() REPRESENTATION_CONTEXT('2D SPACE',''
  ) );
#9895 = ORIENTED_EDGE('',*,*,#9896,.T.);
#9896 = EDGE_CURVE('',#9869,#9897,#9899,.T.);
#9897 = VERTEX_POINT('',#9898);
#9898 = CARTESIAN_POINT('',(45.,-33.,108.));
#9899 = SURFACE_CURVE('',#9900,(#9905,#9912),.PCURVE_S1.);
#9900 = CIRCLE('',#9901,15.);
#9901 = AXIS2_PLACEMENT_3D('',#9902,#9903,#9904);
#9902 = CARTESIAN_POINT('',(45.,-18.,108.));
#9903 = DIRECTION('',(0.,0.,1.));
#9904 = DIRECTION('',(1.,0.,-0.));
#9905 = PCURVE('',#9721,#9906);
#9906 = DEFINITIONAL_REPRESENTATION('',(#9907),#9911);
#9907 = CIRCLE('',#9908,15.);
#9908 = AXIS2_PLACEMENT_2D('',#9909,#9910);
#9909 = CARTESIAN_POINT('',(-14.,0.));
#9910 = DIRECTION('',(1.,0.));
#9911 = ( GEOMETRIC_REPRESENTATION_CONTEXT(2) 
PARAMETRIC_REPRESENTATION_CONTEXT() REPRESENTATION_CONTEXT('2D SPACE',''
  ) );
#9912 = PCURVE('',#9913,#9918);
#9913 = CYLINDRICAL_SURFACE('',#9914,15.);
#9914 = AXIS2_PLACEMENT_3D('',#9915,#9916,#9917);
#9915 = CARTESIAN_POINT('',(45.,-18.,90.));
#9916 = DIRECTION('',(0.,0.,1.));
#9917 = DIRECTION('',(1.,0.,-0.));
#9918 = DEFINITIONAL_REPRESENTATION('',(#9919),#9923);
#9919 = LINE('',#9920,#9921);
#9920 = CARTESIAN_POINT('',(0.,18.));
#9921 = VECTOR('',#9922,1.);
#9922 = DIRECTION('',(1.,0.));
#9923 = ( GEOMETRIC_REPRESENTATION_CONTEXT(2) 
PARAMETRIC_REPRESENTATION_CONTEXT() REPRESENTATION_CONTEXT('2D SPACE',''
  ) );
#9924 = ORIENTED_EDGE('',*,*,#9925,.T.);
#9925 = EDGE_CURVE('',#9897,#9836,#9926,.T.);
#9926 = SURFACE_CURVE('',#9927,(#9931,#9938),.PCURVE_S1.);
#9927 = LINE('',#9928,#9929);
#9928 = CARTESIAN_POINT('',(45.,-33.,108.));
#9929 = VECTOR('',#9930,1.);
#9930 = DIRECTION('',(1.,0.,-0.));
#9931 = PCURVE('',#9721,#9932);
#9932 = DEFINITIONAL_REPRESENTATION('',(#9933),#9937);
#9933 = LINE('',#9934,#9935);
#9934 = CARTESIAN_POINT('',(-14.,-15.));
#9935 = VECTOR('',#9936,1.);
#9936 = DIRECTION('',(1.,0.));
#9937 = ( GEOMETRIC_REPRESENTATION_CONTEXT(2) 
PARAMETRIC_REPRESENTATION_CONTEXT() REPRESENTATION_CONTEXT('2D SPACE',''
  ) );
#9938 = PCURVE('',#9939,#9944);
#9939 = PLANE('',#9940);
#9940 = AXIS2_PLACEMENT_3D('',#9941,#9942,#9943);
#9941 = CARTESIAN_POINT('',(45.,-33.,90.));
#9942 = DIRECTION('',(-0.,1.,0.));
#9943 = DIRECTION('',(0.,0.,1.));
#9944 = DEFINITIONAL_REPRESENTATION('',(#9945),#9949);
#9945 = LINE('',#9946,#9947);
#9946 = CARTESIAN_POINT('',(18.,0.));
#9947 = VECTOR('',#9948,1.);
#9948 = DIRECTION('',(0.,1.));
#9949 = ( GEOMETRIC_REPRESENTATION_CONTEXT(2) 
PARAMETRIC_REPRESENTATION_CONTEXT() REPRESENTATION_CONTEXT('2D SPACE',''
  ) );
#9950 = ADVANCED_FACE('',(#9951),#9939,.F.);
#9951 = FACE_BOUND('',#9952,.F.);
#9952 = EDGE_LOOP('',(#9953,#9978,#9999,#10000));
#9953 = ORIENTED_EDGE('',*,*,#9954,.F.);
#9954 = EDGE_CURVE('',#9955,#9957,#9959,.T.);
#9955 = VERTEX_POINT('',#9956);
#9956 = CARTESIAN_POINT('',(45.,-33.,90.));
#9957 = VERTEX_POINT('',#9958);
#9958 = CARTESIAN_POINT('',(59.,-33.,90.));
#9959 = SURFACE_CURVE('',#9960,(#9964,#9971),.PCURVE_S1.);
#9960 = LINE('',#9961,#9962);
#9961 = CARTESIAN_POINT('',(45.,-33.,90.));
#9962 = VECTOR('',#9963,1.);
#9963 = DIRECTION('',(1.,0.,-0.));
#9964 = PCURVE('',#9939,#9965);
#9965 = DEFINITIONAL_REPRESENTATION('',(#9966),#9970);
#9966 = LINE('',#9967,#9968);
#9967 = CARTESIAN_POINT('',(0.,0.));
#9968 = VECTOR('',#9969,1.);
#9969 = DIRECTION('',(0.,1.));
#9970 = ( GEOMETRIC_REPRESENTATION_CONTEXT(2) 
PARAMETRIC_REPRESENTATION_CONTEXT() REPRESENTATION_CONTEXT('2D SPACE',''
  ) );
#9971 = PCURVE('',#98,#9972);
#9972 = DEFINITIONAL_REPRESENTATION('',(#9973),#9977);
#9973 = LINE('',#9974,#9975);
#9974 = CARTESIAN_POINT('',(45.,3.));
#9975 = VECTOR('',#9976,1.);
#9976 = DIRECTION('',(1.,0.));
#9977 = ( GEOMETRIC_REPRESENTATION_CONTEXT(2) 
PARAMETRIC_REPRESENTATION_CONTEXT() REPRESENTATION_CONTEXT('2D SPACE',''
  ) );
#9978 = ORIENTED_EDGE('',*,*,#9979,.T.);
#9979 = EDGE_CURVE('',#9955,#9897,#9980,.T.);
#9980 = SURFACE_CURVE('',#9981,(#9985,#9992),.PCURVE_S1.);
#9981 = LINE('',#9982,#9983);
#9982 = CARTESIAN_POINT('',(45.,-33.,90.));
#9983 = VECTOR('',#9984,1.);
#9984 = DIRECTION('',(0.,0.,1.));
#9985 = PCURVE('',#9939,#9986);
#9986 = DEFINITIONAL_REPRESENTATION('',(#9987),#9991);
#9987 = LINE('',#9988,#9989);
#9988 = CARTESIAN_POINT('',(0.,0.));
#9989 = VECTOR('',#9990,1.);
#9990 = DIRECTION('',(1.,0.));
#9991 = ( GEOMETRIC_REPRESENTATION_CONTEXT(2) 
PARAMETRIC_REPRESENTATION_CONTEXT() REPRESENTATION_CONTEXT('2D SPACE',''
  ) );
#9992 = PCURVE('',#9913,#9993);
#9993 = DEFINITIONAL_REPRESENTATION('',(#9994),#9998);
#9994 = LINE('',#9995,#9996);
#9995 = CARTESIAN_POINT('',(4.712388980385,0.));
#9996 = VECTOR('',#9997,1.);
#9997 = DIRECTION('',(0.,1.));
#9998 = ( GEOMETRIC_REPRESENTATION_CONTEXT(2) 
PARAMETRIC_REPRESENTATION_CONTEXT() REPRESENTATION_CONTEXT('2D SPACE',''
  ) );
#9999 = ORIENTED_EDGE('',*,*,#9925,.T.);
#10000 = ORIENTED_EDGE('',*,*,#10001,.F.);
#10001 = EDGE_CURVE('',#9957,#9836,#10002,.T.);
#10002 = SURFACE_CURVE('',#10003,(#10007,#10014),.PCURVE_S1.);
#10003 = LINE('',#10004,#10005);
#10004 = CARTESIAN_POINT('',(59.,-33.,90.));
#10005 = VECTOR('',#10006,1.);
#10006 = DIRECTION('',(0.,0.,1.));
#10007 = PCURVE('',#9939,#10008);
#10008 = DEFINITIONAL_REPRESENTATION('',(#10009),#10013);
#10009 = LINE('',#10010,#10011);
#10010 = CARTESIAN_POINT('',(0.,14.));
#10011 = VECTOR('',#10012,1.);
#10012 = DIRECTION('',(1.,0.));
#10013 = ( GEOMETRIC_REPRESENTATION_CONTEXT(2) 
PARAMETRIC_REPRESENTATION_CONTEXT() REPRESENTATION_CONTEXT('2D SPACE',''
  ) );
#10014 = PCURVE('',#9856,#10015);
#10015 = DEFINITIONAL_REPRESENTATION('',(#10016),#10019);
#10016 = B_SPLINE_CURVE_WITH_KNOTS('',1,(#10017,#10018),.UNSPECIFIED.,
  .F.,.F.,(2,2),(0.,18.),.PIECEWISE_BEZIER_KNOTS.);
#10017 = CARTESIAN_POINT('',(4.712388980385,0.));
#10018 = CARTESIAN_POINT('',(4.712388980385,18.));
#10019 = ( GEOMETRIC_REPRESENTATION_CONTEXT(2) 
PARAMETRIC_REPRESENTATION_CONTEXT() REPRESENTATION_CONTEXT('2D SPACE',''
  ) );
#10020 = ADVANCED_FACE('',(#10021),#9913,.T.);
#10021 = FACE_BOUND('',#10022,.T.);
#10022 = EDGE_LOOP('',(#10023,#10024,#10047,#10069));
#10023 = ORIENTED_EDGE('',*,*,#9896,.F.);
#10024 = ORIENTED_EDGE('',*,*,#10025,.F.);
#10025 = EDGE_CURVE('',#10026,#9869,#10028,.T.);
#10026 = VERTEX_POINT('',#10027);
#10027 = CARTESIAN_POINT('',(45.,-3.,90.));
#10028 = SURFACE_CURVE('',#10029,(#10033,#10040),.PCURVE_S1.);
#10029 = LINE('',#10030,#10031);
#10030 = CARTESIAN_POINT('',(45.,-3.,90.));
#10031 = VECTOR('',#10032,1.);
#10032 = DIRECTION('',(0.,0.,1.));
#10033 = PCURVE('',#9913,#10034);
#10034 = DEFINITIONAL_REPRESENTATION('',(#10035),#10039);
#10035 = LINE('',#10036,#10037);
#10036 = CARTESIAN_POINT('',(1.570796326795,0.));
#10037 = VECTOR('',#10038,1.);
#10038 = DIRECTION('',(0.,1.));
#10039 = ( GEOMETRIC_REPRESENTATION_CONTEXT(2) 
PARAMETRIC_REPRESENTATION_CONTEXT() REPRESENTATION_CONTEXT('2D SPACE',''
  ) );
#10040 = PCURVE('',#9884,#10041);
#10041 = DEFINITIONAL_REPRESENTATION('',(#10042),#10046);
#10042 = LINE('',#10043,#10044);
#10043 = CARTESIAN_POINT('',(0.,0.));
#10044 = VECTOR('',#10045,1.);
#10045 = DIRECTION('',(1.,0.));
#10046 = ( GEOMETRIC_REPRESENTATION_CONTEXT(2) 
PARAMETRIC_REPRESENTATION_CONTEXT() REPRESENTATION_CONTEXT('2D SPACE',''
  ) );
#10047 = ORIENTED_EDGE('',*,*,#10048,.T.);
#10048 = EDGE_CURVE('',#10026,#9955,#10049,.T.);
#10049 = SURFACE_CURVE('',#10050,(#10055,#10062),.PCURVE_S1.);
#10050 = CIRCLE('',#10051,15.);
#10051 = AXIS2_PLACEMENT_3D('',#10052,#10053,#10054);
#10052 = CARTESIAN_POINT('',(45.,-18.,90.));
#10053 = DIRECTION('',(0.,0.,1.));
#10054 = DIRECTION('',(1.,0.,-0.));
#10055 = PCURVE('',#9913,#10056);
#10056 = DEFINITIONAL_REPRESENTATION('',(#10057),#10061);
#10057 = LINE('',#10058,#10059);
#10058 = CARTESIAN_POINT('',(0.,0.));
#10059 = VECTOR('',#10060,1.);
#10060 = DIRECTION('',(1.,0.));
#10061 = ( GEOMETRIC_REPRESENTATION_CONTEXT(2) 
PARAMETRIC_REPRESENTATION_CONTEXT() REPRESENTATION_CONTEXT('2D SPACE',''
  ) );
#10062 = PCURVE('',#98,#10063);
#10063 = DEFINITIONAL_REPRESENTATION('',(#10064),#10068);
#10064 = CIRCLE('',#10065,15.);
#10065 = AXIS2_PLACEMENT_2D('',#10066,#10067);
#10066 = CARTESIAN_POINT('',(45.,18.));
#10067 = DIRECTION('',(1.,0.));
#10068 = ( GEOMETRIC_REPRESENTATION_CONTEXT(2) 
PARAMETRIC_REPRESENTATION_CONTEXT() REPRESENTATION_CONTEXT('2D SPACE',''
  ) );
#10069 = ORIENTED_EDGE('',*,*,#9979,.T.);
#10070 = ADVANCED_FACE('',(#10071),#9884,.T.);
#10071 = FACE_BOUND('',#10072,.T.);
#10072 = EDGE_LOOP('',(#10073,#10096,#10097,#10098));
#10073 = ORIENTED_EDGE('',*,*,#10074,.F.);
#10074 = EDGE_CURVE('',#10026,#10075,#10077,.T.);
#10075 = VERTEX_POINT('',#10076);
#10076 = CARTESIAN_POINT('',(59.,-3.,90.));
#10077 = SURFACE_CURVE('',#10078,(#10082,#10089),.PCURVE_S1.);
#10078 = LINE('',#10079,#10080);
#10079 = CARTESIAN_POINT('',(45.,-3.,90.));
#10080 = VECTOR('',#10081,1.);
#10081 = DIRECTION('',(1.,0.,-0.));
#10082 = PCURVE('',#9884,#10083);
#10083 = DEFINITIONAL_REPRESENTATION('',(#10084),#10088);
#10084 = LINE('',#10085,#10086);
#10085 = CARTESIAN_POINT('',(0.,0.));
#10086 = VECTOR('',#10087,1.);
#10087 = DIRECTION('',(0.,1.));
#10088 = ( GEOMETRIC_REPRESENTATION_CONTEXT(2) 
PARAMETRIC_REPRESENTATION_CONTEXT() REPRESENTATION_CONTEXT('2D SPACE',''
  ) );
#10089 = PCURVE('',#98,#10090);
#10090 = DEFINITIONAL_REPRESENTATION('',(#10091),#10095);
#10091 = LINE('',#10092,#10093);
#10092 = CARTESIAN_POINT('',(45.,33.));
#10093 = VECTOR('',#10094,1.);
#10094 = DIRECTION('',(1.,0.));
#10095 = ( GEOMETRIC_REPRESENTATION_CONTEXT(2) 
PARAMETRIC_REPRESENTATION_CONTEXT() REPRESENTATION_CONTEXT('2D SPACE',''
  ) );
#10096 = ORIENTED_EDGE('',*,*,#10025,.T.);
#10097 = ORIENTED_EDGE('',*,*,#9868,.T.);
#10098 = ORIENTED_EDGE('',*,*,#10099,.F.);
#10099 = EDGE_CURVE('',#10075,#9834,#10100,.T.);
#10100 = SURFACE_CURVE('',#10101,(#10105,#10112),.PCURVE_S1.);
#10101 = LINE('',#10102,#10103);
#10102 = CARTESIAN_POINT('',(59.,-3.,90.));
#10103 = VECTOR('',#10104,1.);
#10104 = DIRECTION('',(0.,0.,1.));
#10105 = PCURVE('',#9884,#10106);
#10106 = DEFINITIONAL_REPRESENTATION('',(#10107),#10111);
#10107 = LINE('',#10108,#10109);
#10108 = CARTESIAN_POINT('',(0.,14.));
#10109 = VECTOR('',#10110,1.);
#10110 = DIRECTION('',(1.,0.));
#10111 = ( GEOMETRIC_REPRESENTATION_CONTEXT(2) 
PARAMETRIC_REPRESENTATION_CONTEXT() REPRESENTATION_CONTEXT('2D SPACE',''
  ) );
#10112 = PCURVE('',#9856,#10113);
#10113 = DEFINITIONAL_REPRESENTATION('',(#10114),#10117);
#10114 = B_SPLINE_CURVE_WITH_KNOTS('',1,(#10115,#10116),.UNSPECIFIED.,
  .F.,.F.,(2,2),(0.,18.),.PIECEWISE_BEZIER_KNOTS.);
#10115 = CARTESIAN_POINT('',(7.853981633974,0.));
#10116 = CARTESIAN_POINT('',(7.853981633974,18.));
#10117 = ( GEOMETRIC_REPRESENTATION_CONTEXT(2) 
PARAMETRIC_REPRESENTATION_CONTEXT() REPRESENTATION_CONTEXT('2D SPACE',''
  ) );
#10118 = ADVANCED_FACE('',(#10119),#9856,.T.);
#10119 = FACE_BOUND('',#10120,.T.);
#10120 = EDGE_LOOP('',(#10121,#10147,#10148,#10149));
#10121 = ORIENTED_EDGE('',*,*,#10122,.F.);
#10122 = EDGE_CURVE('',#10075,#9957,#10123,.T.);
#10123 = SURFACE_CURVE('',#10124,(#10129,#10136),.PCURVE_S1.);
#10124 = CIRCLE('',#10125,15.);
#10125 = AXIS2_PLACEMENT_3D('',#10126,#10127,#10128);
#10126 = CARTESIAN_POINT('',(59.,-18.,90.));
#10127 = DIRECTION('',(0.,0.,-1.));
#10128 = DIRECTION('',(0.,1.,0.));
#10129 = PCURVE('',#9856,#10130);
#10130 = DEFINITIONAL_REPRESENTATION('',(#10131),#10135);
#10131 = LINE('',#10132,#10133);
#10132 = CARTESIAN_POINT('',(7.853981633974,0.));
#10133 = VECTOR('',#10134,1.);
#10134 = DIRECTION('',(-1.,-0.));
#10135 = ( GEOMETRIC_REPRESENTATION_CONTEXT(2) 
PARAMETRIC_REPRESENTATION_CONTEXT() REPRESENTATION_CONTEXT('2D SPACE',''
  ) );
#10136 = PCURVE('',#98,#10137);
#10137 = DEFINITIONAL_REPRESENTATION('',(#10138),#10146);
#10138 = ( BOUNDED_CURVE() B_SPLINE_CURVE(2,(#10139,#10140,#10141,#10142
    ,#10143,#10144,#10145),.UNSPECIFIED.,.T.,.F.) 
B_SPLINE_CURVE_WITH_KNOTS((1,2,2,2,2,1),(-2.094395102393,0.,
    2.094395102393,4.188790204786,6.28318530718,8.377580409573),
.UNSPECIFIED.) CURVE() GEOMETRIC_REPRESENTATION_ITEM() 
RATIONAL_B_SPLINE_CURVE((1.,0.5,1.,0.5,1.,0.5,1.)) REPRESENTATION_ITEM(
  '') );
#10139 = CARTESIAN_POINT('',(59.,33.));
#10140 = CARTESIAN_POINT('',(84.980762113533,33.));
#10141 = CARTESIAN_POINT('',(71.990381056767,10.5));
#10142 = CARTESIAN_POINT('',(59.,-12.));
#10143 = CARTESIAN_POINT('',(46.009618943233,10.5));
#10144 = CARTESIAN_POINT('',(33.019237886467,33.));
#10145 = CARTESIAN_POINT('',(59.,33.));
#10146 = ( GEOMETRIC_REPRESENTATION_CONTEXT(2) 
PARAMETRIC_REPRESENTATION_CONTEXT() REPRESENTATION_CONTEXT('2D SPACE',''
  ) );
#10147 = ORIENTED_EDGE('',*,*,#10099,.T.);
#10148 = ORIENTED_EDGE('',*,*,#9833,.T.);
#10149 = ORIENTED_EDGE('',*,*,#10001,.F.);
#10150 = ADVANCED_FACE('',(#10151),#9641,.F.);
#10151 = FACE_BOUND('',#10152,.F.);
#10152 = EDGE_LOOP('',(#10153,#10154,#10155,#10156));
#10153 = ORIENTED_EDGE('',*,*,#9782,.F.);
#10154 = ORIENTED_EDGE('',*,*,#9682,.F.);
#10155 = ORIENTED_EDGE('',*,*,#9624,.T.);
#10156 = ORIENTED_EDGE('',*,*,#10157,.F.);
#10157 = EDGE_CURVE('',#9760,#9598,#10158,.T.);
#10158 = SURFACE_CURVE('',#10159,(#10163,#10170),.PCURVE_S1.);
#10159 = LINE('',#10160,#10161);
#10160 = CARTESIAN_POINT('',(45.,-31.,108.));
#10161 = VECTOR('',#10162,1.);
#10162 = DIRECTION('',(0.,0.,-1.));
#10163 = PCURVE('',#9641,#10164);
#10164 = DEFINITIONAL_REPRESENTATION('',(#10165),#10169);
#10165 = LINE('',#10166,#10167);
#10166 = CARTESIAN_POINT('',(4.712388980385,18.2));
#10167 = VECTOR('',#10168,1.);
#10168 = DIRECTION('',(-0.,-1.));
#10169 = ( GEOMETRIC_REPRESENTATION_CONTEXT(2) 
PARAMETRIC_REPRESENTATION_CONTEXT() REPRESENTATION_CONTEXT('2D SPACE',''
  ) );
#10170 = PCURVE('',#9612,#10171);
#10171 = DEFINITIONAL_REPRESENTATION('',(#10172),#10176);
#10172 = LINE('',#10173,#10174);
#10173 = CARTESIAN_POINT('',(20.9,0.));
#10174 = VECTOR('',#10175,1.);
#10175 = DIRECTION('',(-1.,0.));
#10176 = ( GEOMETRIC_REPRESENTATION_CONTEXT(2) 
PARAMETRIC_REPRESENTATION_CONTEXT() REPRESENTATION_CONTEXT('2D SPACE',''
  ) );
#10177 = ADVANCED_FACE('',(#10178),#9612,.T.);
#10178 = FACE_BOUND('',#10179,.T.);
#10179 = EDGE_LOOP('',(#10180,#10201,#10202,#10203));
#10180 = ORIENTED_EDGE('',*,*,#10181,.F.);
#10181 = EDGE_CURVE('',#9567,#9758,#10182,.T.);
#10182 = SURFACE_CURVE('',#10183,(#10187,#10194),.PCURVE_S1.);
#10183 = LINE('',#10184,#10185);
#10184 = CARTESIAN_POINT('',(59.,-31.,87.6));
#10185 = VECTOR('',#10186,1.);
#10186 = DIRECTION('',(0.,0.,1.));
#10187 = PCURVE('',#9612,#10188);
#10188 = DEFINITIONAL_REPRESENTATION('',(#10189),#10193);
#10189 = LINE('',#10190,#10191);
#10190 = CARTESIAN_POINT('',(0.5,14.));
#10191 = VECTOR('',#10192,1.);
#10192 = DIRECTION('',(1.,0.));
#10193 = ( GEOMETRIC_REPRESENTATION_CONTEXT(2) 
PARAMETRIC_REPRESENTATION_CONTEXT() REPRESENTATION_CONTEXT('2D SPACE',''
  ) );
#10194 = PCURVE('',#9585,#10195);
#10195 = DEFINITIONAL_REPRESENTATION('',(#10196),#10200);
#10196 = LINE('',#10197,#10198);
#10197 = CARTESIAN_POINT('',(4.712388980385,-2.2));
#10198 = VECTOR('',#10199,1.);
#10199 = DIRECTION('',(0.,1.));
#10200 = ( GEOMETRIC_REPRESENTATION_CONTEXT(2) 
PARAMETRIC_REPRESENTATION_CONTEXT() REPRESENTATION_CONTEXT('2D SPACE',''
  ) );
#10201 = ORIENTED_EDGE('',*,*,#9597,.T.);
#10202 = ORIENTED_EDGE('',*,*,#10157,.F.);
#10203 = ORIENTED_EDGE('',*,*,#9757,.F.);
#10204 = ADVANCED_FACE('',(#10205),#9585,.F.);
#10205 = FACE_BOUND('',#10206,.F.);
#10206 = EDGE_LOOP('',(#10207,#10208,#10209,#10210));
#10207 = ORIENTED_EDGE('',*,*,#10181,.F.);
#10208 = ORIENTED_EDGE('',*,*,#9566,.T.);
#10209 = ORIENTED_EDGE('',*,*,#9733,.F.);
#10210 = ORIENTED_EDGE('',*,*,#9805,.T.);
#10211 = ADVANCED_FACE('',(#10212,#10218),#852,.T.);
#10212 = FACE_BOUND('',#10213,.T.);
#10213 = EDGE_LOOP('',(#10214,#10215,#10216,#10217));
#10214 = ORIENTED_EDGE('',*,*,#9499,.F.);
#10215 = ORIENTED_EDGE('',*,*,#834,.T.);
#10216 = ORIENTED_EDGE('',*,*,#9534,.T.);
#10217 = ORIENTED_EDGE('',*,*,#9320,.F.);
#10218 = FACE_BOUND('',#10219,.T.);
#10219 = EDGE_LOOP('',(#10220,#10250,#10277,#10305));
#10220 = ORIENTED_EDGE('',*,*,#10221,.T.);
#10221 = EDGE_CURVE('',#10222,#10224,#10226,.T.);
#10222 = VERTEX_POINT('',#10223);
#10223 = CARTESIAN_POINT('',(74.5,-33.6,64.5));
#10224 = VERTEX_POINT('',#10225);
#10225 = CARTESIAN_POINT('',(29.5,-33.6,64.5));
#10226 = SURFACE_CURVE('',#10227,(#10231,#10238),.PCURVE_S1.);
#10227 = LINE('',#10228,#10229);
#10228 = CARTESIAN_POINT('',(74.5,-33.6,64.5));
#10229 = VECTOR('',#10230,1.);
#10230 = DIRECTION('',(-1.,0.,0.));
#10231 = PCURVE('',#852,#10232);
#10232 = DEFINITIONAL_REPRESENTATION('',(#10233),#10237);
#10233 = LINE('',#10234,#10235);
#10234 = CARTESIAN_POINT('',(62.1,72.1));
#10235 = VECTOR('',#10236,1.);
#10236 = DIRECTION('',(0.,-1.));
#10237 = ( GEOMETRIC_REPRESENTATION_CONTEXT(2) 
PARAMETRIC_REPRESENTATION_CONTEXT() REPRESENTATION_CONTEXT('2D SPACE',''
  ) );
#10238 = PCURVE('',#10239,#10244);
#10239 = PLANE('',#10240);
#10240 = AXIS2_PLACEMENT_3D('',#10241,#10242,#10243);
#10241 = CARTESIAN_POINT('',(29.5,-33.8,64.5));
#10242 = DIRECTION('',(0.,0.,1.));
#10243 = DIRECTION('',(1.,0.,-0.));
#10244 = DEFINITIONAL_REPRESENTATION('',(#10245),#10249);
#10245 = LINE('',#10246,#10247);
#10246 = CARTESIAN_POINT('',(45.,0.2));
#10247 = VECTOR('',#10248,1.);
#10248 = DIRECTION('',(-1.,0.));
#10249 = ( GEOMETRIC_REPRESENTATION_CONTEXT(2) 
PARAMETRIC_REPRESENTATION_CONTEXT() REPRESENTATION_CONTEXT('2D SPACE',''
  ) );
#10250 = ORIENTED_EDGE('',*,*,#10251,.T.);
#10251 = EDGE_CURVE('',#10224,#10252,#10254,.T.);
#10252 = VERTEX_POINT('',#10253);
#10253 = CARTESIAN_POINT('',(29.5,-33.6,19.5));
#10254 = SURFACE_CURVE('',#10255,(#10259,#10265),.PCURVE_S1.);
#10255 = LINE('',#10256,#10257);
#10256 = CARTESIAN_POINT('',(29.5,-33.6,10.95));
#10257 = VECTOR('',#10258,1.);
#10258 = DIRECTION('',(-0.,0.,-1.));
#10259 = PCURVE('',#852,#10260);
#10260 = DEFINITIONAL_REPRESENTATION('',(#10261),#10264);
#10261 = B_SPLINE_CURVE_WITH_KNOTS('',1,(#10262,#10263),.UNSPECIFIED.,
  .F.,.F.,(2,2),(-53.55,-8.55),.PIECEWISE_BEZIER_KNOTS.);
#10262 = CARTESIAN_POINT('',(62.1,27.1));
#10263 = CARTESIAN_POINT('',(17.1,27.1));
#10264 = ( GEOMETRIC_REPRESENTATION_CONTEXT(2) 
PARAMETRIC_REPRESENTATION_CONTEXT() REPRESENTATION_CONTEXT('2D SPACE',''
  ) );
#10265 = PCURVE('',#10266,#10271);
#10266 = PLANE('',#10267);
#10267 = AXIS2_PLACEMENT_3D('',#10268,#10269,#10270);
#10268 = CARTESIAN_POINT('',(29.5,-33.8,19.5));
#10269 = DIRECTION('',(1.,0.,-0.));
#10270 = DIRECTION('',(0.,0.,1.));
#10271 = DEFINITIONAL_REPRESENTATION('',(#10272),#10276);
#10272 = LINE('',#10273,#10274);
#10273 = CARTESIAN_POINT('',(-8.55,-0.2));
#10274 = VECTOR('',#10275,1.);
#10275 = DIRECTION('',(-1.,-0.));
#10276 = ( GEOMETRIC_REPRESENTATION_CONTEXT(2) 
PARAMETRIC_REPRESENTATION_CONTEXT() REPRESENTATION_CONTEXT('2D SPACE',''
  ) );
#10277 = ORIENTED_EDGE('',*,*,#10278,.T.);
#10278 = EDGE_CURVE('',#10252,#10279,#10281,.T.);
#10279 = VERTEX_POINT('',#10280);
#10280 = CARTESIAN_POINT('',(74.5,-33.6,19.5));
#10281 = SURFACE_CURVE('',#10282,(#10286,#10293),.PCURVE_S1.);
#10282 = LINE('',#10283,#10284);
#10283 = CARTESIAN_POINT('',(29.5,-33.6,19.5));
#10284 = VECTOR('',#10285,1.);
#10285 = DIRECTION('',(1.,0.,0.));
#10286 = PCURVE('',#852,#10287);
#10287 = DEFINITIONAL_REPRESENTATION('',(#10288),#10292);
#10288 = LINE('',#10289,#10290);
#10289 = CARTESIAN_POINT('',(17.1,27.1));
#10290 = VECTOR('',#10291,1.);
#10291 = DIRECTION('',(0.,1.));
#10292 = ( GEOMETRIC_REPRESENTATION_CONTEXT(2) 
PARAMETRIC_REPRESENTATION_CONTEXT() REPRESENTATION_CONTEXT('2D SPACE',''
  ) );
#10293 = PCURVE('',#10294,#10299);
#10294 = PLANE('',#10295);
#10295 = AXIS2_PLACEMENT_3D('',#10296,#10297,#10298);
#10296 = CARTESIAN_POINT('',(72.5,-33.8,19.5));
#10297 = DIRECTION('',(0.,0.,1.));
#10298 = DIRECTION('',(1.,0.,-0.));
#10299 = DEFINITIONAL_REPRESENTATION('',(#10300),#10304);
#10300 = LINE('',#10301,#10302);
#10301 = CARTESIAN_POINT('',(-43.,0.2));
#10302 = VECTOR('',#10303,1.);
#10303 = DIRECTION('',(1.,0.));
#10304 = ( GEOMETRIC_REPRESENTATION_CONTEXT(2) 
PARAMETRIC_REPRESENTATION_CONTEXT() REPRESENTATION_CONTEXT('2D SPACE',''
  ) );
#10305 = ORIENTED_EDGE('',*,*,#10306,.F.);
#10306 = EDGE_CURVE('',#10222,#10279,#10307,.T.);
#10307 = SURFACE_CURVE('',#10308,(#10312,#10318),.PCURVE_S1.);
#10308 = LINE('',#10309,#10310);
#10309 = CARTESIAN_POINT('',(74.5,-33.6,10.95));
#10310 = VECTOR('',#10311,1.);
#10311 = DIRECTION('',(-0.,0.,-1.));
#10312 = PCURVE('',#852,#10313);
#10313 = DEFINITIONAL_REPRESENTATION('',(#10314),#10317);
#10314 = B_SPLINE_CURVE_WITH_KNOTS('',1,(#10315,#10316),.UNSPECIFIED.,
  .F.,.F.,(2,2),(-53.55,-8.55),.PIECEWISE_BEZIER_KNOTS.);
#10315 = CARTESIAN_POINT('',(62.1,72.1));
#10316 = CARTESIAN_POINT('',(17.1,72.1));
#10317 = ( GEOMETRIC_REPRESENTATION_CONTEXT(2) 
PARAMETRIC_REPRESENTATION_CONTEXT() REPRESENTATION_CONTEXT('2D SPACE',''
  ) );
#10318 = PCURVE('',#10319,#10324);
#10319 = PLANE('',#10320);
#10320 = AXIS2_PLACEMENT_3D('',#10321,#10322,#10323);
#10321 = CARTESIAN_POINT('',(74.5,-33.8,19.5));
#10322 = DIRECTION('',(1.,0.,-0.));
#10323 = DIRECTION('',(0.,0.,1.));
#10324 = DEFINITIONAL_REPRESENTATION('',(#10325),#10329);
#10325 = LINE('',#10326,#10327);
#10326 = CARTESIAN_POINT('',(-8.55,-0.2));
#10327 = VECTOR('',#10328,1.);
#10328 = DIRECTION('',(-1.,-0.));
#10329 = ( GEOMETRIC_REPRESENTATION_CONTEXT(2) 
PARAMETRIC_REPRESENTATION_CONTEXT() REPRESENTATION_CONTEXT('2D SPACE',''
  ) );
#10330 = ADVANCED_FACE('',(#10331),#10319,.T.);
#10331 = FACE_BOUND('',#10332,.T.);
#10332 = EDGE_LOOP('',(#10333,#10356,#10357,#10380));
#10333 = ORIENTED_EDGE('',*,*,#10334,.F.);
#10334 = EDGE_CURVE('',#10222,#10335,#10337,.T.);
#10335 = VERTEX_POINT('',#10336);
#10336 = CARTESIAN_POINT('',(74.5,-23.25,64.5));
#10337 = SURFACE_CURVE('',#10338,(#10342,#10349),.PCURVE_S1.);
#10338 = LINE('',#10339,#10340);
#10339 = CARTESIAN_POINT('',(74.5,-33.6,64.5));
#10340 = VECTOR('',#10341,1.);
#10341 = DIRECTION('',(0.,1.,0.));
#10342 = PCURVE('',#10319,#10343);
#10343 = DEFINITIONAL_REPRESENTATION('',(#10344),#10348);
#10344 = LINE('',#10345,#10346);
#10345 = CARTESIAN_POINT('',(45.,-0.2));
#10346 = VECTOR('',#10347,1.);
#10347 = DIRECTION('',(0.,-1.));
#10348 = ( GEOMETRIC_REPRESENTATION_CONTEXT(2) 
PARAMETRIC_REPRESENTATION_CONTEXT() REPRESENTATION_CONTEXT('2D SPACE',''
  ) );
#10349 = PCURVE('',#10239,#10350);
#10350 = DEFINITIONAL_REPRESENTATION('',(#10351),#10355);
#10351 = LINE('',#10352,#10353);
#10352 = CARTESIAN_POINT('',(45.,0.2));
#10353 = VECTOR('',#10354,1.);
#10354 = DIRECTION('',(0.,1.));
#10355 = ( GEOMETRIC_REPRESENTATION_CONTEXT(2) 
PARAMETRIC_REPRESENTATION_CONTEXT() REPRESENTATION_CONTEXT('2D SPACE',''
  ) );
#10356 = ORIENTED_EDGE('',*,*,#10306,.T.);
#10357 = ORIENTED_EDGE('',*,*,#10358,.T.);
#10358 = EDGE_CURVE('',#10279,#10359,#10361,.T.);
#10359 = VERTEX_POINT('',#10360);
#10360 = CARTESIAN_POINT('',(74.5,-23.25,19.5));
#10361 = SURFACE_CURVE('',#10362,(#10366,#10373),.PCURVE_S1.);
#10362 = LINE('',#10363,#10364);
#10363 = CARTESIAN_POINT('',(74.5,-33.6,19.5));
#10364 = VECTOR('',#10365,1.);
#10365 = DIRECTION('',(0.,1.,0.));
#10366 = PCURVE('',#10319,#10367);
#10367 = DEFINITIONAL_REPRESENTATION('',(#10368),#10372);
#10368 = LINE('',#10369,#10370);
#10369 = CARTESIAN_POINT('',(0.,-0.2));
#10370 = VECTOR('',#10371,1.);
#10371 = DIRECTION('',(0.,-1.));
#10372 = ( GEOMETRIC_REPRESENTATION_CONTEXT(2) 
PARAMETRIC_REPRESENTATION_CONTEXT() REPRESENTATION_CONTEXT('2D SPACE',''
  ) );
#10373 = PCURVE('',#10294,#10374);
#10374 = DEFINITIONAL_REPRESENTATION('',(#10375),#10379);
#10375 = LINE('',#10376,#10377);
#10376 = CARTESIAN_POINT('',(2.,0.2));
#10377 = VECTOR('',#10378,1.);
#10378 = DIRECTION('',(0.,1.));
#10379 = ( GEOMETRIC_REPRESENTATION_CONTEXT(2) 
PARAMETRIC_REPRESENTATION_CONTEXT() REPRESENTATION_CONTEXT('2D SPACE',''
  ) );
#10380 = ORIENTED_EDGE('',*,*,#10381,.T.);
#10381 = EDGE_CURVE('',#10359,#10335,#10382,.T.);
#10382 = SURFACE_CURVE('',#10383,(#10387,#10394),.PCURVE_S1.);
#10383 = LINE('',#10384,#10385);
#10384 = CARTESIAN_POINT('',(74.5,-23.25,19.5));
#10385 = VECTOR('',#10386,1.);
#10386 = DIRECTION('',(0.,0.,1.));
#10387 = PCURVE('',#10319,#10388);
#10388 = DEFINITIONAL_REPRESENTATION('',(#10389),#10393);
#10389 = LINE('',#10390,#10391);
#10390 = CARTESIAN_POINT('',(0.,-10.55));
#10391 = VECTOR('',#10392,1.);
#10392 = DIRECTION('',(1.,0.));
#10393 = ( GEOMETRIC_REPRESENTATION_CONTEXT(2) 
PARAMETRIC_REPRESENTATION_CONTEXT() REPRESENTATION_CONTEXT('2D SPACE',''
  ) );
#10394 = PCURVE('',#10395,#10400);
#10395 = PLANE('',#10396);
#10396 = AXIS2_PLACEMENT_3D('',#10397,#10398,#10399);
#10397 = CARTESIAN_POINT('',(29.5,-23.25,19.5));
#10398 = DIRECTION('',(-0.,1.,0.));
#10399 = DIRECTION('',(0.,0.,1.));
#10400 = DEFINITIONAL_REPRESENTATION('',(#10401),#10405);
#10401 = LINE('',#10402,#10403);
#10402 = CARTESIAN_POINT('',(0.,45.));
#10403 = VECTOR('',#10404,1.);
#10404 = DIRECTION('',(1.,0.));
#10405 = ( GEOMETRIC_REPRESENTATION_CONTEXT(2) 
PARAMETRIC_REPRESENTATION_CONTEXT() REPRESENTATION_CONTEXT('2D SPACE',''
  ) );
#10406 = ADVANCED_FACE('',(#10407,#10477,#10508,#10539,#10570,#10601),
  #10395,.T.);
#10407 = FACE_BOUND('',#10408,.T.);
#10408 = EDGE_LOOP('',(#10409,#10432,#10455,#10476));
#10409 = ORIENTED_EDGE('',*,*,#10410,.F.);
#10410 = EDGE_CURVE('',#10411,#10359,#10413,.T.);
#10411 = VERTEX_POINT('',#10412);
#10412 = CARTESIAN_POINT('',(29.5,-23.25,19.5));
#10413 = SURFACE_CURVE('',#10414,(#10418,#10425),.PCURVE_S1.);
#10414 = LINE('',#10415,#10416);
#10415 = CARTESIAN_POINT('',(29.5,-23.25,19.5));
#10416 = VECTOR('',#10417,1.);
#10417 = DIRECTION('',(1.,0.,-0.));
#10418 = PCURVE('',#10395,#10419);
#10419 = DEFINITIONAL_REPRESENTATION('',(#10420),#10424);
#10420 = LINE('',#10421,#10422);
#10421 = CARTESIAN_POINT('',(0.,0.));
#10422 = VECTOR('',#10423,1.);
#10423 = DIRECTION('',(0.,1.));
#10424 = ( GEOMETRIC_REPRESENTATION_CONTEXT(2) 
PARAMETRIC_REPRESENTATION_CONTEXT() REPRESENTATION_CONTEXT('2D SPACE',''
  ) );
#10425 = PCURVE('',#10294,#10426);
#10426 = DEFINITIONAL_REPRESENTATION('',(#10427),#10431);
#10427 = LINE('',#10428,#10429);
#10428 = CARTESIAN_POINT('',(-43.,10.55));
#10429 = VECTOR('',#10430,1.);
#10430 = DIRECTION('',(1.,0.));
#10431 = ( GEOMETRIC_REPRESENTATION_CONTEXT(2) 
PARAMETRIC_REPRESENTATION_CONTEXT() REPRESENTATION_CONTEXT('2D SPACE',''
  ) );
#10432 = ORIENTED_EDGE('',*,*,#10433,.T.);
#10433 = EDGE_CURVE('',#10411,#10434,#10436,.T.);
#10434 = VERTEX_POINT('',#10435);
#10435 = CARTESIAN_POINT('',(29.5,-23.25,64.5));
#10436 = SURFACE_CURVE('',#10437,(#10441,#10448),.PCURVE_S1.);
#10437 = LINE('',#10438,#10439);
#10438 = CARTESIAN_POINT('',(29.5,-23.25,19.5));
#10439 = VECTOR('',#10440,1.);
#10440 = DIRECTION('',(0.,0.,1.));
#10441 = PCURVE('',#10395,#10442);
#10442 = DEFINITIONAL_REPRESENTATION('',(#10443),#10447);
#10443 = LINE('',#10444,#10445);
#10444 = CARTESIAN_POINT('',(0.,0.));
#10445 = VECTOR('',#10446,1.);
#10446 = DIRECTION('',(1.,0.));
#10447 = ( GEOMETRIC_REPRESENTATION_CONTEXT(2) 
PARAMETRIC_REPRESENTATION_CONTEXT() REPRESENTATION_CONTEXT('2D SPACE',''
  ) );
#10448 = PCURVE('',#10266,#10449);
#10449 = DEFINITIONAL_REPRESENTATION('',(#10450),#10454);
#10450 = LINE('',#10451,#10452);
#10451 = CARTESIAN_POINT('',(0.,-10.55));
#10452 = VECTOR('',#10453,1.);
#10453 = DIRECTION('',(1.,0.));
#10454 = ( GEOMETRIC_REPRESENTATION_CONTEXT(2) 
PARAMETRIC_REPRESENTATION_CONTEXT() REPRESENTATION_CONTEXT('2D SPACE',''
  ) );
#10455 = ORIENTED_EDGE('',*,*,#10456,.T.);
#10456 = EDGE_CURVE('',#10434,#10335,#10457,.T.);
#10457 = SURFACE_CURVE('',#10458,(#10462,#10469),.PCURVE_S1.);
#10458 = LINE('',#10459,#10460);
#10459 = CARTESIAN_POINT('',(29.5,-23.25,64.5));
#10460 = VECTOR('',#10461,1.);
#10461 = DIRECTION('',(1.,0.,-0.));
#10462 = PCURVE('',#10395,#10463);
#10463 = DEFINITIONAL_REPRESENTATION('',(#10464),#10468);
#10464 = LINE('',#10465,#10466);
#10465 = CARTESIAN_POINT('',(45.,0.));
#10466 = VECTOR('',#10467,1.);
#10467 = DIRECTION('',(0.,1.));
#10468 = ( GEOMETRIC_REPRESENTATION_CONTEXT(2) 
PARAMETRIC_REPRESENTATION_CONTEXT() REPRESENTATION_CONTEXT('2D SPACE',''
  ) );
#10469 = PCURVE('',#10239,#10470);
#10470 = DEFINITIONAL_REPRESENTATION('',(#10471),#10475);
#10471 = LINE('',#10472,#10473);
#10472 = CARTESIAN_POINT('',(0.,10.55));
#10473 = VECTOR('',#10474,1.);
#10474 = DIRECTION('',(1.,0.));
#10475 = ( GEOMETRIC_REPRESENTATION_CONTEXT(2) 
PARAMETRIC_REPRESENTATION_CONTEXT() REPRESENTATION_CONTEXT('2D SPACE',''
  ) );
#10476 = ORIENTED_EDGE('',*,*,#10381,.F.);
#10477 = FACE_BOUND('',#10478,.T.);
#10478 = EDGE_LOOP('',(#10479));
#10479 = ORIENTED_EDGE('',*,*,#10480,.F.);
#10480 = EDGE_CURVE('',#10481,#10481,#10483,.T.);
#10481 = VERTEX_POINT('',#10482);
#10482 = CARTESIAN_POINT('',(36.,-23.25,30.1));
#10483 = SURFACE_CURVE('',#10484,(#10489,#10496),.PCURVE_S1.);
#10484 = CIRCLE('',#10485,4.1);
#10485 = AXIS2_PLACEMENT_3D('',#10486,#10487,#10488);
#10486 = CARTESIAN_POINT('',(36.,-23.25,26.));
#10487 = DIRECTION('',(0.,1.,0.));
#10488 = DIRECTION('',(0.,-0.,1.));
#10489 = PCURVE('',#10395,#10490);
#10490 = DEFINITIONAL_REPRESENTATION('',(#10491),#10495);
#10491 = CIRCLE('',#10492,4.1);
#10492 = AXIS2_PLACEMENT_2D('',#10493,#10494);
#10493 = CARTESIAN_POINT('',(6.5,6.5));
#10494 = DIRECTION('',(1.,0.));
#10495 = ( GEOMETRIC_REPRESENTATION_CONTEXT(2) 
PARAMETRIC_REPRESENTATION_CONTEXT() REPRESENTATION_CONTEXT('2D SPACE',''
  ) );
#10496 = PCURVE('',#10497,#10502);
#10497 = CYLINDRICAL_SURFACE('',#10498,4.1);
#10498 = AXIS2_PLACEMENT_3D('',#10499,#10500,#10501);
#10499 = CARTESIAN_POINT('',(36.,-25.5,26.));
#10500 = DIRECTION('',(0.,1.,0.));
#10501 = DIRECTION('',(0.,-0.,1.));
#10502 = DEFINITIONAL_REPRESENTATION('',(#10503),#10507);
#10503 = LINE('',#10504,#10505);
#10504 = CARTESIAN_POINT('',(0.,2.25));
#10505 = VECTOR('',#10506,1.);
#10506 = DIRECTION('',(1.,0.));
#10507 = ( GEOMETRIC_REPRESENTATION_CONTEXT(2) 
PARAMETRIC_REPRESENTATION_CONTEXT() REPRESENTATION_CONTEXT('2D SPACE',''
  ) );
#10508 = FACE_BOUND('',#10509,.T.);
#10509 = EDGE_LOOP('',(#10510));
#10510 = ORIENTED_EDGE('',*,*,#10511,.F.);
#10511 = EDGE_CURVE('',#10512,#10512,#10514,.T.);
#10512 = VERTEX_POINT('',#10513);
#10513 = CARTESIAN_POINT('',(36.,-23.25,62.1));
#10514 = SURFACE_CURVE('',#10515,(#10520,#10527),.PCURVE_S1.);
#10515 = CIRCLE('',#10516,4.1);
#10516 = AXIS2_PLACEMENT_3D('',#10517,#10518,#10519);
#10517 = CARTESIAN_POINT('',(36.,-23.25,58.));
#10518 = DIRECTION('',(0.,1.,0.));
#10519 = DIRECTION('',(0.,-0.,1.));
#10520 = PCURVE('',#10395,#10521);
#10521 = DEFINITIONAL_REPRESENTATION('',(#10522),#10526);
#10522 = CIRCLE('',#10523,4.1);
#10523 = AXIS2_PLACEMENT_2D('',#10524,#10525);
#10524 = CARTESIAN_POINT('',(38.5,6.5));
#10525 = DIRECTION('',(1.,0.));
#10526 = ( GEOMETRIC_REPRESENTATION_CONTEXT(2) 
PARAMETRIC_REPRESENTATION_CONTEXT() REPRESENTATION_CONTEXT('2D SPACE',''
  ) );
#10527 = PCURVE('',#10528,#10533);
#10528 = CYLINDRICAL_SURFACE('',#10529,4.1);
#10529 = AXIS2_PLACEMENT_3D('',#10530,#10531,#10532);
#10530 = CARTESIAN_POINT('',(36.,-25.5,58.));
#10531 = DIRECTION('',(0.,1.,0.));
#10532 = DIRECTION('',(0.,-0.,1.));
#10533 = DEFINITIONAL_REPRESENTATION('',(#10534),#10538);
#10534 = LINE('',#10535,#10536);
#10535 = CARTESIAN_POINT('',(0.,2.25));
#10536 = VECTOR('',#10537,1.);
#10537 = DIRECTION('',(1.,0.));
#10538 = ( GEOMETRIC_REPRESENTATION_CONTEXT(2) 
PARAMETRIC_REPRESENTATION_CONTEXT() REPRESENTATION_CONTEXT('2D SPACE',''
  ) );
#10539 = FACE_BOUND('',#10540,.T.);
#10540 = EDGE_LOOP('',(#10541));
#10541 = ORIENTED_EDGE('',*,*,#10542,.F.);
#10542 = EDGE_CURVE('',#10543,#10543,#10545,.T.);
#10543 = VERTEX_POINT('',#10544);
#10544 = CARTESIAN_POINT('',(68.,-23.25,30.1));
#10545 = SURFACE_CURVE('',#10546,(#10551,#10558),.PCURVE_S1.);
#10546 = CIRCLE('',#10547,4.1);
#10547 = AXIS2_PLACEMENT_3D('',#10548,#10549,#10550);
#10548 = CARTESIAN_POINT('',(68.,-23.25,26.));
#10549 = DIRECTION('',(0.,1.,0.));
#10550 = DIRECTION('',(0.,-0.,1.));
#10551 = PCURVE('',#10395,#10552);
#10552 = DEFINITIONAL_REPRESENTATION('',(#10553),#10557);
#10553 = CIRCLE('',#10554,4.1);
#10554 = AXIS2_PLACEMENT_2D('',#10555,#10556);
#10555 = CARTESIAN_POINT('',(6.5,38.5));
#10556 = DIRECTION('',(1.,0.));
#10557 = ( GEOMETRIC_REPRESENTATION_CONTEXT(2) 
PARAMETRIC_REPRESENTATION_CONTEXT() REPRESENTATION_CONTEXT('2D SPACE',''
  ) );
#10558 = PCURVE('',#10559,#10564);
#10559 = CYLINDRICAL_SURFACE('',#10560,4.1);
#10560 = AXIS2_PLACEMENT_3D('',#10561,#10562,#10563);
#10561 = CARTESIAN_POINT('',(68.,-25.5,26.));
#10562 = DIRECTION('',(0.,1.,0.));
#10563 = DIRECTION('',(0.,-0.,1.));
#10564 = DEFINITIONAL_REPRESENTATION('',(#10565),#10569);
#10565 = LINE('',#10566,#10567);
#10566 = CARTESIAN_POINT('',(0.,2.25));
#10567 = VECTOR('',#10568,1.);
#10568 = DIRECTION('',(1.,0.));
#10569 = ( GEOMETRIC_REPRESENTATION_CONTEXT(2) 
PARAMETRIC_REPRESENTATION_CONTEXT() REPRESENTATION_CONTEXT('2D SPACE',''
  ) );
#10570 = FACE_BOUND('',#10571,.T.);
#10571 = EDGE_LOOP('',(#10572));
#10572 = ORIENTED_EDGE('',*,*,#10573,.F.);
#10573 = EDGE_CURVE('',#10574,#10574,#10576,.T.);
#10574 = VERTEX_POINT('',#10575);
#10575 = CARTESIAN_POINT('',(52.,-23.25,60.5));
#10576 = SURFACE_CURVE('',#10577,(#10582,#10589),.PCURVE_S1.);
#10577 = CIRCLE('',#10578,18.5);
#10578 = AXIS2_PLACEMENT_3D('',#10579,#10580,#10581);
#10579 = CARTESIAN_POINT('',(52.,-23.25,42.));
#10580 = DIRECTION('',(0.,1.,0.));
#10581 = DIRECTION('',(0.,-0.,1.));
#10582 = PCURVE('',#10395,#10583);
#10583 = DEFINITIONAL_REPRESENTATION('',(#10584),#10588);
#10584 = CIRCLE('',#10585,18.5);
#10585 = AXIS2_PLACEMENT_2D('',#10586,#10587);
#10586 = CARTESIAN_POINT('',(22.5,22.5));
#10587 = DIRECTION('',(1.,0.));
#10588 = ( GEOMETRIC_REPRESENTATION_CONTEXT(2) 
PARAMETRIC_REPRESENTATION_CONTEXT() REPRESENTATION_CONTEXT('2D SPACE',''
  ) );
#10589 = PCURVE('',#10590,#10595);
#10590 = CYLINDRICAL_SURFACE('',#10591,18.5);
#10591 = AXIS2_PLACEMENT_3D('',#10592,#10593,#10594);
#10592 = CARTESIAN_POINT('',(52.,-25.7,42.));
#10593 = DIRECTION('',(0.,1.,0.));
#10594 = DIRECTION('',(0.,-0.,1.));
#10595 = DEFINITIONAL_REPRESENTATION('',(#10596),#10600);
#10596 = LINE('',#10597,#10598);
#10597 = CARTESIAN_POINT('',(0.,2.45));
#10598 = VECTOR('',#10599,1.);
#10599 = DIRECTION('',(1.,0.));
#10600 = ( GEOMETRIC_REPRESENTATION_CONTEXT(2) 
PARAMETRIC_REPRESENTATION_CONTEXT() REPRESENTATION_CONTEXT('2D SPACE',''
  ) );
#10601 = FACE_BOUND('',#10602,.T.);
#10602 = EDGE_LOOP('',(#10603));
#10603 = ORIENTED_EDGE('',*,*,#10604,.F.);
#10604 = EDGE_CURVE('',#10605,#10605,#10607,.T.);
#10605 = VERTEX_POINT('',#10606);
#10606 = CARTESIAN_POINT('',(68.,-23.25,62.1));
#10607 = SURFACE_CURVE('',#10608,(#10613,#10620),.PCURVE_S1.);
#10608 = CIRCLE('',#10609,4.1);
#10609 = AXIS2_PLACEMENT_3D('',#10610,#10611,#10612);
#10610 = CARTESIAN_POINT('',(68.,-23.25,58.));
#10611 = DIRECTION('',(0.,1.,0.));
#10612 = DIRECTION('',(0.,-0.,1.));
#10613 = PCURVE('',#10395,#10614);
#10614 = DEFINITIONAL_REPRESENTATION('',(#10615),#10619);
#10615 = CIRCLE('',#10616,4.1);
#10616 = AXIS2_PLACEMENT_2D('',#10617,#10618);
#10617 = CARTESIAN_POINT('',(38.5,38.5));
#10618 = DIRECTION('',(1.,0.));
#10619 = ( GEOMETRIC_REPRESENTATION_CONTEXT(2) 
PARAMETRIC_REPRESENTATION_CONTEXT() REPRESENTATION_CONTEXT('2D SPACE',''
  ) );
#10620 = PCURVE('',#10621,#10626);
#10621 = CYLINDRICAL_SURFACE('',#10622,4.1);
#10622 = AXIS2_PLACEMENT_3D('',#10623,#10624,#10625);
#10623 = CARTESIAN_POINT('',(68.,-25.5,58.));
#10624 = DIRECTION('',(0.,1.,0.));
#10625 = DIRECTION('',(0.,-0.,1.));
#10626 = DEFINITIONAL_REPRESENTATION('',(#10627),#10631);
#10627 = LINE('',#10628,#10629);
#10628 = CARTESIAN_POINT('',(0.,2.25));
#10629 = VECTOR('',#10630,1.);
#10630 = DIRECTION('',(1.,0.));
#10631 = ( GEOMETRIC_REPRESENTATION_CONTEXT(2) 
PARAMETRIC_REPRESENTATION_CONTEXT() REPRESENTATION_CONTEXT('2D SPACE',''
  ) );
#10632 = ADVANCED_FACE('',(#10633),#10621,.T.);
#10633 = FACE_BOUND('',#10634,.T.);
#10634 = EDGE_LOOP('',(#10635,#10658,#10685,#10686));
#10635 = ORIENTED_EDGE('',*,*,#10636,.T.);
#10636 = EDGE_CURVE('',#10605,#10637,#10639,.T.);
#10637 = VERTEX_POINT('',#10638);
#10638 = CARTESIAN_POINT('',(68.,-17.5,62.1));
#10639 = SEAM_CURVE('',#10640,(#10644,#10651),.PCURVE_S1.);
#10640 = LINE('',#10641,#10642);
#10641 = CARTESIAN_POINT('',(68.,-25.5,62.1));
#10642 = VECTOR('',#10643,1.);
#10643 = DIRECTION('',(0.,1.,0.));
#10644 = PCURVE('',#10621,#10645);
#10645 = DEFINITIONAL_REPRESENTATION('',(#10646),#10650);
#10646 = LINE('',#10647,#10648);
#10647 = CARTESIAN_POINT('',(6.28318530718,-0.));
#10648 = VECTOR('',#10649,1.);
#10649 = DIRECTION('',(0.,1.));
#10650 = ( GEOMETRIC_REPRESENTATION_CONTEXT(2) 
PARAMETRIC_REPRESENTATION_CONTEXT() REPRESENTATION_CONTEXT('2D SPACE',''
  ) );
#10651 = PCURVE('',#10621,#10652);
#10652 = DEFINITIONAL_REPRESENTATION('',(#10653),#10657);
#10653 = LINE('',#10654,#10655);
#10654 = CARTESIAN_POINT('',(0.,-0.));
#10655 = VECTOR('',#10656,1.);
#10656 = DIRECTION('',(0.,1.));
#10657 = ( GEOMETRIC_REPRESENTATION_CONTEXT(2) 
PARAMETRIC_REPRESENTATION_CONTEXT() REPRESENTATION_CONTEXT('2D SPACE',''
  ) );
#10658 = ORIENTED_EDGE('',*,*,#10659,.F.);
#10659 = EDGE_CURVE('',#10637,#10637,#10660,.T.);
#10660 = SURFACE_CURVE('',#10661,(#10666,#10673),.PCURVE_S1.);
#10661 = CIRCLE('',#10662,4.1);
#10662 = AXIS2_PLACEMENT_3D('',#10663,#10664,#10665);
#10663 = CARTESIAN_POINT('',(68.,-17.5,58.));
#10664 = DIRECTION('',(0.,1.,0.));
#10665 = DIRECTION('',(0.,-0.,1.));
#10666 = PCURVE('',#10621,#10667);
#10667 = DEFINITIONAL_REPRESENTATION('',(#10668),#10672);
#10668 = LINE('',#10669,#10670);
#10669 = CARTESIAN_POINT('',(0.,8.));
#10670 = VECTOR('',#10671,1.);
#10671 = DIRECTION('',(1.,0.));
#10672 = ( GEOMETRIC_REPRESENTATION_CONTEXT(2) 
PARAMETRIC_REPRESENTATION_CONTEXT() REPRESENTATION_CONTEXT('2D SPACE',''
  ) );
#10673 = PCURVE('',#10674,#10679);
#10674 = PLANE('',#10675);
#10675 = AXIS2_PLACEMENT_3D('',#10676,#10677,#10678);
#10676 = CARTESIAN_POINT('',(68.,-17.5,58.));
#10677 = DIRECTION('',(0.,1.,0.));
#10678 = DIRECTION('',(0.,-0.,1.));
#10679 = DEFINITIONAL_REPRESENTATION('',(#10680),#10684);
#10680 = CIRCLE('',#10681,4.1);
#10681 = AXIS2_PLACEMENT_2D('',#10682,#10683);
#10682 = CARTESIAN_POINT('',(0.,0.));
#10683 = DIRECTION('',(1.,0.));
#10684 = ( GEOMETRIC_REPRESENTATION_CONTEXT(2) 
PARAMETRIC_REPRESENTATION_CONTEXT() REPRESENTATION_CONTEXT('2D SPACE',''
  ) );
#10685 = ORIENTED_EDGE('',*,*,#10636,.F.);
#10686 = ORIENTED_EDGE('',*,*,#10604,.T.);
#10687 = ADVANCED_FACE('',(#10688,#10691),#10674,.T.);
#10688 = FACE_BOUND('',#10689,.T.);
#10689 = EDGE_LOOP('',(#10690));
#10690 = ORIENTED_EDGE('',*,*,#10659,.T.);
#10691 = FACE_BOUND('',#10692,.T.);
#10692 = EDGE_LOOP('',(#10693));
#10693 = ORIENTED_EDGE('',*,*,#10694,.F.);
#10694 = EDGE_CURVE('',#10695,#10695,#10697,.T.);
#10695 = VERTEX_POINT('',#10696);
#10696 = CARTESIAN_POINT('',(68.,-17.5,60.1));
#10697 = SURFACE_CURVE('',#10698,(#10703,#10710),.PCURVE_S1.);
#10698 = CIRCLE('',#10699,2.1);
#10699 = AXIS2_PLACEMENT_3D('',#10700,#10701,#10702);
#10700 = CARTESIAN_POINT('',(68.,-17.5,58.));
#10701 = DIRECTION('',(0.,1.,0.));
#10702 = DIRECTION('',(0.,-0.,1.));
#10703 = PCURVE('',#10674,#10704);
#10704 = DEFINITIONAL_REPRESENTATION('',(#10705),#10709);
#10705 = CIRCLE('',#10706,2.1);
#10706 = AXIS2_PLACEMENT_2D('',#10707,#10708);
#10707 = CARTESIAN_POINT('',(0.,0.));
#10708 = DIRECTION('',(1.,0.));
#10709 = ( GEOMETRIC_REPRESENTATION_CONTEXT(2) 
PARAMETRIC_REPRESENTATION_CONTEXT() REPRESENTATION_CONTEXT('2D SPACE',''
  ) );
#10710 = PCURVE('',#10711,#10716);
#10711 = CYLINDRICAL_SURFACE('',#10712,2.1);
#10712 = AXIS2_PLACEMENT_3D('',#10713,#10714,#10715);
#10713 = CARTESIAN_POINT('',(68.,-25.8,58.));
#10714 = DIRECTION('',(0.,1.,0.));
#10715 = DIRECTION('',(0.,-0.,1.));
#10716 = DEFINITIONAL_REPRESENTATION('',(#10717),#10721);
#10717 = LINE('',#10718,#10719);
#10718 = CARTESIAN_POINT('',(0.,8.3));
#10719 = VECTOR('',#10720,1.);
#10720 = DIRECTION('',(1.,0.));
#10721 = ( GEOMETRIC_REPRESENTATION_CONTEXT(2) 
PARAMETRIC_REPRESENTATION_CONTEXT() REPRESENTATION_CONTEXT('2D SPACE',''
  ) );
#10722 = ADVANCED_FACE('',(#10723),#10711,.F.);
#10723 = FACE_BOUND('',#10724,.F.);
#10724 = EDGE_LOOP('',(#10725,#10726,#10749,#10776));
#10725 = ORIENTED_EDGE('',*,*,#10694,.F.);
#10726 = ORIENTED_EDGE('',*,*,#10727,.F.);
#10727 = EDGE_CURVE('',#10728,#10695,#10730,.T.);
#10728 = VERTEX_POINT('',#10729);
#10729 = CARTESIAN_POINT('',(68.,-25.5,60.1));
#10730 = SEAM_CURVE('',#10731,(#10735,#10742),.PCURVE_S1.);
#10731 = LINE('',#10732,#10733);
#10732 = CARTESIAN_POINT('',(68.,-25.8,60.1));
#10733 = VECTOR('',#10734,1.);
#10734 = DIRECTION('',(0.,1.,0.));
#10735 = PCURVE('',#10711,#10736);
#10736 = DEFINITIONAL_REPRESENTATION('',(#10737),#10741);
#10737 = LINE('',#10738,#10739);
#10738 = CARTESIAN_POINT('',(6.28318530718,-0.));
#10739 = VECTOR('',#10740,1.);
#10740 = DIRECTION('',(0.,1.));
#10741 = ( GEOMETRIC_REPRESENTATION_CONTEXT(2) 
PARAMETRIC_REPRESENTATION_CONTEXT() REPRESENTATION_CONTEXT('2D SPACE',''
  ) );
#10742 = PCURVE('',#10711,#10743);
#10743 = DEFINITIONAL_REPRESENTATION('',(#10744),#10748);
#10744 = LINE('',#10745,#10746);
#10745 = CARTESIAN_POINT('',(0.,-0.));
#10746 = VECTOR('',#10747,1.);
#10747 = DIRECTION('',(0.,1.));
#10748 = ( GEOMETRIC_REPRESENTATION_CONTEXT(2) 
PARAMETRIC_REPRESENTATION_CONTEXT() REPRESENTATION_CONTEXT('2D SPACE',''
  ) );
#10749 = ORIENTED_EDGE('',*,*,#10750,.T.);
#10750 = EDGE_CURVE('',#10728,#10728,#10751,.T.);
#10751 = SURFACE_CURVE('',#10752,(#10757,#10764),.PCURVE_S1.);
#10752 = CIRCLE('',#10753,2.1);
#10753 = AXIS2_PLACEMENT_3D('',#10754,#10755,#10756);
#10754 = CARTESIAN_POINT('',(68.,-25.5,58.));
#10755 = DIRECTION('',(0.,1.,0.));
#10756 = DIRECTION('',(0.,-0.,1.));
#10757 = PCURVE('',#10711,#10758);
#10758 = DEFINITIONAL_REPRESENTATION('',(#10759),#10763);
#10759 = LINE('',#10760,#10761);
#10760 = CARTESIAN_POINT('',(0.,0.3));
#10761 = VECTOR('',#10762,1.);
#10762 = DIRECTION('',(1.,0.));
#10763 = ( GEOMETRIC_REPRESENTATION_CONTEXT(2) 
PARAMETRIC_REPRESENTATION_CONTEXT() REPRESENTATION_CONTEXT('2D SPACE',''
  ) );
#10764 = PCURVE('',#10765,#10770);
#10765 = PLANE('',#10766);
#10766 = AXIS2_PLACEMENT_3D('',#10767,#10768,#10769);
#10767 = CARTESIAN_POINT('',(68.,-25.5,58.));
#10768 = DIRECTION('',(0.,1.,0.));
#10769 = DIRECTION('',(0.,-0.,1.));
#10770 = DEFINITIONAL_REPRESENTATION('',(#10771),#10775);
#10771 = CIRCLE('',#10772,2.1);
#10772 = AXIS2_PLACEMENT_2D('',#10773,#10774);
#10773 = CARTESIAN_POINT('',(0.,0.));
#10774 = DIRECTION('',(1.,0.));
#10775 = ( GEOMETRIC_REPRESENTATION_CONTEXT(2) 
PARAMETRIC_REPRESENTATION_CONTEXT() REPRESENTATION_CONTEXT('2D SPACE',''
  ) );
#10776 = ORIENTED_EDGE('',*,*,#10727,.T.);
#10777 = ADVANCED_FACE('',(#10778,#10809),#10765,.F.);
#10778 = FACE_BOUND('',#10779,.F.);
#10779 = EDGE_LOOP('',(#10780));
#10780 = ORIENTED_EDGE('',*,*,#10781,.T.);
#10781 = EDGE_CURVE('',#10782,#10782,#10784,.T.);
#10782 = VERTEX_POINT('',#10783);
#10783 = CARTESIAN_POINT('',(68.,-25.5,62.1));
#10784 = SURFACE_CURVE('',#10785,(#10790,#10797),.PCURVE_S1.);
#10785 = CIRCLE('',#10786,4.1);
#10786 = AXIS2_PLACEMENT_3D('',#10787,#10788,#10789);
#10787 = CARTESIAN_POINT('',(68.,-25.5,58.));
#10788 = DIRECTION('',(0.,1.,0.));
#10789 = DIRECTION('',(0.,-0.,1.));
#10790 = PCURVE('',#10765,#10791);
#10791 = DEFINITIONAL_REPRESENTATION('',(#10792),#10796);
#10792 = CIRCLE('',#10793,4.1);
#10793 = AXIS2_PLACEMENT_2D('',#10794,#10795);
#10794 = CARTESIAN_POINT('',(0.,0.));
#10795 = DIRECTION('',(1.,0.));
#10796 = ( GEOMETRIC_REPRESENTATION_CONTEXT(2) 
PARAMETRIC_REPRESENTATION_CONTEXT() REPRESENTATION_CONTEXT('2D SPACE',''
  ) );
#10797 = PCURVE('',#10798,#10803);
#10798 = CYLINDRICAL_SURFACE('',#10799,4.1);
#10799 = AXIS2_PLACEMENT_3D('',#10800,#10801,#10802);
#10800 = CARTESIAN_POINT('',(68.,-25.5,58.));
#10801 = DIRECTION('',(0.,1.,0.));
#10802 = DIRECTION('',(0.,-0.,1.));
#10803 = DEFINITIONAL_REPRESENTATION('',(#10804),#10808);
#10804 = LINE('',#10805,#10806);
#10805 = CARTESIAN_POINT('',(0.,0.));
#10806 = VECTOR('',#10807,1.);
#10807 = DIRECTION('',(1.,0.));
#10808 = ( GEOMETRIC_REPRESENTATION_CONTEXT(2) 
PARAMETRIC_REPRESENTATION_CONTEXT() REPRESENTATION_CONTEXT('2D SPACE',''
  ) );
#10809 = FACE_BOUND('',#10810,.F.);
#10810 = EDGE_LOOP('',(#10811));
#10811 = ORIENTED_EDGE('',*,*,#10750,.F.);
#10812 = ADVANCED_FACE('',(#10813),#10798,.T.);
#10813 = FACE_BOUND('',#10814,.T.);
#10814 = EDGE_LOOP('',(#10815,#10844,#10865,#10866));
#10815 = ORIENTED_EDGE('',*,*,#10816,.F.);
#10816 = EDGE_CURVE('',#10817,#10817,#10819,.T.);
#10817 = VERTEX_POINT('',#10818);
#10818 = CARTESIAN_POINT('',(68.,-25.45,62.1));
#10819 = SURFACE_CURVE('',#10820,(#10825,#10832),.PCURVE_S1.);
#10820 = CIRCLE('',#10821,4.1);
#10821 = AXIS2_PLACEMENT_3D('',#10822,#10823,#10824);
#10822 = CARTESIAN_POINT('',(68.,-25.45,58.));
#10823 = DIRECTION('',(0.,1.,0.));
#10824 = DIRECTION('',(0.,-0.,1.));
#10825 = PCURVE('',#10798,#10826);
#10826 = DEFINITIONAL_REPRESENTATION('',(#10827),#10831);
#10827 = LINE('',#10828,#10829);
#10828 = CARTESIAN_POINT('',(0.,5.E-02));
#10829 = VECTOR('',#10830,1.);
#10830 = DIRECTION('',(1.,0.));
#10831 = ( GEOMETRIC_REPRESENTATION_CONTEXT(2) 
PARAMETRIC_REPRESENTATION_CONTEXT() REPRESENTATION_CONTEXT('2D SPACE',''
  ) );
#10832 = PCURVE('',#10833,#10838);
#10833 = PLANE('',#10834);
#10834 = AXIS2_PLACEMENT_3D('',#10835,#10836,#10837);
#10835 = CARTESIAN_POINT('',(29.5,-25.45,19.5));
#10836 = DIRECTION('',(-0.,1.,0.));
#10837 = DIRECTION('',(0.,0.,1.));
#10838 = DEFINITIONAL_REPRESENTATION('',(#10839),#10843);
#10839 = CIRCLE('',#10840,4.1);
#10840 = AXIS2_PLACEMENT_2D('',#10841,#10842);
#10841 = CARTESIAN_POINT('',(38.5,38.5));
#10842 = DIRECTION('',(1.,0.));
#10843 = ( GEOMETRIC_REPRESENTATION_CONTEXT(2) 
PARAMETRIC_REPRESENTATION_CONTEXT() REPRESENTATION_CONTEXT('2D SPACE',''
  ) );
#10844 = ORIENTED_EDGE('',*,*,#10845,.F.);
#10845 = EDGE_CURVE('',#10782,#10817,#10846,.T.);
#10846 = SEAM_CURVE('',#10847,(#10851,#10858),.PCURVE_S1.);
#10847 = LINE('',#10848,#10849);
#10848 = CARTESIAN_POINT('',(68.,-25.5,62.1));
#10849 = VECTOR('',#10850,1.);
#10850 = DIRECTION('',(0.,1.,0.));
#10851 = PCURVE('',#10798,#10852);
#10852 = DEFINITIONAL_REPRESENTATION('',(#10853),#10857);
#10853 = LINE('',#10854,#10855);
#10854 = CARTESIAN_POINT('',(6.28318530718,-0.));
#10855 = VECTOR('',#10856,1.);
#10856 = DIRECTION('',(0.,1.));
#10857 = ( GEOMETRIC_REPRESENTATION_CONTEXT(2) 
PARAMETRIC_REPRESENTATION_CONTEXT() REPRESENTATION_CONTEXT('2D SPACE',''
  ) );
#10858 = PCURVE('',#10798,#10859);
#10859 = DEFINITIONAL_REPRESENTATION('',(#10860),#10864);
#10860 = LINE('',#10861,#10862);
#10861 = CARTESIAN_POINT('',(0.,-0.));
#10862 = VECTOR('',#10863,1.);
#10863 = DIRECTION('',(0.,1.));
#10864 = ( GEOMETRIC_REPRESENTATION_CONTEXT(2) 
PARAMETRIC_REPRESENTATION_CONTEXT() REPRESENTATION_CONTEXT('2D SPACE',''
  ) );
#10865 = ORIENTED_EDGE('',*,*,#10781,.T.);
#10866 = ORIENTED_EDGE('',*,*,#10845,.T.);
#10867 = ADVANCED_FACE('',(#10868,#10978,#11009,#11040,#11071,#11097),
  #10833,.F.);
#10868 = FACE_BOUND('',#10869,.F.);
#10869 = EDGE_LOOP('',(#10870,#10899,#10926,#10953));
#10870 = ORIENTED_EDGE('',*,*,#10871,.F.);
#10871 = EDGE_CURVE('',#10872,#10874,#10876,.T.);
#10872 = VERTEX_POINT('',#10873);
#10873 = CARTESIAN_POINT('',(72.5,-25.45,62.5));
#10874 = VERTEX_POINT('',#10875);
#10875 = CARTESIAN_POINT('',(31.5,-25.45,62.5));
#10876 = SURFACE_CURVE('',#10877,(#10881,#10887),.PCURVE_S1.);
#10877 = LINE('',#10878,#10879);
#10878 = CARTESIAN_POINT('',(30.5,-25.45,62.5));
#10879 = VECTOR('',#10880,1.);
#10880 = DIRECTION('',(-1.,-0.,0.));
#10881 = PCURVE('',#10833,#10882);
#10882 = DEFINITIONAL_REPRESENTATION('',(#10883),#10886);
#10883 = B_SPLINE_CURVE_WITH_KNOTS('',1,(#10884,#10885),.UNSPECIFIED.,
  .F.,.F.,(2,2),(-42.,-1.),.PIECEWISE_BEZIER_KNOTS.);
#10884 = CARTESIAN_POINT('',(43.,43.));
#10885 = CARTESIAN_POINT('',(43.,2.));
#10886 = ( GEOMETRIC_REPRESENTATION_CONTEXT(2) 
PARAMETRIC_REPRESENTATION_CONTEXT() REPRESENTATION_CONTEXT('2D SPACE',''
  ) );
#10887 = PCURVE('',#10888,#10893);
#10888 = PLANE('',#10889);
#10889 = AXIS2_PLACEMENT_3D('',#10890,#10891,#10892);
#10890 = CARTESIAN_POINT('',(31.5,-36.2,62.5));
#10891 = DIRECTION('',(0.,0.,1.));
#10892 = DIRECTION('',(1.,0.,-0.));
#10893 = DEFINITIONAL_REPRESENTATION('',(#10894),#10898);
#10894 = LINE('',#10895,#10896);
#10895 = CARTESIAN_POINT('',(-1.,10.75));
#10896 = VECTOR('',#10897,1.);
#10897 = DIRECTION('',(-1.,0.));
#10898 = ( GEOMETRIC_REPRESENTATION_CONTEXT(2) 
PARAMETRIC_REPRESENTATION_CONTEXT() REPRESENTATION_CONTEXT('2D SPACE',''
  ) );
#10899 = ORIENTED_EDGE('',*,*,#10900,.F.);
#10900 = EDGE_CURVE('',#10901,#10872,#10903,.T.);
#10901 = VERTEX_POINT('',#10902);
#10902 = CARTESIAN_POINT('',(72.5,-25.45,21.5));
#10903 = SURFACE_CURVE('',#10904,(#10908,#10914),.PCURVE_S1.);
#10904 = LINE('',#10905,#10906);
#10905 = CARTESIAN_POINT('',(72.5,-25.45,19.5));
#10906 = VECTOR('',#10907,1.);
#10907 = DIRECTION('',(0.,0.,1.));
#10908 = PCURVE('',#10833,#10909);
#10909 = DEFINITIONAL_REPRESENTATION('',(#10910),#10913);
#10910 = B_SPLINE_CURVE_WITH_KNOTS('',1,(#10911,#10912),.UNSPECIFIED.,
  .F.,.F.,(2,2),(2.,43.),.PIECEWISE_BEZIER_KNOTS.);
#10911 = CARTESIAN_POINT('',(2.,43.));
#10912 = CARTESIAN_POINT('',(43.,43.));
#10913 = ( GEOMETRIC_REPRESENTATION_CONTEXT(2) 
PARAMETRIC_REPRESENTATION_CONTEXT() REPRESENTATION_CONTEXT('2D SPACE',''
  ) );
#10914 = PCURVE('',#10915,#10920);
#10915 = PLANE('',#10916);
#10916 = AXIS2_PLACEMENT_3D('',#10917,#10918,#10919);
#10917 = CARTESIAN_POINT('',(72.5,-36.2,21.5));
#10918 = DIRECTION('',(1.,0.,-0.));
#10919 = DIRECTION('',(0.,0.,1.));
#10920 = DEFINITIONAL_REPRESENTATION('',(#10921),#10925);
#10921 = LINE('',#10922,#10923);
#10922 = CARTESIAN_POINT('',(-2.,-10.75));
#10923 = VECTOR('',#10924,1.);
#10924 = DIRECTION('',(1.,0.));
#10925 = ( GEOMETRIC_REPRESENTATION_CONTEXT(2) 
PARAMETRIC_REPRESENTATION_CONTEXT() REPRESENTATION_CONTEXT('2D SPACE',''
  ) );
#10926 = ORIENTED_EDGE('',*,*,#10927,.T.);
#10927 = EDGE_CURVE('',#10901,#10928,#10930,.T.);
#10928 = VERTEX_POINT('',#10929);
#10929 = CARTESIAN_POINT('',(31.5,-25.45,21.5));
#10930 = SURFACE_CURVE('',#10931,(#10935,#10941),.PCURVE_S1.);
#10931 = LINE('',#10932,#10933);
#10932 = CARTESIAN_POINT('',(30.5,-25.45,21.5));
#10933 = VECTOR('',#10934,1.);
#10934 = DIRECTION('',(-1.,-0.,0.));
#10935 = PCURVE('',#10833,#10936);
#10936 = DEFINITIONAL_REPRESENTATION('',(#10937),#10940);
#10937 = B_SPLINE_CURVE_WITH_KNOTS('',1,(#10938,#10939),.UNSPECIFIED.,
  .F.,.F.,(2,2),(-42.,-1.),.PIECEWISE_BEZIER_KNOTS.);
#10938 = CARTESIAN_POINT('',(2.,43.));
#10939 = CARTESIAN_POINT('',(2.,2.));
#10940 = ( GEOMETRIC_REPRESENTATION_CONTEXT(2) 
PARAMETRIC_REPRESENTATION_CONTEXT() REPRESENTATION_CONTEXT('2D SPACE',''
  ) );
#10941 = PCURVE('',#10942,#10947);
#10942 = PLANE('',#10943);
#10943 = AXIS2_PLACEMENT_3D('',#10944,#10945,#10946);
#10944 = CARTESIAN_POINT('',(31.5,-36.2,21.5));
#10945 = DIRECTION('',(0.,0.,1.));
#10946 = DIRECTION('',(1.,0.,-0.));
#10947 = DEFINITIONAL_REPRESENTATION('',(#10948),#10952);
#10948 = LINE('',#10949,#10950);
#10949 = CARTESIAN_POINT('',(-1.,10.75));
#10950 = VECTOR('',#10951,1.);
#10951 = DIRECTION('',(-1.,0.));
#10952 = ( GEOMETRIC_REPRESENTATION_CONTEXT(2) 
PARAMETRIC_REPRESENTATION_CONTEXT() REPRESENTATION_CONTEXT('2D SPACE',''
  ) );
#10953 = ORIENTED_EDGE('',*,*,#10954,.T.);
#10954 = EDGE_CURVE('',#10928,#10874,#10955,.T.);
#10955 = SURFACE_CURVE('',#10956,(#10960,#10966),.PCURVE_S1.);
#10956 = LINE('',#10957,#10958);
#10957 = CARTESIAN_POINT('',(31.5,-25.45,19.5));
#10958 = VECTOR('',#10959,1.);
#10959 = DIRECTION('',(0.,0.,1.));
#10960 = PCURVE('',#10833,#10961);
#10961 = DEFINITIONAL_REPRESENTATION('',(#10962),#10965);
#10962 = B_SPLINE_CURVE_WITH_KNOTS('',1,(#10963,#10964),.UNSPECIFIED.,
  .F.,.F.,(2,2),(2.,43.),.PIECEWISE_BEZIER_KNOTS.);
#10963 = CARTESIAN_POINT('',(2.,2.));
#10964 = CARTESIAN_POINT('',(43.,2.));
#10965 = ( GEOMETRIC_REPRESENTATION_CONTEXT(2) 
PARAMETRIC_REPRESENTATION_CONTEXT() REPRESENTATION_CONTEXT('2D SPACE',''
  ) );
#10966 = PCURVE('',#10967,#10972);
#10967 = PLANE('',#10968);
#10968 = AXIS2_PLACEMENT_3D('',#10969,#10970,#10971);
#10969 = CARTESIAN_POINT('',(31.5,-36.2,21.5));
#10970 = DIRECTION('',(1.,0.,-0.));
#10971 = DIRECTION('',(0.,0.,1.));
#10972 = DEFINITIONAL_REPRESENTATION('',(#10973),#10977);
#10973 = LINE('',#10974,#10975);
#10974 = CARTESIAN_POINT('',(-2.,-10.75));
#10975 = VECTOR('',#10976,1.);
#10976 = DIRECTION('',(1.,0.));
#10977 = ( GEOMETRIC_REPRESENTATION_CONTEXT(2) 
PARAMETRIC_REPRESENTATION_CONTEXT() REPRESENTATION_CONTEXT('2D SPACE',''
  ) );
#10978 = FACE_BOUND('',#10979,.F.);
#10979 = EDGE_LOOP('',(#10980));
#10980 = ORIENTED_EDGE('',*,*,#10981,.F.);
#10981 = EDGE_CURVE('',#10982,#10982,#10984,.T.);
#10982 = VERTEX_POINT('',#10983);
#10983 = CARTESIAN_POINT('',(36.,-25.45,30.1));
#10984 = SURFACE_CURVE('',#10985,(#10990,#10997),.PCURVE_S1.);
#10985 = CIRCLE('',#10986,4.1);
#10986 = AXIS2_PLACEMENT_3D('',#10987,#10988,#10989);
#10987 = CARTESIAN_POINT('',(36.,-25.45,26.));
#10988 = DIRECTION('',(0.,1.,0.));
#10989 = DIRECTION('',(0.,-0.,1.));
#10990 = PCURVE('',#10833,#10991);
#10991 = DEFINITIONAL_REPRESENTATION('',(#10992),#10996);
#10992 = CIRCLE('',#10993,4.1);
#10993 = AXIS2_PLACEMENT_2D('',#10994,#10995);
#10994 = CARTESIAN_POINT('',(6.5,6.5));
#10995 = DIRECTION('',(1.,0.));
#10996 = ( GEOMETRIC_REPRESENTATION_CONTEXT(2) 
PARAMETRIC_REPRESENTATION_CONTEXT() REPRESENTATION_CONTEXT('2D SPACE',''
  ) );
#10997 = PCURVE('',#10998,#11003);
#10998 = CYLINDRICAL_SURFACE('',#10999,4.1);
#10999 = AXIS2_PLACEMENT_3D('',#11000,#11001,#11002);
#11000 = CARTESIAN_POINT('',(36.,-25.5,26.));
#11001 = DIRECTION('',(0.,1.,0.));
#11002 = DIRECTION('',(0.,-0.,1.));
#11003 = DEFINITIONAL_REPRESENTATION('',(#11004),#11008);
#11004 = LINE('',#11005,#11006);
#11005 = CARTESIAN_POINT('',(0.,5.E-02));
#11006 = VECTOR('',#11007,1.);
#11007 = DIRECTION('',(1.,0.));
#11008 = ( GEOMETRIC_REPRESENTATION_CONTEXT(2) 
PARAMETRIC_REPRESENTATION_CONTEXT() REPRESENTATION_CONTEXT('2D SPACE',''
  ) );
#11009 = FACE_BOUND('',#11010,.F.);
#11010 = EDGE_LOOP('',(#11011));
#11011 = ORIENTED_EDGE('',*,*,#11012,.F.);
#11012 = EDGE_CURVE('',#11013,#11013,#11015,.T.);
#11013 = VERTEX_POINT('',#11014);
#11014 = CARTESIAN_POINT('',(36.,-25.45,62.1));
#11015 = SURFACE_CURVE('',#11016,(#11021,#11028),.PCURVE_S1.);
#11016 = CIRCLE('',#11017,4.1);
#11017 = AXIS2_PLACEMENT_3D('',#11018,#11019,#11020);
#11018 = CARTESIAN_POINT('',(36.,-25.45,58.));
#11019 = DIRECTION('',(0.,1.,0.));
#11020 = DIRECTION('',(0.,-0.,1.));
#11021 = PCURVE('',#10833,#11022);
#11022 = DEFINITIONAL_REPRESENTATION('',(#11023),#11027);
#11023 = CIRCLE('',#11024,4.1);
#11024 = AXIS2_PLACEMENT_2D('',#11025,#11026);
#11025 = CARTESIAN_POINT('',(38.5,6.5));
#11026 = DIRECTION('',(1.,0.));
#11027 = ( GEOMETRIC_REPRESENTATION_CONTEXT(2) 
PARAMETRIC_REPRESENTATION_CONTEXT() REPRESENTATION_CONTEXT('2D SPACE',''
  ) );
#11028 = PCURVE('',#11029,#11034);
#11029 = CYLINDRICAL_SURFACE('',#11030,4.1);
#11030 = AXIS2_PLACEMENT_3D('',#11031,#11032,#11033);
#11031 = CARTESIAN_POINT('',(36.,-25.5,58.));
#11032 = DIRECTION('',(0.,1.,0.));
#11033 = DIRECTION('',(0.,-0.,1.));
#11034 = DEFINITIONAL_REPRESENTATION('',(#11035),#11039);
#11035 = LINE('',#11036,#11037);
#11036 = CARTESIAN_POINT('',(0.,5.E-02));
#11037 = VECTOR('',#11038,1.);
#11038 = DIRECTION('',(1.,0.));
#11039 = ( GEOMETRIC_REPRESENTATION_CONTEXT(2) 
PARAMETRIC_REPRESENTATION_CONTEXT() REPRESENTATION_CONTEXT('2D SPACE',''
  ) );
#11040 = FACE_BOUND('',#11041,.F.);
#11041 = EDGE_LOOP('',(#11042));
#11042 = ORIENTED_EDGE('',*,*,#11043,.F.);
#11043 = EDGE_CURVE('',#11044,#11044,#11046,.T.);
#11044 = VERTEX_POINT('',#11045);
#11045 = CARTESIAN_POINT('',(68.,-25.45,30.1));
#11046 = SURFACE_CURVE('',#11047,(#11052,#11059),.PCURVE_S1.);
#11047 = CIRCLE('',#11048,4.1);
#11048 = AXIS2_PLACEMENT_3D('',#11049,#11050,#11051);
#11049 = CARTESIAN_POINT('',(68.,-25.45,26.));
#11050 = DIRECTION('',(0.,1.,0.));
#11051 = DIRECTION('',(0.,-0.,1.));
#11052 = PCURVE('',#10833,#11053);
#11053 = DEFINITIONAL_REPRESENTATION('',(#11054),#11058);
#11054 = CIRCLE('',#11055,4.1);
#11055 = AXIS2_PLACEMENT_2D('',#11056,#11057);
#11056 = CARTESIAN_POINT('',(6.5,38.5));
#11057 = DIRECTION('',(1.,0.));
#11058 = ( GEOMETRIC_REPRESENTATION_CONTEXT(2) 
PARAMETRIC_REPRESENTATION_CONTEXT() REPRESENTATION_CONTEXT('2D SPACE',''
  ) );
#11059 = PCURVE('',#11060,#11065);
#11060 = CYLINDRICAL_SURFACE('',#11061,4.1);
#11061 = AXIS2_PLACEMENT_3D('',#11062,#11063,#11064);
#11062 = CARTESIAN_POINT('',(68.,-25.5,26.));
#11063 = DIRECTION('',(0.,1.,0.));
#11064 = DIRECTION('',(0.,-0.,1.));
#11065 = DEFINITIONAL_REPRESENTATION('',(#11066),#11070);
#11066 = LINE('',#11067,#11068);
#11067 = CARTESIAN_POINT('',(0.,5.E-02));
#11068 = VECTOR('',#11069,1.);
#11069 = DIRECTION('',(1.,0.));
#11070 = ( GEOMETRIC_REPRESENTATION_CONTEXT(2) 
PARAMETRIC_REPRESENTATION_CONTEXT() REPRESENTATION_CONTEXT('2D SPACE',''
  ) );
#11071 = FACE_BOUND('',#11072,.F.);
#11072 = EDGE_LOOP('',(#11073));
#11073 = ORIENTED_EDGE('',*,*,#11074,.F.);
#11074 = EDGE_CURVE('',#11075,#11075,#11077,.T.);
#11075 = VERTEX_POINT('',#11076);
#11076 = CARTESIAN_POINT('',(52.,-25.45,60.5));
#11077 = SURFACE_CURVE('',#11078,(#11083,#11090),.PCURVE_S1.);
#11078 = CIRCLE('',#11079,18.5);
#11079 = AXIS2_PLACEMENT_3D('',#11080,#11081,#11082);
#11080 = CARTESIAN_POINT('',(52.,-25.45,42.));
#11081 = DIRECTION('',(0.,1.,0.));
#11082 = DIRECTION('',(0.,-0.,1.));
#11083 = PCURVE('',#10833,#11084);
#11084 = DEFINITIONAL_REPRESENTATION('',(#11085),#11089);
#11085 = CIRCLE('',#11086,18.5);
#11086 = AXIS2_PLACEMENT_2D('',#11087,#11088);
#11087 = CARTESIAN_POINT('',(22.5,22.5));
#11088 = DIRECTION('',(1.,0.));
#11089 = ( GEOMETRIC_REPRESENTATION_CONTEXT(2) 
PARAMETRIC_REPRESENTATION_CONTEXT() REPRESENTATION_CONTEXT('2D SPACE',''
  ) );
#11090 = PCURVE('',#10590,#11091);
#11091 = DEFINITIONAL_REPRESENTATION('',(#11092),#11096);
#11092 = LINE('',#11093,#11094);
#11093 = CARTESIAN_POINT('',(0.,0.25));
#11094 = VECTOR('',#11095,1.);
#11095 = DIRECTION('',(1.,0.));
#11096 = ( GEOMETRIC_REPRESENTATION_CONTEXT(2) 
PARAMETRIC_REPRESENTATION_CONTEXT() REPRESENTATION_CONTEXT('2D SPACE',''
  ) );
#11097 = FACE_BOUND('',#11098,.F.);
#11098 = EDGE_LOOP('',(#11099));
#11099 = ORIENTED_EDGE('',*,*,#10816,.F.);
#11100 = ADVANCED_FACE('',(#11101),#11060,.T.);
#11101 = FACE_BOUND('',#11102,.T.);
#11102 = EDGE_LOOP('',(#11103,#11104,#11127,#11154));
#11103 = ORIENTED_EDGE('',*,*,#11043,.F.);
#11104 = ORIENTED_EDGE('',*,*,#11105,.F.);
#11105 = EDGE_CURVE('',#11106,#11044,#11108,.T.);
#11106 = VERTEX_POINT('',#11107);
#11107 = CARTESIAN_POINT('',(68.,-25.5,30.1));
#11108 = SEAM_CURVE('',#11109,(#11113,#11120),.PCURVE_S1.);
#11109 = LINE('',#11110,#11111);
#11110 = CARTESIAN_POINT('',(68.,-25.5,30.1));
#11111 = VECTOR('',#11112,1.);
#11112 = DIRECTION('',(0.,1.,0.));
#11113 = PCURVE('',#11060,#11114);
#11114 = DEFINITIONAL_REPRESENTATION('',(#11115),#11119);
#11115 = LINE('',#11116,#11117);
#11116 = CARTESIAN_POINT('',(6.28318530718,-0.));
#11117 = VECTOR('',#11118,1.);
#11118 = DIRECTION('',(0.,1.));
#11119 = ( GEOMETRIC_REPRESENTATION_CONTEXT(2) 
PARAMETRIC_REPRESENTATION_CONTEXT() REPRESENTATION_CONTEXT('2D SPACE',''
  ) );
#11120 = PCURVE('',#11060,#11121);
#11121 = DEFINITIONAL_REPRESENTATION('',(#11122),#11126);
#11122 = LINE('',#11123,#11124);
#11123 = CARTESIAN_POINT('',(0.,-0.));
#11124 = VECTOR('',#11125,1.);
#11125 = DIRECTION('',(0.,1.));
#11126 = ( GEOMETRIC_REPRESENTATION_CONTEXT(2) 
PARAMETRIC_REPRESENTATION_CONTEXT() REPRESENTATION_CONTEXT('2D SPACE',''
  ) );
#11127 = ORIENTED_EDGE('',*,*,#11128,.T.);
#11128 = EDGE_CURVE('',#11106,#11106,#11129,.T.);
#11129 = SURFACE_CURVE('',#11130,(#11135,#11142),.PCURVE_S1.);
#11130 = CIRCLE('',#11131,4.1);
#11131 = AXIS2_PLACEMENT_3D('',#11132,#11133,#11134);
#11132 = CARTESIAN_POINT('',(68.,-25.5,26.));
#11133 = DIRECTION('',(0.,1.,0.));
#11134 = DIRECTION('',(0.,-0.,1.));
#11135 = PCURVE('',#11060,#11136);
#11136 = DEFINITIONAL_REPRESENTATION('',(#11137),#11141);
#11137 = LINE('',#11138,#11139);
#11138 = CARTESIAN_POINT('',(0.,0.));
#11139 = VECTOR('',#11140,1.);
#11140 = DIRECTION('',(1.,0.));
#11141 = ( GEOMETRIC_REPRESENTATION_CONTEXT(2) 
PARAMETRIC_REPRESENTATION_CONTEXT() REPRESENTATION_CONTEXT('2D SPACE',''
  ) );
#11142 = PCURVE('',#11143,#11148);
#11143 = PLANE('',#11144);
#11144 = AXIS2_PLACEMENT_3D('',#11145,#11146,#11147);
#11145 = CARTESIAN_POINT('',(68.,-25.5,26.));
#11146 = DIRECTION('',(0.,1.,0.));
#11147 = DIRECTION('',(0.,-0.,1.));
#11148 = DEFINITIONAL_REPRESENTATION('',(#11149),#11153);
#11149 = CIRCLE('',#11150,4.1);
#11150 = AXIS2_PLACEMENT_2D('',#11151,#11152);
#11151 = CARTESIAN_POINT('',(0.,0.));
#11152 = DIRECTION('',(1.,0.));
#11153 = ( GEOMETRIC_REPRESENTATION_CONTEXT(2) 
PARAMETRIC_REPRESENTATION_CONTEXT() REPRESENTATION_CONTEXT('2D SPACE',''
  ) );
#11154 = ORIENTED_EDGE('',*,*,#11105,.T.);
#11155 = ADVANCED_FACE('',(#11156,#11159),#11143,.F.);
#11156 = FACE_BOUND('',#11157,.F.);
#11157 = EDGE_LOOP('',(#11158));
#11158 = ORIENTED_EDGE('',*,*,#11128,.T.);
#11159 = FACE_BOUND('',#11160,.F.);
#11160 = EDGE_LOOP('',(#11161));
#11161 = ORIENTED_EDGE('',*,*,#11162,.F.);
#11162 = EDGE_CURVE('',#11163,#11163,#11165,.T.);
#11163 = VERTEX_POINT('',#11164);
#11164 = CARTESIAN_POINT('',(68.,-25.5,28.1));
#11165 = SURFACE_CURVE('',#11166,(#11171,#11178),.PCURVE_S1.);
#11166 = CIRCLE('',#11167,2.1);
#11167 = AXIS2_PLACEMENT_3D('',#11168,#11169,#11170);
#11168 = CARTESIAN_POINT('',(68.,-25.5,26.));
#11169 = DIRECTION('',(0.,1.,0.));
#11170 = DIRECTION('',(0.,-0.,1.));
#11171 = PCURVE('',#11143,#11172);
#11172 = DEFINITIONAL_REPRESENTATION('',(#11173),#11177);
#11173 = CIRCLE('',#11174,2.1);
#11174 = AXIS2_PLACEMENT_2D('',#11175,#11176);
#11175 = CARTESIAN_POINT('',(0.,0.));
#11176 = DIRECTION('',(1.,0.));
#11177 = ( GEOMETRIC_REPRESENTATION_CONTEXT(2) 
PARAMETRIC_REPRESENTATION_CONTEXT() REPRESENTATION_CONTEXT('2D SPACE',''
  ) );
#11178 = PCURVE('',#11179,#11184);
#11179 = CYLINDRICAL_SURFACE('',#11180,2.1);
#11180 = AXIS2_PLACEMENT_3D('',#11181,#11182,#11183);
#11181 = CARTESIAN_POINT('',(68.,-25.8,26.));
#11182 = DIRECTION('',(0.,1.,0.));
#11183 = DIRECTION('',(0.,-0.,1.));
#11184 = DEFINITIONAL_REPRESENTATION('',(#11185),#11189);
#11185 = LINE('',#11186,#11187);
#11186 = CARTESIAN_POINT('',(0.,0.3));
#11187 = VECTOR('',#11188,1.);
#11188 = DIRECTION('',(1.,0.));
#11189 = ( GEOMETRIC_REPRESENTATION_CONTEXT(2) 
PARAMETRIC_REPRESENTATION_CONTEXT() REPRESENTATION_CONTEXT('2D SPACE',''
  ) );
#11190 = ADVANCED_FACE('',(#11191),#11179,.F.);
#11191 = FACE_BOUND('',#11192,.F.);
#11192 = EDGE_LOOP('',(#11193,#11222,#11243,#11244));
#11193 = ORIENTED_EDGE('',*,*,#11194,.F.);
#11194 = EDGE_CURVE('',#11195,#11195,#11197,.T.);
#11195 = VERTEX_POINT('',#11196);
#11196 = CARTESIAN_POINT('',(68.,-17.5,28.1));
#11197 = SURFACE_CURVE('',#11198,(#11203,#11210),.PCURVE_S1.);
#11198 = CIRCLE('',#11199,2.1);
#11199 = AXIS2_PLACEMENT_3D('',#11200,#11201,#11202);
#11200 = CARTESIAN_POINT('',(68.,-17.5,26.));
#11201 = DIRECTION('',(0.,1.,0.));
#11202 = DIRECTION('',(0.,-0.,1.));
#11203 = PCURVE('',#11179,#11204);
#11204 = DEFINITIONAL_REPRESENTATION('',(#11205),#11209);
#11205 = LINE('',#11206,#11207);
#11206 = CARTESIAN_POINT('',(0.,8.3));
#11207 = VECTOR('',#11208,1.);
#11208 = DIRECTION('',(1.,0.));
#11209 = ( GEOMETRIC_REPRESENTATION_CONTEXT(2) 
PARAMETRIC_REPRESENTATION_CONTEXT() REPRESENTATION_CONTEXT('2D SPACE',''
  ) );
#11210 = PCURVE('',#11211,#11216);
#11211 = PLANE('',#11212);
#11212 = AXIS2_PLACEMENT_3D('',#11213,#11214,#11215);
#11213 = CARTESIAN_POINT('',(68.,-17.5,26.));
#11214 = DIRECTION('',(0.,1.,0.));
#11215 = DIRECTION('',(0.,-0.,1.));
#11216 = DEFINITIONAL_REPRESENTATION('',(#11217),#11221);
#11217 = CIRCLE('',#11218,2.1);
#11218 = AXIS2_PLACEMENT_2D('',#11219,#11220);
#11219 = CARTESIAN_POINT('',(0.,0.));
#11220 = DIRECTION('',(1.,0.));
#11221 = ( GEOMETRIC_REPRESENTATION_CONTEXT(2) 
PARAMETRIC_REPRESENTATION_CONTEXT() REPRESENTATION_CONTEXT('2D SPACE',''
  ) );
#11222 = ORIENTED_EDGE('',*,*,#11223,.F.);
#11223 = EDGE_CURVE('',#11163,#11195,#11224,.T.);
#11224 = SEAM_CURVE('',#11225,(#11229,#11236),.PCURVE_S1.);
#11225 = LINE('',#11226,#11227);
#11226 = CARTESIAN_POINT('',(68.,-25.8,28.1));
#11227 = VECTOR('',#11228,1.);
#11228 = DIRECTION('',(0.,1.,0.));
#11229 = PCURVE('',#11179,#11230);
#11230 = DEFINITIONAL_REPRESENTATION('',(#11231),#11235);
#11231 = LINE('',#11232,#11233);
#11232 = CARTESIAN_POINT('',(6.28318530718,-0.));
#11233 = VECTOR('',#11234,1.);
#11234 = DIRECTION('',(0.,1.));
#11235 = ( GEOMETRIC_REPRESENTATION_CONTEXT(2) 
PARAMETRIC_REPRESENTATION_CONTEXT() REPRESENTATION_CONTEXT('2D SPACE',''
  ) );
#11236 = PCURVE('',#11179,#11237);
#11237 = DEFINITIONAL_REPRESENTATION('',(#11238),#11242);
#11238 = LINE('',#11239,#11240);
#11239 = CARTESIAN_POINT('',(0.,-0.));
#11240 = VECTOR('',#11241,1.);
#11241 = DIRECTION('',(0.,1.));
#11242 = ( GEOMETRIC_REPRESENTATION_CONTEXT(2) 
PARAMETRIC_REPRESENTATION_CONTEXT() REPRESENTATION_CONTEXT('2D SPACE',''
  ) );
#11243 = ORIENTED_EDGE('',*,*,#11162,.T.);
#11244 = ORIENTED_EDGE('',*,*,#11223,.T.);
#11245 = ADVANCED_FACE('',(#11246,#11272),#11211,.T.);
#11246 = FACE_BOUND('',#11247,.T.);
#11247 = EDGE_LOOP('',(#11248));
#11248 = ORIENTED_EDGE('',*,*,#11249,.T.);
#11249 = EDGE_CURVE('',#11250,#11250,#11252,.T.);
#11250 = VERTEX_POINT('',#11251);
#11251 = CARTESIAN_POINT('',(68.,-17.5,30.1));
#11252 = SURFACE_CURVE('',#11253,(#11258,#11265),.PCURVE_S1.);
#11253 = CIRCLE('',#11254,4.1);
#11254 = AXIS2_PLACEMENT_3D('',#11255,#11256,#11257);
#11255 = CARTESIAN_POINT('',(68.,-17.5,26.));
#11256 = DIRECTION('',(0.,1.,0.));
#11257 = DIRECTION('',(0.,-0.,1.));
#11258 = PCURVE('',#11211,#11259);
#11259 = DEFINITIONAL_REPRESENTATION('',(#11260),#11264);
#11260 = CIRCLE('',#11261,4.1);
#11261 = AXIS2_PLACEMENT_2D('',#11262,#11263);
#11262 = CARTESIAN_POINT('',(0.,0.));
#11263 = DIRECTION('',(1.,0.));
#11264 = ( GEOMETRIC_REPRESENTATION_CONTEXT(2) 
PARAMETRIC_REPRESENTATION_CONTEXT() REPRESENTATION_CONTEXT('2D SPACE',''
  ) );
#11265 = PCURVE('',#10559,#11266);
#11266 = DEFINITIONAL_REPRESENTATION('',(#11267),#11271);
#11267 = LINE('',#11268,#11269);
#11268 = CARTESIAN_POINT('',(0.,8.));
#11269 = VECTOR('',#11270,1.);
#11270 = DIRECTION('',(1.,0.));
#11271 = ( GEOMETRIC_REPRESENTATION_CONTEXT(2) 
PARAMETRIC_REPRESENTATION_CONTEXT() REPRESENTATION_CONTEXT('2D SPACE',''
  ) );
#11272 = FACE_BOUND('',#11273,.T.);
#11273 = EDGE_LOOP('',(#11274));
#11274 = ORIENTED_EDGE('',*,*,#11194,.F.);
#11275 = ADVANCED_FACE('',(#11276),#11029,.T.);
#11276 = FACE_BOUND('',#11277,.T.);
#11277 = EDGE_LOOP('',(#11278,#11279,#11302,#11329));
#11278 = ORIENTED_EDGE('',*,*,#11012,.F.);
#11279 = ORIENTED_EDGE('',*,*,#11280,.F.);
#11280 = EDGE_CURVE('',#11281,#11013,#11283,.T.);
#11281 = VERTEX_POINT('',#11282);
#11282 = CARTESIAN_POINT('',(36.,-25.5,62.1));
#11283 = SEAM_CURVE('',#11284,(#11288,#11295),.PCURVE_S1.);
#11284 = LINE('',#11285,#11286);
#11285 = CARTESIAN_POINT('',(36.,-25.5,62.1));
#11286 = VECTOR('',#11287,1.);
#11287 = DIRECTION('',(0.,1.,0.));
#11288 = PCURVE('',#11029,#11289);
#11289 = DEFINITIONAL_REPRESENTATION('',(#11290),#11294);
#11290 = LINE('',#11291,#11292);
#11291 = CARTESIAN_POINT('',(6.28318530718,-0.));
#11292 = VECTOR('',#11293,1.);
#11293 = DIRECTION('',(0.,1.));
#11294 = ( GEOMETRIC_REPRESENTATION_CONTEXT(2) 
PARAMETRIC_REPRESENTATION_CONTEXT() REPRESENTATION_CONTEXT('2D SPACE',''
  ) );
#11295 = PCURVE('',#11029,#11296);
#11296 = DEFINITIONAL_REPRESENTATION('',(#11297),#11301);
#11297 = LINE('',#11298,#11299);
#11298 = CARTESIAN_POINT('',(0.,-0.));
#11299 = VECTOR('',#11300,1.);
#11300 = DIRECTION('',(0.,1.));
#11301 = ( GEOMETRIC_REPRESENTATION_CONTEXT(2) 
PARAMETRIC_REPRESENTATION_CONTEXT() REPRESENTATION_CONTEXT('2D SPACE',''
  ) );
#11302 = ORIENTED_EDGE('',*,*,#11303,.T.);
#11303 = EDGE_CURVE('',#11281,#11281,#11304,.T.);
#11304 = SURFACE_CURVE('',#11305,(#11310,#11317),.PCURVE_S1.);
#11305 = CIRCLE('',#11306,4.1);
#11306 = AXIS2_PLACEMENT_3D('',#11307,#11308,#11309);
#11307 = CARTESIAN_POINT('',(36.,-25.5,58.));
#11308 = DIRECTION('',(0.,1.,0.));
#11309 = DIRECTION('',(0.,-0.,1.));
#11310 = PCURVE('',#11029,#11311);
#11311 = DEFINITIONAL_REPRESENTATION('',(#11312),#11316);
#11312 = LINE('',#11313,#11314);
#11313 = CARTESIAN_POINT('',(0.,0.));
#11314 = VECTOR('',#11315,1.);
#11315 = DIRECTION('',(1.,0.));
#11316 = ( GEOMETRIC_REPRESENTATION_CONTEXT(2) 
PARAMETRIC_REPRESENTATION_CONTEXT() REPRESENTATION_CONTEXT('2D SPACE',''
  ) );
#11317 = PCURVE('',#11318,#11323);
#11318 = PLANE('',#11319);
#11319 = AXIS2_PLACEMENT_3D('',#11320,#11321,#11322);
#11320 = CARTESIAN_POINT('',(36.,-25.5,58.));
#11321 = DIRECTION('',(0.,1.,0.));
#11322 = DIRECTION('',(0.,-0.,1.));
#11323 = DEFINITIONAL_REPRESENTATION('',(#11324),#11328);
#11324 = CIRCLE('',#11325,4.1);
#11325 = AXIS2_PLACEMENT_2D('',#11326,#11327);
#11326 = CARTESIAN_POINT('',(0.,0.));
#11327 = DIRECTION('',(1.,0.));
#11328 = ( GEOMETRIC_REPRESENTATION_CONTEXT(2) 
PARAMETRIC_REPRESENTATION_CONTEXT() REPRESENTATION_CONTEXT('2D SPACE',''
  ) );
#11329 = ORIENTED_EDGE('',*,*,#11280,.T.);
#11330 = ADVANCED_FACE('',(#11331,#11334),#11318,.F.);
#11331 = FACE_BOUND('',#11332,.F.);
#11332 = EDGE_LOOP('',(#11333));
#11333 = ORIENTED_EDGE('',*,*,#11303,.T.);
#11334 = FACE_BOUND('',#11335,.F.);
#11335 = EDGE_LOOP('',(#11336));
#11336 = ORIENTED_EDGE('',*,*,#11337,.F.);
#11337 = EDGE_CURVE('',#11338,#11338,#11340,.T.);
#11338 = VERTEX_POINT('',#11339);
#11339 = CARTESIAN_POINT('',(36.,-25.5,60.1));
#11340 = SURFACE_CURVE('',#11341,(#11346,#11353),.PCURVE_S1.);
#11341 = CIRCLE('',#11342,2.1);
#11342 = AXIS2_PLACEMENT_3D('',#11343,#11344,#11345);
#11343 = CARTESIAN_POINT('',(36.,-25.5,58.));
#11344 = DIRECTION('',(0.,1.,0.));
#11345 = DIRECTION('',(0.,-0.,1.));
#11346 = PCURVE('',#11318,#11347);
#11347 = DEFINITIONAL_REPRESENTATION('',(#11348),#11352);
#11348 = CIRCLE('',#11349,2.1);
#11349 = AXIS2_PLACEMENT_2D('',#11350,#11351);
#11350 = CARTESIAN_POINT('',(0.,0.));
#11351 = DIRECTION('',(1.,0.));
#11352 = ( GEOMETRIC_REPRESENTATION_CONTEXT(2) 
PARAMETRIC_REPRESENTATION_CONTEXT() REPRESENTATION_CONTEXT('2D SPACE',''
  ) );
#11353 = PCURVE('',#11354,#11359);
#11354 = CYLINDRICAL_SURFACE('',#11355,2.1);
#11355 = AXIS2_PLACEMENT_3D('',#11356,#11357,#11358);
#11356 = CARTESIAN_POINT('',(36.,-25.8,58.));
#11357 = DIRECTION('',(0.,1.,0.));
#11358 = DIRECTION('',(0.,-0.,1.));
#11359 = DEFINITIONAL_REPRESENTATION('',(#11360),#11364);
#11360 = LINE('',#11361,#11362);
#11361 = CARTESIAN_POINT('',(0.,0.3));
#11362 = VECTOR('',#11363,1.);
#11363 = DIRECTION('',(1.,0.));
#11364 = ( GEOMETRIC_REPRESENTATION_CONTEXT(2) 
PARAMETRIC_REPRESENTATION_CONTEXT() REPRESENTATION_CONTEXT('2D SPACE',''
  ) );
#11365 = ADVANCED_FACE('',(#11366),#11354,.F.);
#11366 = FACE_BOUND('',#11367,.F.);
#11367 = EDGE_LOOP('',(#11368,#11397,#11418,#11419));
#11368 = ORIENTED_EDGE('',*,*,#11369,.F.);
#11369 = EDGE_CURVE('',#11370,#11370,#11372,.T.);
#11370 = VERTEX_POINT('',#11371);
#11371 = CARTESIAN_POINT('',(36.,-17.5,60.1));
#11372 = SURFACE_CURVE('',#11373,(#11378,#11385),.PCURVE_S1.);
#11373 = CIRCLE('',#11374,2.1);
#11374 = AXIS2_PLACEMENT_3D('',#11375,#11376,#11377);
#11375 = CARTESIAN_POINT('',(36.,-17.5,58.));
#11376 = DIRECTION('',(0.,1.,0.));
#11377 = DIRECTION('',(0.,-0.,1.));
#11378 = PCURVE('',#11354,#11379);
#11379 = DEFINITIONAL_REPRESENTATION('',(#11380),#11384);
#11380 = LINE('',#11381,#11382);
#11381 = CARTESIAN_POINT('',(0.,8.3));
#11382 = VECTOR('',#11383,1.);
#11383 = DIRECTION('',(1.,0.));
#11384 = ( GEOMETRIC_REPRESENTATION_CONTEXT(2) 
PARAMETRIC_REPRESENTATION_CONTEXT() REPRESENTATION_CONTEXT('2D SPACE',''
  ) );
#11385 = PCURVE('',#11386,#11391);
#11386 = PLANE('',#11387);
#11387 = AXIS2_PLACEMENT_3D('',#11388,#11389,#11390);
#11388 = CARTESIAN_POINT('',(36.,-17.5,58.));
#11389 = DIRECTION('',(0.,1.,0.));
#11390 = DIRECTION('',(0.,-0.,1.));
#11391 = DEFINITIONAL_REPRESENTATION('',(#11392),#11396);
#11392 = CIRCLE('',#11393,2.1);
#11393 = AXIS2_PLACEMENT_2D('',#11394,#11395);
#11394 = CARTESIAN_POINT('',(0.,0.));
#11395 = DIRECTION('',(1.,0.));
#11396 = ( GEOMETRIC_REPRESENTATION_CONTEXT(2) 
PARAMETRIC_REPRESENTATION_CONTEXT() REPRESENTATION_CONTEXT('2D SPACE',''
  ) );
#11397 = ORIENTED_EDGE('',*,*,#11398,.F.);
#11398 = EDGE_CURVE('',#11338,#11370,#11399,.T.);
#11399 = SEAM_CURVE('',#11400,(#11404,#11411),.PCURVE_S1.);
#11400 = LINE('',#11401,#11402);
#11401 = CARTESIAN_POINT('',(36.,-25.8,60.1));
#11402 = VECTOR('',#11403,1.);
#11403 = DIRECTION('',(0.,1.,0.));
#11404 = PCURVE('',#11354,#11405);
#11405 = DEFINITIONAL_REPRESENTATION('',(#11406),#11410);
#11406 = LINE('',#11407,#11408);
#11407 = CARTESIAN_POINT('',(6.28318530718,-0.));
#11408 = VECTOR('',#11409,1.);
#11409 = DIRECTION('',(0.,1.));
#11410 = ( GEOMETRIC_REPRESENTATION_CONTEXT(2) 
PARAMETRIC_REPRESENTATION_CONTEXT() REPRESENTATION_CONTEXT('2D SPACE',''
  ) );
#11411 = PCURVE('',#11354,#11412);
#11412 = DEFINITIONAL_REPRESENTATION('',(#11413),#11417);
#11413 = LINE('',#11414,#11415);
#11414 = CARTESIAN_POINT('',(0.,-0.));
#11415 = VECTOR('',#11416,1.);
#11416 = DIRECTION('',(0.,1.));
#11417 = ( GEOMETRIC_REPRESENTATION_CONTEXT(2) 
PARAMETRIC_REPRESENTATION_CONTEXT() REPRESENTATION_CONTEXT('2D SPACE',''
  ) );
#11418 = ORIENTED_EDGE('',*,*,#11337,.T.);
#11419 = ORIENTED_EDGE('',*,*,#11398,.T.);
#11420 = ADVANCED_FACE('',(#11421,#11447),#11386,.T.);
#11421 = FACE_BOUND('',#11422,.T.);
#11422 = EDGE_LOOP('',(#11423));
#11423 = ORIENTED_EDGE('',*,*,#11424,.T.);
#11424 = EDGE_CURVE('',#11425,#11425,#11427,.T.);
#11425 = VERTEX_POINT('',#11426);
#11426 = CARTESIAN_POINT('',(36.,-17.5,62.1));
#11427 = SURFACE_CURVE('',#11428,(#11433,#11440),.PCURVE_S1.);
#11428 = CIRCLE('',#11429,4.1);
#11429 = AXIS2_PLACEMENT_3D('',#11430,#11431,#11432);
#11430 = CARTESIAN_POINT('',(36.,-17.5,58.));
#11431 = DIRECTION('',(0.,1.,0.));
#11432 = DIRECTION('',(0.,-0.,1.));
#11433 = PCURVE('',#11386,#11434);
#11434 = DEFINITIONAL_REPRESENTATION('',(#11435),#11439);
#11435 = CIRCLE('',#11436,4.1);
#11436 = AXIS2_PLACEMENT_2D('',#11437,#11438);
#11437 = CARTESIAN_POINT('',(0.,0.));
#11438 = DIRECTION('',(1.,0.));
#11439 = ( GEOMETRIC_REPRESENTATION_CONTEXT(2) 
PARAMETRIC_REPRESENTATION_CONTEXT() REPRESENTATION_CONTEXT('2D SPACE',''
  ) );
#11440 = PCURVE('',#10528,#11441);
#11441 = DEFINITIONAL_REPRESENTATION('',(#11442),#11446);
#11442 = LINE('',#11443,#11444);
#11443 = CARTESIAN_POINT('',(0.,8.));
#11444 = VECTOR('',#11445,1.);
#11445 = DIRECTION('',(1.,0.));
#11446 = ( GEOMETRIC_REPRESENTATION_CONTEXT(2) 
PARAMETRIC_REPRESENTATION_CONTEXT() REPRESENTATION_CONTEXT('2D SPACE',''
  ) );
#11447 = FACE_BOUND('',#11448,.T.);
#11448 = EDGE_LOOP('',(#11449));
#11449 = ORIENTED_EDGE('',*,*,#11369,.F.);
#11450 = ADVANCED_FACE('',(#11451),#10998,.T.);
#11451 = FACE_BOUND('',#11452,.T.);
#11452 = EDGE_LOOP('',(#11453,#11454,#11477,#11504));
#11453 = ORIENTED_EDGE('',*,*,#10981,.F.);
#11454 = ORIENTED_EDGE('',*,*,#11455,.F.);
#11455 = EDGE_CURVE('',#11456,#10982,#11458,.T.);
#11456 = VERTEX_POINT('',#11457);
#11457 = CARTESIAN_POINT('',(36.,-25.5,30.1));
#11458 = SEAM_CURVE('',#11459,(#11463,#11470),.PCURVE_S1.);
#11459 = LINE('',#11460,#11461);
#11460 = CARTESIAN_POINT('',(36.,-25.5,30.1));
#11461 = VECTOR('',#11462,1.);
#11462 = DIRECTION('',(0.,1.,0.));
#11463 = PCURVE('',#10998,#11464);
#11464 = DEFINITIONAL_REPRESENTATION('',(#11465),#11469);
#11465 = LINE('',#11466,#11467);
#11466 = CARTESIAN_POINT('',(6.28318530718,-0.));
#11467 = VECTOR('',#11468,1.);
#11468 = DIRECTION('',(0.,1.));
#11469 = ( GEOMETRIC_REPRESENTATION_CONTEXT(2) 
PARAMETRIC_REPRESENTATION_CONTEXT() REPRESENTATION_CONTEXT('2D SPACE',''
  ) );
#11470 = PCURVE('',#10998,#11471);
#11471 = DEFINITIONAL_REPRESENTATION('',(#11472),#11476);
#11472 = LINE('',#11473,#11474);
#11473 = CARTESIAN_POINT('',(0.,-0.));
#11474 = VECTOR('',#11475,1.);
#11475 = DIRECTION('',(0.,1.));
#11476 = ( GEOMETRIC_REPRESENTATION_CONTEXT(2) 
PARAMETRIC_REPRESENTATION_CONTEXT() REPRESENTATION_CONTEXT('2D SPACE',''
  ) );
#11477 = ORIENTED_EDGE('',*,*,#11478,.T.);
#11478 = EDGE_CURVE('',#11456,#11456,#11479,.T.);
#11479 = SURFACE_CURVE('',#11480,(#11485,#11492),.PCURVE_S1.);
#11480 = CIRCLE('',#11481,4.1);
#11481 = AXIS2_PLACEMENT_3D('',#11482,#11483,#11484);
#11482 = CARTESIAN_POINT('',(36.,-25.5,26.));
#11483 = DIRECTION('',(0.,1.,0.));
#11484 = DIRECTION('',(0.,-0.,1.));
#11485 = PCURVE('',#10998,#11486);
#11486 = DEFINITIONAL_REPRESENTATION('',(#11487),#11491);
#11487 = LINE('',#11488,#11489);
#11488 = CARTESIAN_POINT('',(0.,0.));
#11489 = VECTOR('',#11490,1.);
#11490 = DIRECTION('',(1.,0.));
#11491 = ( GEOMETRIC_REPRESENTATION_CONTEXT(2) 
PARAMETRIC_REPRESENTATION_CONTEXT() REPRESENTATION_CONTEXT('2D SPACE',''
  ) );
#11492 = PCURVE('',#11493,#11498);
#11493 = PLANE('',#11494);
#11494 = AXIS2_PLACEMENT_3D('',#11495,#11496,#11497);
#11495 = CARTESIAN_POINT('',(36.,-25.5,26.));
#11496 = DIRECTION('',(0.,1.,0.));
#11497 = DIRECTION('',(0.,-0.,1.));
#11498 = DEFINITIONAL_REPRESENTATION('',(#11499),#11503);
#11499 = CIRCLE('',#11500,4.1);
#11500 = AXIS2_PLACEMENT_2D('',#11501,#11502);
#11501 = CARTESIAN_POINT('',(0.,0.));
#11502 = DIRECTION('',(1.,0.));
#11503 = ( GEOMETRIC_REPRESENTATION_CONTEXT(2) 
PARAMETRIC_REPRESENTATION_CONTEXT() REPRESENTATION_CONTEXT('2D SPACE',''
  ) );
#11504 = ORIENTED_EDGE('',*,*,#11455,.T.);
#11505 = ADVANCED_FACE('',(#11506,#11509),#11493,.F.);
#11506 = FACE_BOUND('',#11507,.F.);
#11507 = EDGE_LOOP('',(#11508));
#11508 = ORIENTED_EDGE('',*,*,#11478,.T.);
#11509 = FACE_BOUND('',#11510,.F.);
#11510 = EDGE_LOOP('',(#11511));
#11511 = ORIENTED_EDGE('',*,*,#11512,.F.);
#11512 = EDGE_CURVE('',#11513,#11513,#11515,.T.);
#11513 = VERTEX_POINT('',#11514);
#11514 = CARTESIAN_POINT('',(36.,-25.5,28.1));
#11515 = SURFACE_CURVE('',#11516,(#11521,#11528),.PCURVE_S1.);
#11516 = CIRCLE('',#11517,2.1);
#11517 = AXIS2_PLACEMENT_3D('',#11518,#11519,#11520);
#11518 = CARTESIAN_POINT('',(36.,-25.5,26.));
#11519 = DIRECTION('',(0.,1.,0.));
#11520 = DIRECTION('',(0.,-0.,1.));
#11521 = PCURVE('',#11493,#11522);
#11522 = DEFINITIONAL_REPRESENTATION('',(#11523),#11527);
#11523 = CIRCLE('',#11524,2.1);
#11524 = AXIS2_PLACEMENT_2D('',#11525,#11526);
#11525 = CARTESIAN_POINT('',(0.,0.));
#11526 = DIRECTION('',(1.,0.));
#11527 = ( GEOMETRIC_REPRESENTATION_CONTEXT(2) 
PARAMETRIC_REPRESENTATION_CONTEXT() REPRESENTATION_CONTEXT('2D SPACE',''
  ) );
#11528 = PCURVE('',#11529,#11534);
#11529 = CYLINDRICAL_SURFACE('',#11530,2.1);
#11530 = AXIS2_PLACEMENT_3D('',#11531,#11532,#11533);
#11531 = CARTESIAN_POINT('',(36.,-25.8,26.));
#11532 = DIRECTION('',(0.,1.,0.));
#11533 = DIRECTION('',(0.,-0.,1.));
#11534 = DEFINITIONAL_REPRESENTATION('',(#11535),#11539);
#11535 = LINE('',#11536,#11537);
#11536 = CARTESIAN_POINT('',(0.,0.3));
#11537 = VECTOR('',#11538,1.);
#11538 = DIRECTION('',(1.,0.));
#11539 = ( GEOMETRIC_REPRESENTATION_CONTEXT(2) 
PARAMETRIC_REPRESENTATION_CONTEXT() REPRESENTATION_CONTEXT('2D SPACE',''
  ) );
#11540 = ADVANCED_FACE('',(#11541),#11529,.F.);
#11541 = FACE_BOUND('',#11542,.F.);
#11542 = EDGE_LOOP('',(#11543,#11572,#11593,#11594));
#11543 = ORIENTED_EDGE('',*,*,#11544,.F.);
#11544 = EDGE_CURVE('',#11545,#11545,#11547,.T.);
#11545 = VERTEX_POINT('',#11546);
#11546 = CARTESIAN_POINT('',(36.,-17.5,28.1));
#11547 = SURFACE_CURVE('',#11548,(#11553,#11560),.PCURVE_S1.);
#11548 = CIRCLE('',#11549,2.1);
#11549 = AXIS2_PLACEMENT_3D('',#11550,#11551,#11552);
#11550 = CARTESIAN_POINT('',(36.,-17.5,26.));
#11551 = DIRECTION('',(0.,1.,0.));
#11552 = DIRECTION('',(0.,-0.,1.));
#11553 = PCURVE('',#11529,#11554);
#11554 = DEFINITIONAL_REPRESENTATION('',(#11555),#11559);
#11555 = LINE('',#11556,#11557);
#11556 = CARTESIAN_POINT('',(0.,8.3));
#11557 = VECTOR('',#11558,1.);
#11558 = DIRECTION('',(1.,0.));
#11559 = ( GEOMETRIC_REPRESENTATION_CONTEXT(2) 
PARAMETRIC_REPRESENTATION_CONTEXT() REPRESENTATION_CONTEXT('2D SPACE',''
  ) );
#11560 = PCURVE('',#11561,#11566);
#11561 = PLANE('',#11562);
#11562 = AXIS2_PLACEMENT_3D('',#11563,#11564,#11565);
#11563 = CARTESIAN_POINT('',(36.,-17.5,26.));
#11564 = DIRECTION('',(0.,1.,0.));
#11565 = DIRECTION('',(0.,-0.,1.));
#11566 = DEFINITIONAL_REPRESENTATION('',(#11567),#11571);
#11567 = CIRCLE('',#11568,2.1);
#11568 = AXIS2_PLACEMENT_2D('',#11569,#11570);
#11569 = CARTESIAN_POINT('',(0.,0.));
#11570 = DIRECTION('',(1.,0.));
#11571 = ( GEOMETRIC_REPRESENTATION_CONTEXT(2) 
PARAMETRIC_REPRESENTATION_CONTEXT() REPRESENTATION_CONTEXT('2D SPACE',''
  ) );
#11572 = ORIENTED_EDGE('',*,*,#11573,.F.);
#11573 = EDGE_CURVE('',#11513,#11545,#11574,.T.);
#11574 = SEAM_CURVE('',#11575,(#11579,#11586),.PCURVE_S1.);
#11575 = LINE('',#11576,#11577);
#11576 = CARTESIAN_POINT('',(36.,-25.8,28.1));
#11577 = VECTOR('',#11578,1.);
#11578 = DIRECTION('',(0.,1.,0.));
#11579 = PCURVE('',#11529,#11580);
#11580 = DEFINITIONAL_REPRESENTATION('',(#11581),#11585);
#11581 = LINE('',#11582,#11583);
#11582 = CARTESIAN_POINT('',(6.28318530718,-0.));
#11583 = VECTOR('',#11584,1.);
#11584 = DIRECTION('',(0.,1.));
#11585 = ( GEOMETRIC_REPRESENTATION_CONTEXT(2) 
PARAMETRIC_REPRESENTATION_CONTEXT() REPRESENTATION_CONTEXT('2D SPACE',''
  ) );
#11586 = PCURVE('',#11529,#11587);
#11587 = DEFINITIONAL_REPRESENTATION('',(#11588),#11592);
#11588 = LINE('',#11589,#11590);
#11589 = CARTESIAN_POINT('',(0.,-0.));
#11590 = VECTOR('',#11591,1.);
#11591 = DIRECTION('',(0.,1.));
#11592 = ( GEOMETRIC_REPRESENTATION_CONTEXT(2) 
PARAMETRIC_REPRESENTATION_CONTEXT() REPRESENTATION_CONTEXT('2D SPACE',''
  ) );
#11593 = ORIENTED_EDGE('',*,*,#11512,.T.);
#11594 = ORIENTED_EDGE('',*,*,#11573,.T.);
#11595 = ADVANCED_FACE('',(#11596,#11622),#11561,.T.);
#11596 = FACE_BOUND('',#11597,.T.);
#11597 = EDGE_LOOP('',(#11598));
#11598 = ORIENTED_EDGE('',*,*,#11599,.T.);
#11599 = EDGE_CURVE('',#11600,#11600,#11602,.T.);
#11600 = VERTEX_POINT('',#11601);
#11601 = CARTESIAN_POINT('',(36.,-17.5,30.1));
#11602 = SURFACE_CURVE('',#11603,(#11608,#11615),.PCURVE_S1.);
#11603 = CIRCLE('',#11604,4.1);
#11604 = AXIS2_PLACEMENT_3D('',#11605,#11606,#11607);
#11605 = CARTESIAN_POINT('',(36.,-17.5,26.));
#11606 = DIRECTION('',(0.,1.,0.));
#11607 = DIRECTION('',(0.,-0.,1.));
#11608 = PCURVE('',#11561,#11609);
#11609 = DEFINITIONAL_REPRESENTATION('',(#11610),#11614);
#11610 = CIRCLE('',#11611,4.1);
#11611 = AXIS2_PLACEMENT_2D('',#11612,#11613);
#11612 = CARTESIAN_POINT('',(0.,0.));
#11613 = DIRECTION('',(1.,0.));
#11614 = ( GEOMETRIC_REPRESENTATION_CONTEXT(2) 
PARAMETRIC_REPRESENTATION_CONTEXT() REPRESENTATION_CONTEXT('2D SPACE',''
  ) );
#11615 = PCURVE('',#10497,#11616);
#11616 = DEFINITIONAL_REPRESENTATION('',(#11617),#11621);
#11617 = LINE('',#11618,#11619);
#11618 = CARTESIAN_POINT('',(0.,8.));
#11619 = VECTOR('',#11620,1.);
#11620 = DIRECTION('',(1.,0.));
#11621 = ( GEOMETRIC_REPRESENTATION_CONTEXT(2) 
PARAMETRIC_REPRESENTATION_CONTEXT() REPRESENTATION_CONTEXT('2D SPACE',''
  ) );
#11622 = FACE_BOUND('',#11623,.T.);
#11623 = EDGE_LOOP('',(#11624));
#11624 = ORIENTED_EDGE('',*,*,#11544,.F.);
#11625 = ADVANCED_FACE('',(#11626),#10942,.T.);
#11626 = FACE_BOUND('',#11627,.T.);
#11627 = EDGE_LOOP('',(#11628,#11652,#11673,#11674));
#11628 = ORIENTED_EDGE('',*,*,#11629,.T.);
#11629 = EDGE_CURVE('',#11630,#11632,#11634,.T.);
#11630 = VERTEX_POINT('',#11631);
#11631 = CARTESIAN_POINT('',(31.5,-36.,21.5));
#11632 = VERTEX_POINT('',#11633);
#11633 = CARTESIAN_POINT('',(72.5,-36.,21.5));
#11634 = SURFACE_CURVE('',#11635,(#11639,#11646),.PCURVE_S1.);
#11635 = LINE('',#11636,#11637);
#11636 = CARTESIAN_POINT('',(15.75,-36.,21.5));
#11637 = VECTOR('',#11638,1.);
#11638 = DIRECTION('',(1.,0.,-0.));
#11639 = PCURVE('',#10942,#11640);
#11640 = DEFINITIONAL_REPRESENTATION('',(#11641),#11645);
#11641 = LINE('',#11642,#11643);
#11642 = CARTESIAN_POINT('',(-15.75,0.2));
#11643 = VECTOR('',#11644,1.);
#11644 = DIRECTION('',(1.,0.));
#11645 = ( GEOMETRIC_REPRESENTATION_CONTEXT(2) 
PARAMETRIC_REPRESENTATION_CONTEXT() REPRESENTATION_CONTEXT('2D SPACE',''
  ) );
#11646 = PCURVE('',#227,#11647);
#11647 = DEFINITIONAL_REPRESENTATION('',(#11648),#11651);
#11648 = B_SPLINE_CURVE_WITH_KNOTS('',1,(#11649,#11650),.UNSPECIFIED.,
  .F.,.F.,(2,2),(15.75,56.75),.PIECEWISE_BEZIER_KNOTS.);
#11649 = CARTESIAN_POINT('',(21.5,31.5));
#11650 = CARTESIAN_POINT('',(21.5,72.5));
#11651 = ( GEOMETRIC_REPRESENTATION_CONTEXT(2) 
PARAMETRIC_REPRESENTATION_CONTEXT() REPRESENTATION_CONTEXT('2D SPACE',''
  ) );
#11652 = ORIENTED_EDGE('',*,*,#11653,.F.);
#11653 = EDGE_CURVE('',#10901,#11632,#11654,.T.);
#11654 = SURFACE_CURVE('',#11655,(#11659,#11666),.PCURVE_S1.);
#11655 = LINE('',#11656,#11657);
#11656 = CARTESIAN_POINT('',(72.5,-25.45,21.5));
#11657 = VECTOR('',#11658,1.);
#11658 = DIRECTION('',(0.,-1.,0.));
#11659 = PCURVE('',#10942,#11660);
#11660 = DEFINITIONAL_REPRESENTATION('',(#11661),#11665);
#11661 = LINE('',#11662,#11663);
#11662 = CARTESIAN_POINT('',(41.,10.75));
#11663 = VECTOR('',#11664,1.);
#11664 = DIRECTION('',(0.,-1.));
#11665 = ( GEOMETRIC_REPRESENTATION_CONTEXT(2) 
PARAMETRIC_REPRESENTATION_CONTEXT() REPRESENTATION_CONTEXT('2D SPACE',''
  ) );
#11666 = PCURVE('',#10915,#11667);
#11667 = DEFINITIONAL_REPRESENTATION('',(#11668),#11672);
#11668 = LINE('',#11669,#11670);
#11669 = CARTESIAN_POINT('',(0.,-10.75));
#11670 = VECTOR('',#11671,1.);
#11671 = DIRECTION('',(0.,1.));
#11672 = ( GEOMETRIC_REPRESENTATION_CONTEXT(2) 
PARAMETRIC_REPRESENTATION_CONTEXT() REPRESENTATION_CONTEXT('2D SPACE',''
  ) );
#11673 = ORIENTED_EDGE('',*,*,#10927,.T.);
#11674 = ORIENTED_EDGE('',*,*,#11675,.T.);
#11675 = EDGE_CURVE('',#10928,#11630,#11676,.T.);
#11676 = SURFACE_CURVE('',#11677,(#11681,#11688),.PCURVE_S1.);
#11677 = LINE('',#11678,#11679);
#11678 = CARTESIAN_POINT('',(31.5,-25.45,21.5));
#11679 = VECTOR('',#11680,1.);
#11680 = DIRECTION('',(0.,-1.,0.));
#11681 = PCURVE('',#10942,#11682);
#11682 = DEFINITIONAL_REPRESENTATION('',(#11683),#11687);
#11683 = LINE('',#11684,#11685);
#11684 = CARTESIAN_POINT('',(0.,10.75));
#11685 = VECTOR('',#11686,1.);
#11686 = DIRECTION('',(0.,-1.));
#11687 = ( GEOMETRIC_REPRESENTATION_CONTEXT(2) 
PARAMETRIC_REPRESENTATION_CONTEXT() REPRESENTATION_CONTEXT('2D SPACE',''
  ) );
#11688 = PCURVE('',#10967,#11689);
#11689 = DEFINITIONAL_REPRESENTATION('',(#11690),#11694);
#11690 = LINE('',#11691,#11692);
#11691 = CARTESIAN_POINT('',(0.,-10.75));
#11692 = VECTOR('',#11693,1.);
#11693 = DIRECTION('',(0.,1.));
#11694 = ( GEOMETRIC_REPRESENTATION_CONTEXT(2) 
PARAMETRIC_REPRESENTATION_CONTEXT() REPRESENTATION_CONTEXT('2D SPACE',''
  ) );
#11695 = ADVANCED_FACE('',(#11696),#10967,.T.);
#11696 = FACE_BOUND('',#11697,.T.);
#11697 = EDGE_LOOP('',(#11698,#11721,#11741,#11742));
#11698 = ORIENTED_EDGE('',*,*,#11699,.F.);
#11699 = EDGE_CURVE('',#11700,#10874,#11702,.T.);
#11700 = VERTEX_POINT('',#11701);
#11701 = CARTESIAN_POINT('',(31.5,-36.,62.5));
#11702 = SURFACE_CURVE('',#11703,(#11707,#11714),.PCURVE_S1.);
#11703 = LINE('',#11704,#11705);
#11704 = CARTESIAN_POINT('',(31.5,-36.,62.5));
#11705 = VECTOR('',#11706,1.);
#11706 = DIRECTION('',(0.,1.,0.));
#11707 = PCURVE('',#10967,#11708);
#11708 = DEFINITIONAL_REPRESENTATION('',(#11709),#11713);
#11709 = LINE('',#11710,#11711);
#11710 = CARTESIAN_POINT('',(41.,-0.2));
#11711 = VECTOR('',#11712,1.);
#11712 = DIRECTION('',(0.,-1.));
#11713 = ( GEOMETRIC_REPRESENTATION_CONTEXT(2) 
PARAMETRIC_REPRESENTATION_CONTEXT() REPRESENTATION_CONTEXT('2D SPACE',''
  ) );
#11714 = PCURVE('',#10888,#11715);
#11715 = DEFINITIONAL_REPRESENTATION('',(#11716),#11720);
#11716 = LINE('',#11717,#11718);
#11717 = CARTESIAN_POINT('',(0.,0.2));
#11718 = VECTOR('',#11719,1.);
#11719 = DIRECTION('',(0.,1.));
#11720 = ( GEOMETRIC_REPRESENTATION_CONTEXT(2) 
PARAMETRIC_REPRESENTATION_CONTEXT() REPRESENTATION_CONTEXT('2D SPACE',''
  ) );
#11721 = ORIENTED_EDGE('',*,*,#11722,.T.);
#11722 = EDGE_CURVE('',#11700,#11630,#11723,.T.);
#11723 = SURFACE_CURVE('',#11724,(#11728,#11735),.PCURVE_S1.);
#11724 = LINE('',#11725,#11726);
#11725 = CARTESIAN_POINT('',(31.5,-36.,10.75));
#11726 = VECTOR('',#11727,1.);
#11727 = DIRECTION('',(-0.,0.,-1.));
#11728 = PCURVE('',#10967,#11729);
#11729 = DEFINITIONAL_REPRESENTATION('',(#11730),#11734);
#11730 = LINE('',#11731,#11732);
#11731 = CARTESIAN_POINT('',(-10.75,-0.2));
#11732 = VECTOR('',#11733,1.);
#11733 = DIRECTION('',(-1.,-0.));
#11734 = ( GEOMETRIC_REPRESENTATION_CONTEXT(2) 
PARAMETRIC_REPRESENTATION_CONTEXT() REPRESENTATION_CONTEXT('2D SPACE',''
  ) );
#11735 = PCURVE('',#227,#11736);
#11736 = DEFINITIONAL_REPRESENTATION('',(#11737),#11740);
#11737 = B_SPLINE_CURVE_WITH_KNOTS('',1,(#11738,#11739),.UNSPECIFIED.,
  .F.,.F.,(2,2),(-51.75,-10.75),.PIECEWISE_BEZIER_KNOTS.);
#11738 = CARTESIAN_POINT('',(62.5,31.5));
#11739 = CARTESIAN_POINT('',(21.5,31.5));
#11740 = ( GEOMETRIC_REPRESENTATION_CONTEXT(2) 
PARAMETRIC_REPRESENTATION_CONTEXT() REPRESENTATION_CONTEXT('2D SPACE',''
  ) );
#11741 = ORIENTED_EDGE('',*,*,#11675,.F.);
#11742 = ORIENTED_EDGE('',*,*,#10954,.T.);
#11743 = ADVANCED_FACE('',(#11744),#10915,.F.);
#11744 = FACE_BOUND('',#11745,.F.);
#11745 = EDGE_LOOP('',(#11746,#11768,#11769,#11770));
#11746 = ORIENTED_EDGE('',*,*,#11747,.T.);
#11747 = EDGE_CURVE('',#11748,#11632,#11750,.T.);
#11748 = VERTEX_POINT('',#11749);
#11749 = CARTESIAN_POINT('',(72.5,-36.,62.5));
#11750 = SURFACE_CURVE('',#11751,(#11755,#11762),.PCURVE_S1.);
#11751 = LINE('',#11752,#11753);
#11752 = CARTESIAN_POINT('',(72.5,-36.,10.75));
#11753 = VECTOR('',#11754,1.);
#11754 = DIRECTION('',(-0.,0.,-1.));
#11755 = PCURVE('',#10915,#11756);
#11756 = DEFINITIONAL_REPRESENTATION('',(#11757),#11761);
#11757 = LINE('',#11758,#11759);
#11758 = CARTESIAN_POINT('',(-10.75,-0.2));
#11759 = VECTOR('',#11760,1.);
#11760 = DIRECTION('',(-1.,-0.));
#11761 = ( GEOMETRIC_REPRESENTATION_CONTEXT(2) 
PARAMETRIC_REPRESENTATION_CONTEXT() REPRESENTATION_CONTEXT('2D SPACE',''
  ) );
#11762 = PCURVE('',#227,#11763);
#11763 = DEFINITIONAL_REPRESENTATION('',(#11764),#11767);
#11764 = B_SPLINE_CURVE_WITH_KNOTS('',1,(#11765,#11766),.UNSPECIFIED.,
  .F.,.F.,(2,2),(-51.75,-10.75),.PIECEWISE_BEZIER_KNOTS.);
#11765 = CARTESIAN_POINT('',(62.5,72.5));
#11766 = CARTESIAN_POINT('',(21.5,72.5));
#11767 = ( GEOMETRIC_REPRESENTATION_CONTEXT(2) 
PARAMETRIC_REPRESENTATION_CONTEXT() REPRESENTATION_CONTEXT('2D SPACE',''
  ) );
#11768 = ORIENTED_EDGE('',*,*,#11653,.F.);
#11769 = ORIENTED_EDGE('',*,*,#10900,.T.);
#11770 = ORIENTED_EDGE('',*,*,#11771,.T.);
#11771 = EDGE_CURVE('',#10872,#11748,#11772,.T.);
#11772 = SURFACE_CURVE('',#11773,(#11777,#11784),.PCURVE_S1.);
#11773 = LINE('',#11774,#11775);
#11774 = CARTESIAN_POINT('',(72.5,-25.45,62.5));
#11775 = VECTOR('',#11776,1.);
#11776 = DIRECTION('',(0.,-1.,0.));
#11777 = PCURVE('',#10915,#11778);
#11778 = DEFINITIONAL_REPRESENTATION('',(#11779),#11783);
#11779 = LINE('',#11780,#11781);
#11780 = CARTESIAN_POINT('',(41.,-10.75));
#11781 = VECTOR('',#11782,1.);
#11782 = DIRECTION('',(0.,1.));
#11783 = ( GEOMETRIC_REPRESENTATION_CONTEXT(2) 
PARAMETRIC_REPRESENTATION_CONTEXT() REPRESENTATION_CONTEXT('2D SPACE',''
  ) );
#11784 = PCURVE('',#10888,#11785);
#11785 = DEFINITIONAL_REPRESENTATION('',(#11786),#11790);
#11786 = LINE('',#11787,#11788);
#11787 = CARTESIAN_POINT('',(41.,10.75));
#11788 = VECTOR('',#11789,1.);
#11789 = DIRECTION('',(0.,-1.));
#11790 = ( GEOMETRIC_REPRESENTATION_CONTEXT(2) 
PARAMETRIC_REPRESENTATION_CONTEXT() REPRESENTATION_CONTEXT('2D SPACE',''
  ) );
#11791 = ADVANCED_FACE('',(#11792),#10888,.F.);
#11792 = FACE_BOUND('',#11793,.F.);
#11793 = EDGE_LOOP('',(#11794,#11795,#11815,#11816));
#11794 = ORIENTED_EDGE('',*,*,#11699,.F.);
#11795 = ORIENTED_EDGE('',*,*,#11796,.T.);
#11796 = EDGE_CURVE('',#11700,#11748,#11797,.T.);
#11797 = SURFACE_CURVE('',#11798,(#11802,#11809),.PCURVE_S1.);
#11798 = LINE('',#11799,#11800);
#11799 = CARTESIAN_POINT('',(15.75,-36.,62.5));
#11800 = VECTOR('',#11801,1.);
#11801 = DIRECTION('',(1.,0.,-0.));
#11802 = PCURVE('',#10888,#11803);
#11803 = DEFINITIONAL_REPRESENTATION('',(#11804),#11808);
#11804 = LINE('',#11805,#11806);
#11805 = CARTESIAN_POINT('',(-15.75,0.2));
#11806 = VECTOR('',#11807,1.);
#11807 = DIRECTION('',(1.,0.));
#11808 = ( GEOMETRIC_REPRESENTATION_CONTEXT(2) 
PARAMETRIC_REPRESENTATION_CONTEXT() REPRESENTATION_CONTEXT('2D SPACE',''
  ) );
#11809 = PCURVE('',#227,#11810);
#11810 = DEFINITIONAL_REPRESENTATION('',(#11811),#11814);
#11811 = B_SPLINE_CURVE_WITH_KNOTS('',1,(#11812,#11813),.UNSPECIFIED.,
  .F.,.F.,(2,2),(15.75,56.75),.PIECEWISE_BEZIER_KNOTS.);
#11812 = CARTESIAN_POINT('',(62.5,31.5));
#11813 = CARTESIAN_POINT('',(62.5,72.5));
#11814 = ( GEOMETRIC_REPRESENTATION_CONTEXT(2) 
PARAMETRIC_REPRESENTATION_CONTEXT() REPRESENTATION_CONTEXT('2D SPACE',''
  ) );
#11815 = ORIENTED_EDGE('',*,*,#11771,.F.);
#11816 = ORIENTED_EDGE('',*,*,#10871,.T.);
#11817 = ADVANCED_FACE('',(#11818),#10590,.F.);
#11818 = FACE_BOUND('',#11819,.F.);
#11819 = EDGE_LOOP('',(#11820,#11821,#11842,#11843));
#11820 = ORIENTED_EDGE('',*,*,#10573,.F.);
#11821 = ORIENTED_EDGE('',*,*,#11822,.F.);
#11822 = EDGE_CURVE('',#11075,#10574,#11823,.T.);
#11823 = SEAM_CURVE('',#11824,(#11828,#11835),.PCURVE_S1.);
#11824 = LINE('',#11825,#11826);
#11825 = CARTESIAN_POINT('',(52.,-25.7,60.5));
#11826 = VECTOR('',#11827,1.);
#11827 = DIRECTION('',(0.,1.,0.));
#11828 = PCURVE('',#10590,#11829);
#11829 = DEFINITIONAL_REPRESENTATION('',(#11830),#11834);
#11830 = LINE('',#11831,#11832);
#11831 = CARTESIAN_POINT('',(6.28318530718,-0.));
#11832 = VECTOR('',#11833,1.);
#11833 = DIRECTION('',(0.,1.));
#11834 = ( GEOMETRIC_REPRESENTATION_CONTEXT(2) 
PARAMETRIC_REPRESENTATION_CONTEXT() REPRESENTATION_CONTEXT('2D SPACE',''
  ) );
#11835 = PCURVE('',#10590,#11836);
#11836 = DEFINITIONAL_REPRESENTATION('',(#11837),#11841);
#11837 = LINE('',#11838,#11839);
#11838 = CARTESIAN_POINT('',(0.,-0.));
#11839 = VECTOR('',#11840,1.);
#11840 = DIRECTION('',(0.,1.));
#11841 = ( GEOMETRIC_REPRESENTATION_CONTEXT(2) 
PARAMETRIC_REPRESENTATION_CONTEXT() REPRESENTATION_CONTEXT('2D SPACE',''
  ) );
#11842 = ORIENTED_EDGE('',*,*,#11074,.T.);
#11843 = ORIENTED_EDGE('',*,*,#11822,.T.);
#11844 = ADVANCED_FACE('',(#11845),#10559,.T.);
#11845 = FACE_BOUND('',#11846,.T.);
#11846 = EDGE_LOOP('',(#11847,#11868,#11869,#11870));
#11847 = ORIENTED_EDGE('',*,*,#11848,.T.);
#11848 = EDGE_CURVE('',#10543,#11250,#11849,.T.);
#11849 = SEAM_CURVE('',#11850,(#11854,#11861),.PCURVE_S1.);
#11850 = LINE('',#11851,#11852);
#11851 = CARTESIAN_POINT('',(68.,-25.5,30.1));
#11852 = VECTOR('',#11853,1.);
#11853 = DIRECTION('',(0.,1.,0.));
#11854 = PCURVE('',#10559,#11855);
#11855 = DEFINITIONAL_REPRESENTATION('',(#11856),#11860);
#11856 = LINE('',#11857,#11858);
#11857 = CARTESIAN_POINT('',(6.28318530718,-0.));
#11858 = VECTOR('',#11859,1.);
#11859 = DIRECTION('',(0.,1.));
#11860 = ( GEOMETRIC_REPRESENTATION_CONTEXT(2) 
PARAMETRIC_REPRESENTATION_CONTEXT() REPRESENTATION_CONTEXT('2D SPACE',''
  ) );
#11861 = PCURVE('',#10559,#11862);
#11862 = DEFINITIONAL_REPRESENTATION('',(#11863),#11867);
#11863 = LINE('',#11864,#11865);
#11864 = CARTESIAN_POINT('',(0.,-0.));
#11865 = VECTOR('',#11866,1.);
#11866 = DIRECTION('',(0.,1.));
#11867 = ( GEOMETRIC_REPRESENTATION_CONTEXT(2) 
PARAMETRIC_REPRESENTATION_CONTEXT() REPRESENTATION_CONTEXT('2D SPACE',''
  ) );
#11868 = ORIENTED_EDGE('',*,*,#11249,.F.);
#11869 = ORIENTED_EDGE('',*,*,#11848,.F.);
#11870 = ORIENTED_EDGE('',*,*,#10542,.T.);
#11871 = ADVANCED_FACE('',(#11872),#10528,.T.);
#11872 = FACE_BOUND('',#11873,.T.);
#11873 = EDGE_LOOP('',(#11874,#11895,#11896,#11897));
#11874 = ORIENTED_EDGE('',*,*,#11875,.T.);
#11875 = EDGE_CURVE('',#10512,#11425,#11876,.T.);
#11876 = SEAM_CURVE('',#11877,(#11881,#11888),.PCURVE_S1.);
#11877 = LINE('',#11878,#11879);
#11878 = CARTESIAN_POINT('',(36.,-25.5,62.1));
#11879 = VECTOR('',#11880,1.);
#11880 = DIRECTION('',(0.,1.,0.));
#11881 = PCURVE('',#10528,#11882);
#11882 = DEFINITIONAL_REPRESENTATION('',(#11883),#11887);
#11883 = LINE('',#11884,#11885);
#11884 = CARTESIAN_POINT('',(6.28318530718,-0.));
#11885 = VECTOR('',#11886,1.);
#11886 = DIRECTION('',(0.,1.));
#11887 = ( GEOMETRIC_REPRESENTATION_CONTEXT(2) 
PARAMETRIC_REPRESENTATION_CONTEXT() REPRESENTATION_CONTEXT('2D SPACE',''
  ) );
#11888 = PCURVE('',#10528,#11889);
#11889 = DEFINITIONAL_REPRESENTATION('',(#11890),#11894);
#11890 = LINE('',#11891,#11892);
#11891 = CARTESIAN_POINT('',(0.,-0.));
#11892 = VECTOR('',#11893,1.);
#11893 = DIRECTION('',(0.,1.));
#11894 = ( GEOMETRIC_REPRESENTATION_CONTEXT(2) 
PARAMETRIC_REPRESENTATION_CONTEXT() REPRESENTATION_CONTEXT('2D SPACE',''
  ) );
#11895 = ORIENTED_EDGE('',*,*,#11424,.F.);
#11896 = ORIENTED_EDGE('',*,*,#11875,.F.);
#11897 = ORIENTED_EDGE('',*,*,#10511,.T.);
#11898 = ADVANCED_FACE('',(#11899),#10497,.T.);
#11899 = FACE_BOUND('',#11900,.T.);
#11900 = EDGE_LOOP('',(#11901,#11922,#11923,#11924));
#11901 = ORIENTED_EDGE('',*,*,#11902,.T.);
#11902 = EDGE_CURVE('',#10481,#11600,#11903,.T.);
#11903 = SEAM_CURVE('',#11904,(#11908,#11915),.PCURVE_S1.);
#11904 = LINE('',#11905,#11906);
#11905 = CARTESIAN_POINT('',(36.,-25.5,30.1));
#11906 = VECTOR('',#11907,1.);
#11907 = DIRECTION('',(0.,1.,0.));
#11908 = PCURVE('',#10497,#11909);
#11909 = DEFINITIONAL_REPRESENTATION('',(#11910),#11914);
#11910 = LINE('',#11911,#11912);
#11911 = CARTESIAN_POINT('',(6.28318530718,-0.));
#11912 = VECTOR('',#11913,1.);
#11913 = DIRECTION('',(0.,1.));
#11914 = ( GEOMETRIC_REPRESENTATION_CONTEXT(2) 
PARAMETRIC_REPRESENTATION_CONTEXT() REPRESENTATION_CONTEXT('2D SPACE',''
  ) );
#11915 = PCURVE('',#10497,#11916);
#11916 = DEFINITIONAL_REPRESENTATION('',(#11917),#11921);
#11917 = LINE('',#11918,#11919);
#11918 = CARTESIAN_POINT('',(0.,-0.));
#11919 = VECTOR('',#11920,1.);
#11920 = DIRECTION('',(0.,1.));
#11921 = ( GEOMETRIC_REPRESENTATION_CONTEXT(2) 
PARAMETRIC_REPRESENTATION_CONTEXT() REPRESENTATION_CONTEXT('2D SPACE',''
  ) );
#11922 = ORIENTED_EDGE('',*,*,#11599,.F.);
#11923 = ORIENTED_EDGE('',*,*,#11902,.F.);
#11924 = ORIENTED_EDGE('',*,*,#10480,.T.);
#11925 = ADVANCED_FACE('',(#11926),#10294,.F.);
#11926 = FACE_BOUND('',#11927,.F.);
#11927 = EDGE_LOOP('',(#11928,#11929,#11930,#11951));
#11928 = ORIENTED_EDGE('',*,*,#10358,.T.);
#11929 = ORIENTED_EDGE('',*,*,#10410,.F.);
#11930 = ORIENTED_EDGE('',*,*,#11931,.F.);
#11931 = EDGE_CURVE('',#10252,#10411,#11932,.T.);
#11932 = SURFACE_CURVE('',#11933,(#11937,#11944),.PCURVE_S1.);
#11933 = LINE('',#11934,#11935);
#11934 = CARTESIAN_POINT('',(29.5,-33.6,19.5));
#11935 = VECTOR('',#11936,1.);
#11936 = DIRECTION('',(0.,1.,0.));
#11937 = PCURVE('',#10294,#11938);
#11938 = DEFINITIONAL_REPRESENTATION('',(#11939),#11943);
#11939 = LINE('',#11940,#11941);
#11940 = CARTESIAN_POINT('',(-43.,0.2));
#11941 = VECTOR('',#11942,1.);
#11942 = DIRECTION('',(0.,1.));
#11943 = ( GEOMETRIC_REPRESENTATION_CONTEXT(2) 
PARAMETRIC_REPRESENTATION_CONTEXT() REPRESENTATION_CONTEXT('2D SPACE',''
  ) );
#11944 = PCURVE('',#10266,#11945);
#11945 = DEFINITIONAL_REPRESENTATION('',(#11946),#11950);
#11946 = LINE('',#11947,#11948);
#11947 = CARTESIAN_POINT('',(0.,-0.2));
#11948 = VECTOR('',#11949,1.);
#11949 = DIRECTION('',(0.,-1.));
#11950 = ( GEOMETRIC_REPRESENTATION_CONTEXT(2) 
PARAMETRIC_REPRESENTATION_CONTEXT() REPRESENTATION_CONTEXT('2D SPACE',''
  ) );
#11951 = ORIENTED_EDGE('',*,*,#10278,.T.);
#11952 = ADVANCED_FACE('',(#11953),#10266,.F.);
#11953 = FACE_BOUND('',#11954,.F.);
#11954 = EDGE_LOOP('',(#11955,#11956,#11957,#11958));
#11955 = ORIENTED_EDGE('',*,*,#10251,.T.);
#11956 = ORIENTED_EDGE('',*,*,#11931,.T.);
#11957 = ORIENTED_EDGE('',*,*,#10433,.T.);
#11958 = ORIENTED_EDGE('',*,*,#11959,.T.);
#11959 = EDGE_CURVE('',#10434,#10224,#11960,.T.);
#11960 = SURFACE_CURVE('',#11961,(#11965,#11972),.PCURVE_S1.);
#11961 = LINE('',#11962,#11963);
#11962 = CARTESIAN_POINT('',(29.5,-23.25,64.5));
#11963 = VECTOR('',#11964,1.);
#11964 = DIRECTION('',(0.,-1.,0.));
#11965 = PCURVE('',#10266,#11966);
#11966 = DEFINITIONAL_REPRESENTATION('',(#11967),#11971);
#11967 = LINE('',#11968,#11969);
#11968 = CARTESIAN_POINT('',(45.,-10.55));
#11969 = VECTOR('',#11970,1.);
#11970 = DIRECTION('',(0.,1.));
#11971 = ( GEOMETRIC_REPRESENTATION_CONTEXT(2) 
PARAMETRIC_REPRESENTATION_CONTEXT() REPRESENTATION_CONTEXT('2D SPACE',''
  ) );
#11972 = PCURVE('',#10239,#11973);
#11973 = DEFINITIONAL_REPRESENTATION('',(#11974),#11978);
#11974 = LINE('',#11975,#11976);
#11975 = CARTESIAN_POINT('',(0.,10.55));
#11976 = VECTOR('',#11977,1.);
#11977 = DIRECTION('',(0.,-1.));
#11978 = ( GEOMETRIC_REPRESENTATION_CONTEXT(2) 
PARAMETRIC_REPRESENTATION_CONTEXT() REPRESENTATION_CONTEXT('2D SPACE',''
  ) );
#11979 = ADVANCED_FACE('',(#11980),#10239,.T.);
#11980 = FACE_BOUND('',#11981,.T.);
#11981 = EDGE_LOOP('',(#11982,#11983,#11984,#11985));
#11982 = ORIENTED_EDGE('',*,*,#10221,.F.);
#11983 = ORIENTED_EDGE('',*,*,#10334,.T.);
#11984 = ORIENTED_EDGE('',*,*,#10456,.F.);
#11985 = ORIENTED_EDGE('',*,*,#11959,.T.);
#11986 = ADVANCED_FACE('',(#11987),#696,.T.);
#11987 = FACE_BOUND('',#11988,.T.);
#11988 = EDGE_LOOP('',(#11989,#12010,#12011,#12012));
#11989 = ORIENTED_EDGE('',*,*,#11990,.F.);
#11990 = EDGE_CURVE('',#656,#1037,#11991,.T.);
#11991 = SURFACE_CURVE('',#11992,(#11996,#12003),.PCURVE_S1.);
#11992 = LINE('',#11993,#11994);
#11993 = CARTESIAN_POINT('',(-0.4,-30.25,73.75));
#11994 = VECTOR('',#11995,1.);
#11995 = DIRECTION('',(1.,0.,-0.));
#11996 = PCURVE('',#696,#11997);
#11997 = DEFINITIONAL_REPRESENTATION('',(#11998),#12002);
#11998 = LINE('',#11999,#12000);
#11999 = CARTESIAN_POINT('',(0.,0.));
#12000 = VECTOR('',#12001,1.);
#12001 = DIRECTION('',(0.,1.));
#12002 = ( GEOMETRIC_REPRESENTATION_CONTEXT(2) 
PARAMETRIC_REPRESENTATION_CONTEXT() REPRESENTATION_CONTEXT('2D SPACE',''
  ) );
#12003 = PCURVE('',#670,#12004);
#12004 = DEFINITIONAL_REPRESENTATION('',(#12005),#12009);
#12005 = LINE('',#12006,#12007);
#12006 = CARTESIAN_POINT('',(0.,0.));
#12007 = VECTOR('',#12008,1.);
#12008 = DIRECTION('',(1.,0.));
#12009 = ( GEOMETRIC_REPRESENTATION_CONTEXT(2) 
PARAMETRIC_REPRESENTATION_CONTEXT() REPRESENTATION_CONTEXT('2D SPACE',''
  ) );
#12010 = ORIENTED_EDGE('',*,*,#681,.T.);
#12011 = ORIENTED_EDGE('',*,*,#784,.T.);
#12012 = ORIENTED_EDGE('',*,*,#1057,.F.);
#12013 = ADVANCED_FACE('',(#12014),#746,.F.);
#12014 = FACE_BOUND('',#12015,.F.);
#12015 = EDGE_LOOP('',(#12016,#12037,#12038,#12039));
#12016 = ORIENTED_EDGE('',*,*,#12017,.F.);
#12017 = EDGE_CURVE('',#654,#1035,#12018,.T.);
#12018 = SURFACE_CURVE('',#12019,(#12023,#12030),.PCURVE_S1.);
#12019 = LINE('',#12020,#12021);
#12020 = CARTESIAN_POINT('',(-0.4,-22.75,73.75));
#12021 = VECTOR('',#12022,1.);
#12022 = DIRECTION('',(1.,0.,-0.));
#12023 = PCURVE('',#746,#12024);
#12024 = DEFINITIONAL_REPRESENTATION('',(#12025),#12029);
#12025 = LINE('',#12026,#12027);
#12026 = CARTESIAN_POINT('',(0.,0.));
#12027 = VECTOR('',#12028,1.);
#12028 = DIRECTION('',(0.,1.));
#12029 = ( GEOMETRIC_REPRESENTATION_CONTEXT(2) 
PARAMETRIC_REPRESENTATION_CONTEXT() REPRESENTATION_CONTEXT('2D SPACE',''
  ) );
#12030 = PCURVE('',#670,#12031);
#12031 = DEFINITIONAL_REPRESENTATION('',(#12032),#12036);
#12032 = LINE('',#12033,#12034);
#12033 = CARTESIAN_POINT('',(0.,7.5));
#12034 = VECTOR('',#12035,1.);
#12035 = DIRECTION('',(1.,0.));
#12036 = ( GEOMETRIC_REPRESENTATION_CONTEXT(2) 
PARAMETRIC_REPRESENTATION_CONTEXT() REPRESENTATION_CONTEXT('2D SPACE',''
  ) );
#12037 = ORIENTED_EDGE('',*,*,#733,.T.);
#12038 = ORIENTED_EDGE('',*,*,#760,.T.);
#12039 = ORIENTED_EDGE('',*,*,#1077,.F.);
#12040 = ADVANCED_FACE('',(#12041),#670,.T.);
#12041 = FACE_BOUND('',#12042,.T.);
#12042 = EDGE_LOOP('',(#12043,#12044,#12045,#12046));
#12043 = ORIENTED_EDGE('',*,*,#12017,.F.);
#12044 = ORIENTED_EDGE('',*,*,#653,.T.);
#12045 = ORIENTED_EDGE('',*,*,#11990,.T.);
#12046 = ORIENTED_EDGE('',*,*,#1034,.F.);
#12047 = ADVANCED_FACE('',(#12048),#616,.F.);
#12048 = FACE_BOUND('',#12049,.F.);
#12049 = EDGE_LOOP('',(#12050,#12071,#12072,#12093));
#12050 = ORIENTED_EDGE('',*,*,#12051,.F.);
#12051 = EDGE_CURVE('',#602,#993,#12052,.T.);
#12052 = SURFACE_CURVE('',#12053,(#12057,#12064),.PCURVE_S1.);
#12053 = LINE('',#12054,#12055);
#12054 = CARTESIAN_POINT('',(-0.4,-22.75,16.25));
#12055 = VECTOR('',#12056,1.);
#12056 = DIRECTION('',(1.,0.,-0.));
#12057 = PCURVE('',#616,#12058);
#12058 = DEFINITIONAL_REPRESENTATION('',(#12059),#12063);
#12059 = LINE('',#12060,#12061);
#12060 = CARTESIAN_POINT('',(0.,7.5));
#12061 = VECTOR('',#12062,1.);
#12062 = DIRECTION('',(1.,0.));
#12063 = ( GEOMETRIC_REPRESENTATION_CONTEXT(2) 
PARAMETRIC_REPRESENTATION_CONTEXT() REPRESENTATION_CONTEXT('2D SPACE',''
  ) );
#12064 = PCURVE('',#640,#12065);
#12065 = DEFINITIONAL_REPRESENTATION('',(#12066),#12070);
#12066 = LINE('',#12067,#12068);
#12067 = CARTESIAN_POINT('',(8.5,0.));
#12068 = VECTOR('',#12069,1.);
#12069 = DIRECTION('',(0.,1.));
#12070 = ( GEOMETRIC_REPRESENTATION_CONTEXT(2) 
PARAMETRIC_REPRESENTATION_CONTEXT() REPRESENTATION_CONTEXT('2D SPACE',''
  ) );
#12071 = ORIENTED_EDGE('',*,*,#601,.T.);
#12072 = ORIENTED_EDGE('',*,*,#12073,.T.);
#12073 = EDGE_CURVE('',#576,#972,#12074,.T.);
#12074 = SURFACE_CURVE('',#12075,(#12079,#12086),.PCURVE_S1.);
#12075 = LINE('',#12076,#12077);
#12076 = CARTESIAN_POINT('',(-0.4,-30.25,16.25));
#12077 = VECTOR('',#12078,1.);
#12078 = DIRECTION('',(1.,0.,-0.));
#12079 = PCURVE('',#616,#12080);
#12080 = DEFINITIONAL_REPRESENTATION('',(#12081),#12085);
#12081 = LINE('',#12082,#12083);
#12082 = CARTESIAN_POINT('',(0.,0.));
#12083 = VECTOR('',#12084,1.);
#12084 = DIRECTION('',(1.,0.));
#12085 = ( GEOMETRIC_REPRESENTATION_CONTEXT(2) 
PARAMETRIC_REPRESENTATION_CONTEXT() REPRESENTATION_CONTEXT('2D SPACE',''
  ) );
#12086 = PCURVE('',#590,#12087);
#12087 = DEFINITIONAL_REPRESENTATION('',(#12088),#12092);
#12088 = LINE('',#12089,#12090);
#12089 = CARTESIAN_POINT('',(8.5,0.));
#12090 = VECTOR('',#12091,1.);
#12091 = DIRECTION('',(0.,1.));
#12092 = ( GEOMETRIC_REPRESENTATION_CONTEXT(2) 
PARAMETRIC_REPRESENTATION_CONTEXT() REPRESENTATION_CONTEXT('2D SPACE',''
  ) );
#12093 = ORIENTED_EDGE('',*,*,#992,.F.);
#12094 = ADVANCED_FACE('',(#12095),#590,.T.);
#12095 = FACE_BOUND('',#12096,.T.);
#12096 = EDGE_LOOP('',(#12097,#12118,#12119,#12120));
#12097 = ORIENTED_EDGE('',*,*,#12098,.F.);
#12098 = EDGE_CURVE('',#550,#951,#12099,.T.);
#12099 = SURFACE_CURVE('',#12100,(#12104,#12111),.PCURVE_S1.);
#12100 = LINE('',#12101,#12102);
#12101 = CARTESIAN_POINT('',(-0.4,-30.25,7.75));
#12102 = VECTOR('',#12103,1.);
#12103 = DIRECTION('',(1.,0.,-0.));
#12104 = PCURVE('',#590,#12105);
#12105 = DEFINITIONAL_REPRESENTATION('',(#12106),#12110);
#12106 = LINE('',#12107,#12108);
#12107 = CARTESIAN_POINT('',(0.,0.));
#12108 = VECTOR('',#12109,1.);
#12109 = DIRECTION('',(0.,1.));
#12110 = ( GEOMETRIC_REPRESENTATION_CONTEXT(2) 
PARAMETRIC_REPRESENTATION_CONTEXT() REPRESENTATION_CONTEXT('2D SPACE',''
  ) );
#12111 = PCURVE('',#564,#12112);
#12112 = DEFINITIONAL_REPRESENTATION('',(#12113),#12117);
#12113 = LINE('',#12114,#12115);
#12114 = CARTESIAN_POINT('',(0.,0.));
#12115 = VECTOR('',#12116,1.);
#12116 = DIRECTION('',(1.,0.));
#12117 = ( GEOMETRIC_REPRESENTATION_CONTEXT(2) 
PARAMETRIC_REPRESENTATION_CONTEXT() REPRESENTATION_CONTEXT('2D SPACE',''
  ) );
#12118 = ORIENTED_EDGE('',*,*,#575,.T.);
#12119 = ORIENTED_EDGE('',*,*,#12073,.T.);
#12120 = ORIENTED_EDGE('',*,*,#971,.F.);
#12121 = ADVANCED_FACE('',(#12122),#640,.F.);
#12122 = FACE_BOUND('',#12123,.F.);
#12123 = EDGE_LOOP('',(#12124,#12145,#12146,#12147));
#12124 = ORIENTED_EDGE('',*,*,#12125,.F.);
#12125 = EDGE_CURVE('',#548,#949,#12126,.T.);
#12126 = SURFACE_CURVE('',#12127,(#12131,#12138),.PCURVE_S1.);
#12127 = LINE('',#12128,#12129);
#12128 = CARTESIAN_POINT('',(-0.4,-22.75,7.75));
#12129 = VECTOR('',#12130,1.);
#12130 = DIRECTION('',(1.,0.,-0.));
#12131 = PCURVE('',#640,#12132);
#12132 = DEFINITIONAL_REPRESENTATION('',(#12133),#12137);
#12133 = LINE('',#12134,#12135);
#12134 = CARTESIAN_POINT('',(0.,0.));
#12135 = VECTOR('',#12136,1.);
#12136 = DIRECTION('',(0.,1.));
#12137 = ( GEOMETRIC_REPRESENTATION_CONTEXT(2) 
PARAMETRIC_REPRESENTATION_CONTEXT() REPRESENTATION_CONTEXT('2D SPACE',''
  ) );
#12138 = PCURVE('',#564,#12139);
#12139 = DEFINITIONAL_REPRESENTATION('',(#12140),#12144);
#12140 = LINE('',#12141,#12142);
#12141 = CARTESIAN_POINT('',(0.,7.5));
#12142 = VECTOR('',#12143,1.);
#12143 = DIRECTION('',(1.,0.));
#12144 = ( GEOMETRIC_REPRESENTATION_CONTEXT(2) 
PARAMETRIC_REPRESENTATION_CONTEXT() REPRESENTATION_CONTEXT('2D SPACE',''
  ) );
#12145 = ORIENTED_EDGE('',*,*,#627,.T.);
#12146 = ORIENTED_EDGE('',*,*,#12051,.T.);
#12147 = ORIENTED_EDGE('',*,*,#1013,.F.);
#12148 = ADVANCED_FACE('',(#12149),#564,.T.);
#12149 = FACE_BOUND('',#12150,.T.);
#12150 = EDGE_LOOP('',(#12151,#12152,#12153,#12154));
#12151 = ORIENTED_EDGE('',*,*,#12125,.F.);
#12152 = ORIENTED_EDGE('',*,*,#547,.T.);
#12153 = ORIENTED_EDGE('',*,*,#12098,.T.);
#12154 = ORIENTED_EDGE('',*,*,#948,.F.);
#12155 = ADVANCED_FACE('',(#12156),#125,.F.);
#12156 = FACE_BOUND('',#12157,.F.);
#12157 = EDGE_LOOP('',(#12158,#12179,#12180,#12199,#12200,#12201));
#12158 = ORIENTED_EDGE('',*,*,#12159,.F.);
#12159 = EDGE_CURVE('',#111,#6833,#12160,.T.);
#12160 = SURFACE_CURVE('',#12161,(#12165,#12172),.PCURVE_S1.);
#12161 = LINE('',#12162,#12163);
#12162 = CARTESIAN_POINT('',(-0.4,20.25,85.25));
#12163 = VECTOR('',#12164,1.);
#12164 = DIRECTION('',(1.,0.,-0.));
#12165 = PCURVE('',#125,#12166);
#12166 = DEFINITIONAL_REPRESENTATION('',(#12167),#12171);
#12167 = LINE('',#12168,#12169);
#12168 = CARTESIAN_POINT('',(0.,0.));
#12169 = VECTOR('',#12170,1.);
#12170 = DIRECTION('',(0.,1.));
#12171 = ( GEOMETRIC_REPRESENTATION_CONTEXT(2) 
PARAMETRIC_REPRESENTATION_CONTEXT() REPRESENTATION_CONTEXT('2D SPACE',''
  ) );
#12172 = PCURVE('',#151,#12173);
#12173 = DEFINITIONAL_REPRESENTATION('',(#12174),#12178);
#12174 = LINE('',#12175,#12176);
#12175 = CARTESIAN_POINT('',(0.,10.5));
#12176 = VECTOR('',#12177,1.);
#12177 = DIRECTION('',(1.,0.));
#12178 = ( GEOMETRIC_REPRESENTATION_CONTEXT(2) 
PARAMETRIC_REPRESENTATION_CONTEXT() REPRESENTATION_CONTEXT('2D SPACE',''
  ) );
#12179 = ORIENTED_EDGE('',*,*,#110,.T.);
#12180 = ORIENTED_EDGE('',*,*,#12181,.F.);
#12181 = EDGE_CURVE('',#7739,#83,#12182,.T.);
#12182 = SURFACE_CURVE('',#12183,(#12187,#12193),.PCURVE_S1.);
#12183 = LINE('',#12184,#12185);
#12184 = CARTESIAN_POINT('',(-0.2,20.25,90.));
#12185 = VECTOR('',#12186,1.);
#12186 = DIRECTION('',(-1.,-0.,0.));
#12187 = PCURVE('',#125,#12188);
#12188 = DEFINITIONAL_REPRESENTATION('',(#12189),#12192);
#12189 = B_SPLINE_CURVE_WITH_KNOTS('',1,(#12190,#12191),.UNSPECIFIED.,
  .F.,.F.,(2,2),(-4.65,-0.2),.PIECEWISE_BEZIER_KNOTS.);
#12190 = CARTESIAN_POINT('',(4.75,4.85));
#12191 = CARTESIAN_POINT('',(4.75,0.4));
#12192 = ( GEOMETRIC_REPRESENTATION_CONTEXT(2) 
PARAMETRIC_REPRESENTATION_CONTEXT() REPRESENTATION_CONTEXT('2D SPACE',''
  ) );
#12193 = PCURVE('',#98,#12194);
#12194 = DEFINITIONAL_REPRESENTATION('',(#12195),#12198);
#12195 = B_SPLINE_CURVE_WITH_KNOTS('',1,(#12196,#12197),.UNSPECIFIED.,
  .F.,.F.,(2,2),(-4.65,-0.2),.PIECEWISE_BEZIER_KNOTS.);
#12196 = CARTESIAN_POINT('',(4.45,56.25));
#12197 = CARTESIAN_POINT('',(0.,56.25));
#12198 = ( GEOMETRIC_REPRESENTATION_CONTEXT(2) 
PARAMETRIC_REPRESENTATION_CONTEXT() REPRESENTATION_CONTEXT('2D SPACE',''
  ) );
#12199 = ORIENTED_EDGE('',*,*,#7738,.F.);
#12200 = ORIENTED_EDGE('',*,*,#7614,.T.);
#12201 = ORIENTED_EDGE('',*,*,#6832,.F.);
#12202 = ADVANCED_FACE('',(#12203),#151,.T.);
#12203 = FACE_BOUND('',#12204,.T.);
#12204 = EDGE_LOOP('',(#12205,#12206,#12207,#12228));
#12205 = ORIENTED_EDGE('',*,*,#12159,.F.);
#12206 = ORIENTED_EDGE('',*,*,#136,.T.);
#12207 = ORIENTED_EDGE('',*,*,#12208,.T.);
#12208 = EDGE_CURVE('',#137,#6854,#12209,.T.);
#12209 = SURFACE_CURVE('',#12210,(#12214,#12221),.PCURVE_S1.);
#12210 = LINE('',#12211,#12212);
#12211 = CARTESIAN_POINT('',(-0.4,9.75,85.25));
#12212 = VECTOR('',#12213,1.);
#12213 = DIRECTION('',(1.,0.,-0.));
#12214 = PCURVE('',#151,#12215);
#12215 = DEFINITIONAL_REPRESENTATION('',(#12216),#12220);
#12216 = LINE('',#12217,#12218);
#12217 = CARTESIAN_POINT('',(0.,0.));
#12218 = VECTOR('',#12219,1.);
#12219 = DIRECTION('',(1.,0.));
#12220 = ( GEOMETRIC_REPRESENTATION_CONTEXT(2) 
PARAMETRIC_REPRESENTATION_CONTEXT() REPRESENTATION_CONTEXT('2D SPACE',''
  ) );
#12221 = PCURVE('',#177,#12222);
#12222 = DEFINITIONAL_REPRESENTATION('',(#12223),#12227);
#12223 = LINE('',#12224,#12225);
#12224 = CARTESIAN_POINT('',(0.,0.));
#12225 = VECTOR('',#12226,1.);
#12226 = DIRECTION('',(0.,1.));
#12227 = ( GEOMETRIC_REPRESENTATION_CONTEXT(2) 
PARAMETRIC_REPRESENTATION_CONTEXT() REPRESENTATION_CONTEXT('2D SPACE',''
  ) );
#12228 = ORIENTED_EDGE('',*,*,#6853,.F.);
#12229 = ADVANCED_FACE('',(#12230),#177,.T.);
#12230 = FACE_BOUND('',#12231,.T.);
#12231 = EDGE_LOOP('',(#12232,#12233,#12234,#12253,#12254,#12255));
#12232 = ORIENTED_EDGE('',*,*,#12208,.F.);
#12233 = ORIENTED_EDGE('',*,*,#162,.T.);
#12234 = ORIENTED_EDGE('',*,*,#12235,.F.);
#12235 = EDGE_CURVE('',#7715,#163,#12236,.T.);
#12236 = SURFACE_CURVE('',#12237,(#12241,#12247),.PCURVE_S1.);
#12237 = LINE('',#12238,#12239);
#12238 = CARTESIAN_POINT('',(-0.2,9.75,90.));
#12239 = VECTOR('',#12240,1.);
#12240 = DIRECTION('',(-1.,-0.,0.));
#12241 = PCURVE('',#177,#12242);
#12242 = DEFINITIONAL_REPRESENTATION('',(#12243),#12246);
#12243 = B_SPLINE_CURVE_WITH_KNOTS('',1,(#12244,#12245),.UNSPECIFIED.,
  .F.,.F.,(2,2),(-4.65,-0.2),.PIECEWISE_BEZIER_KNOTS.);
#12244 = CARTESIAN_POINT('',(4.75,4.85));
#12245 = CARTESIAN_POINT('',(4.75,0.4));
#12246 = ( GEOMETRIC_REPRESENTATION_CONTEXT(2) 
PARAMETRIC_REPRESENTATION_CONTEXT() REPRESENTATION_CONTEXT('2D SPACE',''
  ) );
#12247 = PCURVE('',#98,#12248);
#12248 = DEFINITIONAL_REPRESENTATION('',(#12249),#12252);
#12249 = B_SPLINE_CURVE_WITH_KNOTS('',1,(#12250,#12251),.UNSPECIFIED.,
  .F.,.F.,(2,2),(-4.65,-0.2),.PIECEWISE_BEZIER_KNOTS.);
#12250 = CARTESIAN_POINT('',(4.45,45.75));
#12251 = CARTESIAN_POINT('',(0.,45.75));
#12252 = ( GEOMETRIC_REPRESENTATION_CONTEXT(2) 
PARAMETRIC_REPRESENTATION_CONTEXT() REPRESENTATION_CONTEXT('2D SPACE',''
  ) );
#12253 = ORIENTED_EDGE('',*,*,#7714,.F.);
#12254 = ORIENTED_EDGE('',*,*,#7661,.T.);
#12255 = ORIENTED_EDGE('',*,*,#6874,.F.);
#12256 = ADVANCED_FACE('',(#12257,#12307),#98,.T.);
#12257 = FACE_BOUND('',#12258,.T.);
#12258 = EDGE_LOOP('',(#12259,#12260,#12281,#12282,#12303,#12304,#12305,
    #12306));
#12259 = ORIENTED_EDGE('',*,*,#188,.F.);
#12260 = ORIENTED_EDGE('',*,*,#12261,.T.);
#12261 = EDGE_CURVE('',#189,#8152,#12262,.T.);
#12262 = SURFACE_CURVE('',#12263,(#12267,#12274),.PCURVE_S1.);
#12263 = LINE('',#12264,#12265);
#12264 = CARTESIAN_POINT('',(0.,-36.,90.));
#12265 = VECTOR('',#12266,1.);
#12266 = DIRECTION('',(1.,0.,-0.));
#12267 = PCURVE('',#98,#12268);
#12268 = DEFINITIONAL_REPRESENTATION('',(#12269),#12273);
#12269 = LINE('',#12270,#12271);
#12270 = CARTESIAN_POINT('',(0.,0.));
#12271 = VECTOR('',#12272,1.);
#12272 = DIRECTION('',(1.,0.));
#12273 = ( GEOMETRIC_REPRESENTATION_CONTEXT(2) 
PARAMETRIC_REPRESENTATION_CONTEXT() REPRESENTATION_CONTEXT('2D SPACE',''
  ) );
#12274 = PCURVE('',#227,#12275);
#12275 = DEFINITIONAL_REPRESENTATION('',(#12276),#12280);
#12276 = LINE('',#12277,#12278);
#12277 = CARTESIAN_POINT('',(90.,0.));
#12278 = VECTOR('',#12279,1.);
#12279 = DIRECTION('',(0.,1.));
#12280 = ( GEOMETRIC_REPRESENTATION_CONTEXT(2) 
PARAMETRIC_REPRESENTATION_CONTEXT() REPRESENTATION_CONTEXT('2D SPACE',''
  ) );
#12281 = ORIENTED_EDGE('',*,*,#8220,.T.);
#12282 = ORIENTED_EDGE('',*,*,#12283,.F.);
#12283 = EDGE_CURVE('',#55,#8198,#12284,.T.);
#12284 = SURFACE_CURVE('',#12285,(#12289,#12296),.PCURVE_S1.);
#12285 = LINE('',#12286,#12287);
#12286 = CARTESIAN_POINT('',(0.,36.,90.));
#12287 = VECTOR('',#12288,1.);
#12288 = DIRECTION('',(1.,0.,-0.));
#12289 = PCURVE('',#98,#12290);
#12290 = DEFINITIONAL_REPRESENTATION('',(#12291),#12295);
#12291 = LINE('',#12292,#12293);
#12292 = CARTESIAN_POINT('',(0.,72.));
#12293 = VECTOR('',#12294,1.);
#12294 = DIRECTION('',(1.,0.));
#12295 = ( GEOMETRIC_REPRESENTATION_CONTEXT(2) 
PARAMETRIC_REPRESENTATION_CONTEXT() REPRESENTATION_CONTEXT('2D SPACE',''
  ) );
#12296 = PCURVE('',#70,#12297);
#12297 = DEFINITIONAL_REPRESENTATION('',(#12298),#12302);
#12298 = LINE('',#12299,#12300);
#12299 = CARTESIAN_POINT('',(90.,0.));
#12300 = VECTOR('',#12301,1.);
#12301 = DIRECTION('',(0.,1.));
#12302 = ( GEOMETRIC_REPRESENTATION_CONTEXT(2) 
PARAMETRIC_REPRESENTATION_CONTEXT() REPRESENTATION_CONTEXT('2D SPACE',''
  ) );
#12303 = ORIENTED_EDGE('',*,*,#82,.F.);
#12304 = ORIENTED_EDGE('',*,*,#12181,.F.);
#12305 = ORIENTED_EDGE('',*,*,#7761,.F.);
#12306 = ORIENTED_EDGE('',*,*,#12235,.T.);
#12307 = FACE_BOUND('',#12308,.T.);
#12308 = EDGE_LOOP('',(#12309,#12310,#12311,#12312));
#12309 = ORIENTED_EDGE('',*,*,#9954,.F.);
#12310 = ORIENTED_EDGE('',*,*,#10048,.F.);
#12311 = ORIENTED_EDGE('',*,*,#10074,.T.);
#12312 = ORIENTED_EDGE('',*,*,#10122,.T.);
#12313 = ADVANCED_FACE('',(#12314,#12340),#227,.F.);
#12314 = FACE_BOUND('',#12315,.F.);
#12315 = EDGE_LOOP('',(#12316,#12337,#12338,#12339));
#12316 = ORIENTED_EDGE('',*,*,#12317,.F.);
#12317 = EDGE_CURVE('',#212,#8150,#12318,.T.);
#12318 = SURFACE_CURVE('',#12319,(#12323,#12330),.PCURVE_S1.);
#12319 = LINE('',#12320,#12321);
#12320 = CARTESIAN_POINT('',(0.,-36.,0.));
#12321 = VECTOR('',#12322,1.);
#12322 = DIRECTION('',(1.,0.,-0.));
#12323 = PCURVE('',#227,#12324);
#12324 = DEFINITIONAL_REPRESENTATION('',(#12325),#12329);
#12325 = LINE('',#12326,#12327);
#12326 = CARTESIAN_POINT('',(0.,0.));
#12327 = VECTOR('',#12328,1.);
#12328 = DIRECTION('',(0.,1.));
#12329 = ( GEOMETRIC_REPRESENTATION_CONTEXT(2) 
PARAMETRIC_REPRESENTATION_CONTEXT() REPRESENTATION_CONTEXT('2D SPACE',''
  ) );
#12330 = PCURVE('',#255,#12331);
#12331 = DEFINITIONAL_REPRESENTATION('',(#12332),#12336);
#12332 = LINE('',#12333,#12334);
#12333 = CARTESIAN_POINT('',(0.,0.));
#12334 = VECTOR('',#12335,1.);
#12335 = DIRECTION('',(1.,0.));
#12336 = ( GEOMETRIC_REPRESENTATION_CONTEXT(2) 
PARAMETRIC_REPRESENTATION_CONTEXT() REPRESENTATION_CONTEXT('2D SPACE',''
  ) );
#12337 = ORIENTED_EDGE('',*,*,#211,.T.);
#12338 = ORIENTED_EDGE('',*,*,#12261,.T.);
#12339 = ORIENTED_EDGE('',*,*,#8149,.F.);
#12340 = FACE_BOUND('',#12341,.F.);
#12341 = EDGE_LOOP('',(#12342,#12343,#12344,#12345));
#12342 = ORIENTED_EDGE('',*,*,#11796,.F.);
#12343 = ORIENTED_EDGE('',*,*,#11722,.T.);
#12344 = ORIENTED_EDGE('',*,*,#11629,.T.);
#12345 = ORIENTED_EDGE('',*,*,#11747,.F.);
#12346 = ADVANCED_FACE('',(#12347),#282,.T.);
#12347 = FACE_BOUND('',#12348,.T.);
#12348 = EDGE_LOOP('',(#12349,#12350,#12369,#12370,#12391,#12392));
#12349 = ORIENTED_EDGE('',*,*,#7543,.F.);
#12350 = ORIENTED_EDGE('',*,*,#12351,.T.);
#12351 = EDGE_CURVE('',#7544,#240,#12352,.T.);
#12352 = SURFACE_CURVE('',#12353,(#12357,#12363),.PCURVE_S1.);
#12353 = LINE('',#12354,#12355);
#12354 = CARTESIAN_POINT('',(-0.2,9.75,0.));
#12355 = VECTOR('',#12356,1.);
#12356 = DIRECTION('',(-1.,-0.,0.));
#12357 = PCURVE('',#282,#12358);
#12358 = DEFINITIONAL_REPRESENTATION('',(#12359),#12362);
#12359 = B_SPLINE_CURVE_WITH_KNOTS('',1,(#12360,#12361),.UNSPECIFIED.,
  .F.,.F.,(2,2),(-4.65,-0.2),.PIECEWISE_BEZIER_KNOTS.);
#12360 = CARTESIAN_POINT('',(0.25,4.85));
#12361 = CARTESIAN_POINT('',(0.25,0.4));
#12362 = ( GEOMETRIC_REPRESENTATION_CONTEXT(2) 
PARAMETRIC_REPRESENTATION_CONTEXT() REPRESENTATION_CONTEXT('2D SPACE',''
  ) );
#12363 = PCURVE('',#255,#12364);
#12364 = DEFINITIONAL_REPRESENTATION('',(#12365),#12368);
#12365 = B_SPLINE_CURVE_WITH_KNOTS('',1,(#12366,#12367),.UNSPECIFIED.,
  .F.,.F.,(2,2),(-4.65,-0.2),.PIECEWISE_BEZIER_KNOTS.);
#12366 = CARTESIAN_POINT('',(4.45,45.75));
#12367 = CARTESIAN_POINT('',(0.,45.75));
#12368 = ( GEOMETRIC_REPRESENTATION_CONTEXT(2) 
PARAMETRIC_REPRESENTATION_CONTEXT() REPRESENTATION_CONTEXT('2D SPACE',''
  ) );
#12369 = ORIENTED_EDGE('',*,*,#267,.T.);
#12370 = ORIENTED_EDGE('',*,*,#12371,.T.);
#12371 = EDGE_CURVE('',#268,#3039,#12372,.T.);
#12372 = SURFACE_CURVE('',#12373,(#12377,#12384),.PCURVE_S1.);
#12373 = LINE('',#12374,#12375);
#12374 = CARTESIAN_POINT('',(-0.4,9.75,4.75));
#12375 = VECTOR('',#12376,1.);
#12376 = DIRECTION('',(1.,0.,-0.));
#12377 = PCURVE('',#282,#12378);
#12378 = DEFINITIONAL_REPRESENTATION('',(#12379),#12383);
#12379 = LINE('',#12380,#12381);
#12380 = CARTESIAN_POINT('',(5.,0.));
#12381 = VECTOR('',#12382,1.);
#12382 = DIRECTION('',(0.,1.));
#12383 = ( GEOMETRIC_REPRESENTATION_CONTEXT(2) 
PARAMETRIC_REPRESENTATION_CONTEXT() REPRESENTATION_CONTEXT('2D SPACE',''
  ) );
#12384 = PCURVE('',#308,#12385);
#12385 = DEFINITIONAL_REPRESENTATION('',(#12386),#12390);
#12386 = LINE('',#12387,#12388);
#12387 = CARTESIAN_POINT('',(0.,0.));
#12388 = VECTOR('',#12389,1.);
#12389 = DIRECTION('',(1.,0.));
#12390 = ( GEOMETRIC_REPRESENTATION_CONTEXT(2) 
PARAMETRIC_REPRESENTATION_CONTEXT() REPRESENTATION_CONTEXT('2D SPACE',''
  ) );
#12391 = ORIENTED_EDGE('',*,*,#3038,.F.);
#12392 = ORIENTED_EDGE('',*,*,#6968,.F.);
#12393 = ADVANCED_FACE('',(#12394),#308,.F.);
#12394 = FACE_BOUND('',#12395,.F.);
#12395 = EDGE_LOOP('',(#12396,#12417,#12418,#12419));
#12396 = ORIENTED_EDGE('',*,*,#12397,.F.);
#12397 = EDGE_CURVE('',#294,#3060,#12398,.T.);
#12398 = SURFACE_CURVE('',#12399,(#12403,#12410),.PCURVE_S1.);
#12399 = LINE('',#12400,#12401);
#12400 = CARTESIAN_POINT('',(-0.4,20.25,4.75));
#12401 = VECTOR('',#12402,1.);
#12402 = DIRECTION('',(1.,0.,-0.));
#12403 = PCURVE('',#308,#12404);
#12404 = DEFINITIONAL_REPRESENTATION('',(#12405),#12409);
#12405 = LINE('',#12406,#12407);
#12406 = CARTESIAN_POINT('',(0.,10.5));
#12407 = VECTOR('',#12408,1.);
#12408 = DIRECTION('',(1.,0.));
#12409 = ( GEOMETRIC_REPRESENTATION_CONTEXT(2) 
PARAMETRIC_REPRESENTATION_CONTEXT() REPRESENTATION_CONTEXT('2D SPACE',''
  ) );
#12410 = PCURVE('',#334,#12411);
#12411 = DEFINITIONAL_REPRESENTATION('',(#12412),#12416);
#12412 = LINE('',#12413,#12414);
#12413 = CARTESIAN_POINT('',(5.,0.));
#12414 = VECTOR('',#12415,1.);
#12415 = DIRECTION('',(0.,1.));
#12416 = ( GEOMETRIC_REPRESENTATION_CONTEXT(2) 
PARAMETRIC_REPRESENTATION_CONTEXT() REPRESENTATION_CONTEXT('2D SPACE',''
  ) );
#12417 = ORIENTED_EDGE('',*,*,#293,.T.);
#12418 = ORIENTED_EDGE('',*,*,#12371,.T.);
#12419 = ORIENTED_EDGE('',*,*,#3059,.F.);
#12420 = ADVANCED_FACE('',(#12421),#334,.F.);
#12421 = FACE_BOUND('',#12422,.F.);
#12422 = EDGE_LOOP('',(#12423,#12424,#12443,#12444,#12445,#12446));
#12423 = ORIENTED_EDGE('',*,*,#7587,.F.);
#12424 = ORIENTED_EDGE('',*,*,#12425,.T.);
#12425 = EDGE_CURVE('',#7567,#320,#12426,.T.);
#12426 = SURFACE_CURVE('',#12427,(#12431,#12437),.PCURVE_S1.);
#12427 = LINE('',#12428,#12429);
#12428 = CARTESIAN_POINT('',(-0.2,20.25,0.));
#12429 = VECTOR('',#12430,1.);
#12430 = DIRECTION('',(-1.,-0.,0.));
#12431 = PCURVE('',#334,#12432);
#12432 = DEFINITIONAL_REPRESENTATION('',(#12433),#12436);
#12433 = B_SPLINE_CURVE_WITH_KNOTS('',1,(#12434,#12435),.UNSPECIFIED.,
  .F.,.F.,(2,2),(-4.65,-0.2),.PIECEWISE_BEZIER_KNOTS.);
#12434 = CARTESIAN_POINT('',(0.25,4.85));
#12435 = CARTESIAN_POINT('',(0.25,0.4));
#12436 = ( GEOMETRIC_REPRESENTATION_CONTEXT(2) 
PARAMETRIC_REPRESENTATION_CONTEXT() REPRESENTATION_CONTEXT('2D SPACE',''
  ) );
#12437 = PCURVE('',#255,#12438);
#12438 = DEFINITIONAL_REPRESENTATION('',(#12439),#12442);
#12439 = B_SPLINE_CURVE_WITH_KNOTS('',1,(#12440,#12441),.UNSPECIFIED.,
  .F.,.F.,(2,2),(-4.65,-0.2),.PIECEWISE_BEZIER_KNOTS.);
#12440 = CARTESIAN_POINT('',(4.45,56.25));
#12441 = CARTESIAN_POINT('',(0.,56.25));
#12442 = ( GEOMETRIC_REPRESENTATION_CONTEXT(2) 
PARAMETRIC_REPRESENTATION_CONTEXT() REPRESENTATION_CONTEXT('2D SPACE',''
  ) );
#12443 = ORIENTED_EDGE('',*,*,#319,.T.);
#12444 = ORIENTED_EDGE('',*,*,#12397,.T.);
#12445 = ORIENTED_EDGE('',*,*,#3080,.F.);
#12446 = ORIENTED_EDGE('',*,*,#6921,.F.);
#12447 = ADVANCED_FACE('',(#12448,#12478,#12481),#255,.F.);
#12448 = FACE_BOUND('',#12449,.F.);
#12449 = EDGE_LOOP('',(#12450,#12451,#12452,#12453,#12474,#12475,#12476,
    #12477));
#12450 = ORIENTED_EDGE('',*,*,#239,.F.);
#12451 = ORIENTED_EDGE('',*,*,#12317,.T.);
#12452 = ORIENTED_EDGE('',*,*,#8174,.T.);
#12453 = ORIENTED_EDGE('',*,*,#12454,.F.);
#12454 = EDGE_CURVE('',#346,#8175,#12455,.T.);
#12455 = SURFACE_CURVE('',#12456,(#12460,#12467),.PCURVE_S1.);
#12456 = LINE('',#12457,#12458);
#12457 = CARTESIAN_POINT('',(0.,36.,0.));
#12458 = VECTOR('',#12459,1.);
#12459 = DIRECTION('',(1.,0.,-0.));
#12460 = PCURVE('',#255,#12461);
#12461 = DEFINITIONAL_REPRESENTATION('',(#12462),#12466);
#12462 = LINE('',#12463,#12464);
#12463 = CARTESIAN_POINT('',(0.,72.));
#12464 = VECTOR('',#12465,1.);
#12465 = DIRECTION('',(1.,0.));
#12466 = ( GEOMETRIC_REPRESENTATION_CONTEXT(2) 
PARAMETRIC_REPRESENTATION_CONTEXT() REPRESENTATION_CONTEXT('2D SPACE',''
  ) );
#12467 = PCURVE('',#70,#12468);
#12468 = DEFINITIONAL_REPRESENTATION('',(#12469),#12473);
#12469 = LINE('',#12470,#12471);
#12470 = CARTESIAN_POINT('',(0.,0.));
#12471 = VECTOR('',#12472,1.);
#12472 = DIRECTION('',(0.,1.));
#12473 = ( GEOMETRIC_REPRESENTATION_CONTEXT(2) 
PARAMETRIC_REPRESENTATION_CONTEXT() REPRESENTATION_CONTEXT('2D SPACE',''
  ) );
#12474 = ORIENTED_EDGE('',*,*,#345,.F.);
#12475 = ORIENTED_EDGE('',*,*,#12425,.F.);
#12476 = ORIENTED_EDGE('',*,*,#7566,.F.);
#12477 = ORIENTED_EDGE('',*,*,#12351,.T.);
#12478 = FACE_BOUND('',#12479,.F.);
#12479 = EDGE_LOOP('',(#12480));
#12480 = ORIENTED_EDGE('',*,*,#7493,.F.);
#12481 = FACE_BOUND('',#12482,.F.);
#12482 = EDGE_LOOP('',(#12483));
#12483 = ORIENTED_EDGE('',*,*,#7263,.F.);
#12484 = ADVANCED_FACE('',(#12485),#70,.T.);
#12485 = FACE_BOUND('',#12486,.T.);
#12486 = EDGE_LOOP('',(#12487,#12488,#12489,#12490,#12491,#12510,#12511,
    #12512,#12513,#12514,#12515,#12516,#12517,#12518,#12519,#12520,
    #12521,#12522,#12523,#12524,#12543));
#12487 = ORIENTED_EDGE('',*,*,#12283,.T.);
#12488 = ORIENTED_EDGE('',*,*,#8197,.F.);
#12489 = ORIENTED_EDGE('',*,*,#12454,.F.);
#12490 = ORIENTED_EDGE('',*,*,#368,.T.);
#12491 = ORIENTED_EDGE('',*,*,#12492,.T.);
#12492 = EDGE_CURVE('',#369,#3970,#12493,.T.);
#12493 = SURFACE_CURVE('',#12494,(#12498,#12504),.PCURVE_S1.);
#12494 = LINE('',#12495,#12496);
#12495 = CARTESIAN_POINT('',(-0.2,36.,8.));
#12496 = VECTOR('',#12497,1.);
#12497 = DIRECTION('',(1.,0.,-0.));
#12498 = PCURVE('',#70,#12499);
#12499 = DEFINITIONAL_REPRESENTATION('',(#12500),#12503);
#12500 = B_SPLINE_CURVE_WITH_KNOTS('',1,(#12501,#12502),.UNSPECIFIED.,
  .F.,.F.,(2,2),(0.2,102.2),.PIECEWISE_BEZIER_KNOTS.);
#12501 = CARTESIAN_POINT('',(8.,0.));
#12502 = CARTESIAN_POINT('',(8.,102.));
#12503 = ( GEOMETRIC_REPRESENTATION_CONTEXT(2) 
PARAMETRIC_REPRESENTATION_CONTEXT() REPRESENTATION_CONTEXT('2D SPACE',''
  ) );
#12504 = PCURVE('',#406,#12505);
#12505 = DEFINITIONAL_REPRESENTATION('',(#12506),#12509);
#12506 = B_SPLINE_CURVE_WITH_KNOTS('',1,(#12507,#12508),.UNSPECIFIED.,
  .F.,.F.,(2,2),(0.2,102.2),.PIECEWISE_BEZIER_KNOTS.);
#12507 = CARTESIAN_POINT('',(0.4,2.7));
#12508 = CARTESIAN_POINT('',(102.4,2.7));
#12509 = ( GEOMETRIC_REPRESENTATION_CONTEXT(2) 
PARAMETRIC_REPRESENTATION_CONTEXT() REPRESENTATION_CONTEXT('2D SPACE',''
  ) );
#12510 = ORIENTED_EDGE('',*,*,#3969,.F.);
#12511 = ORIENTED_EDGE('',*,*,#6742,.T.);
#12512 = ORIENTED_EDGE('',*,*,#4386,.F.);
#12513 = ORIENTED_EDGE('',*,*,#6693,.T.);
#12514 = ORIENTED_EDGE('',*,*,#4867,.F.);
#12515 = ORIENTED_EDGE('',*,*,#4942,.F.);
#12516 = ORIENTED_EDGE('',*,*,#5039,.F.);
#12517 = ORIENTED_EDGE('',*,*,#5187,.F.);
#12518 = ORIENTED_EDGE('',*,*,#5232,.F.);
#12519 = ORIENTED_EDGE('',*,*,#5307,.F.);
#12520 = ORIENTED_EDGE('',*,*,#5457,.F.);
#12521 = ORIENTED_EDGE('',*,*,#6668,.F.);
#12522 = ORIENTED_EDGE('',*,*,#5727,.F.);
#12523 = ORIENTED_EDGE('',*,*,#5892,.F.);
#12524 = ORIENTED_EDGE('',*,*,#12525,.F.);
#12525 = EDGE_CURVE('',#22,#5872,#12526,.T.);
#12526 = SURFACE_CURVE('',#12527,(#12531,#12537),.PCURVE_S1.);
#12527 = LINE('',#12528,#12529);
#12528 = CARTESIAN_POINT('',(-0.2,36.,82.));
#12529 = VECTOR('',#12530,1.);
#12530 = DIRECTION('',(1.,0.,-0.));
#12531 = PCURVE('',#70,#12532);
#12532 = DEFINITIONAL_REPRESENTATION('',(#12533),#12536);
#12533 = B_SPLINE_CURVE_WITH_KNOTS('',1,(#12534,#12535),.UNSPECIFIED.,
  .F.,.F.,(2,2),(0.2,102.2),.PIECEWISE_BEZIER_KNOTS.);
#12534 = CARTESIAN_POINT('',(82.,0.));
#12535 = CARTESIAN_POINT('',(82.,102.));
#12536 = ( GEOMETRIC_REPRESENTATION_CONTEXT(2) 
PARAMETRIC_REPRESENTATION_CONTEXT() REPRESENTATION_CONTEXT('2D SPACE',''
  ) );
#12537 = PCURVE('',#43,#12538);
#12538 = DEFINITIONAL_REPRESENTATION('',(#12539),#12542);
#12539 = B_SPLINE_CURVE_WITH_KNOTS('',1,(#12540,#12541),.UNSPECIFIED.,
  .F.,.F.,(2,2),(0.2,102.2),.PIECEWISE_BEZIER_KNOTS.);
#12540 = CARTESIAN_POINT('',(0.4,2.7));
#12541 = CARTESIAN_POINT('',(102.4,2.7));
#12542 = ( GEOMETRIC_REPRESENTATION_CONTEXT(2) 
PARAMETRIC_REPRESENTATION_CONTEXT() REPRESENTATION_CONTEXT('2D SPACE',''
  ) );
#12543 = ORIENTED_EDGE('',*,*,#54,.T.);
#12544 = ADVANCED_FACE('',(#12545),#406,.T.);
#12545 = FACE_BOUND('',#12546,.T.);
#12546 = EDGE_LOOP('',(#12547,#12566,#12567,#12568,#12569,#12570,#12571,
    #12572,#12573,#12574,#12575,#12576,#12577,#12578));
#12547 = ORIENTED_EDGE('',*,*,#12548,.T.);
#12548 = EDGE_CURVE('',#392,#3347,#12549,.T.);
#12549 = SURFACE_CURVE('',#12550,(#12554,#12560),.PCURVE_S1.);
#12550 = LINE('',#12551,#12552);
#12551 = CARTESIAN_POINT('',(-0.4,33.8,8.));
#12552 = VECTOR('',#12553,1.);
#12553 = DIRECTION('',(1.,0.,-0.));
#12554 = PCURVE('',#406,#12555);
#12555 = DEFINITIONAL_REPRESENTATION('',(#12556),#12559);
#12556 = B_SPLINE_CURVE_WITH_KNOTS('',1,(#12557,#12558),.UNSPECIFIED.,
  .F.,.F.,(2,2),(0.4,3.6),.PIECEWISE_BEZIER_KNOTS.);
#12557 = CARTESIAN_POINT('',(0.4,0.5));
#12558 = CARTESIAN_POINT('',(3.6,0.5));
#12559 = ( GEOMETRIC_REPRESENTATION_CONTEXT(2) 
PARAMETRIC_REPRESENTATION_CONTEXT() REPRESENTATION_CONTEXT('2D SPACE',''
  ) );
#12560 = PCURVE('',#432,#12561);
#12561 = DEFINITIONAL_REPRESENTATION('',(#12562),#12565);
#12562 = B_SPLINE_CURVE_WITH_KNOTS('',1,(#12563,#12564),.UNSPECIFIED.,
  .F.,.F.,(2,2),(0.4,3.6),.PIECEWISE_BEZIER_KNOTS.);
#12563 = CARTESIAN_POINT('',(2.,0.4));
#12564 = CARTESIAN_POINT('',(2.,3.6));
#12565 = ( GEOMETRIC_REPRESENTATION_CONTEXT(2) 
PARAMETRIC_REPRESENTATION_CONTEXT() REPRESENTATION_CONTEXT('2D SPACE',''
  ) );
#12566 = ORIENTED_EDGE('',*,*,#3346,.T.);
#12567 = ORIENTED_EDGE('',*,*,#3274,.T.);
#12568 = ORIENTED_EDGE('',*,*,#3469,.T.);
#12569 = ORIENTED_EDGE('',*,*,#3563,.F.);
#12570 = ORIENTED_EDGE('',*,*,#3759,.T.);
#12571 = ORIENTED_EDGE('',*,*,#3781,.F.);
#12572 = ORIENTED_EDGE('',*,*,#3692,.F.);
#12573 = ORIENTED_EDGE('',*,*,#3586,.F.);
#12574 = ORIENTED_EDGE('',*,*,#3489,.F.);
#12575 = ORIENTED_EDGE('',*,*,#3324,.T.);
#12576 = ORIENTED_EDGE('',*,*,#3993,.T.);
#12577 = ORIENTED_EDGE('',*,*,#12492,.F.);
#12578 = ORIENTED_EDGE('',*,*,#391,.T.);
#12579 = ADVANCED_FACE('',(#12580),#432,.F.);
#12580 = FACE_BOUND('',#12581,.F.);
#12581 = EDGE_LOOP('',(#12582,#12603,#12604,#12605));
#12582 = ORIENTED_EDGE('',*,*,#12583,.F.);
#12583 = EDGE_CURVE('',#418,#3369,#12584,.T.);
#12584 = SURFACE_CURVE('',#12585,(#12589,#12596),.PCURVE_S1.);
#12585 = LINE('',#12586,#12587);
#12586 = CARTESIAN_POINT('',(-0.4,33.8,6.));
#12587 = VECTOR('',#12588,1.);
#12588 = DIRECTION('',(1.,0.,-0.));
#12589 = PCURVE('',#432,#12590);
#12590 = DEFINITIONAL_REPRESENTATION('',(#12591),#12595);
#12591 = LINE('',#12592,#12593);
#12592 = CARTESIAN_POINT('',(0.,0.));
#12593 = VECTOR('',#12594,1.);
#12594 = DIRECTION('',(0.,1.));
#12595 = ( GEOMETRIC_REPRESENTATION_CONTEXT(2) 
PARAMETRIC_REPRESENTATION_CONTEXT() REPRESENTATION_CONTEXT('2D SPACE',''
  ) );
#12596 = PCURVE('',#458,#12597);
#12597 = DEFINITIONAL_REPRESENTATION('',(#12598),#12602);
#12598 = LINE('',#12599,#12600);
#12599 = CARTESIAN_POINT('',(0.,34.3));
#12600 = VECTOR('',#12601,1.);
#12601 = DIRECTION('',(1.,0.));
#12602 = ( GEOMETRIC_REPRESENTATION_CONTEXT(2) 
PARAMETRIC_REPRESENTATION_CONTEXT() REPRESENTATION_CONTEXT('2D SPACE',''
  ) );
#12603 = ORIENTED_EDGE('',*,*,#417,.T.);
#12604 = ORIENTED_EDGE('',*,*,#12548,.T.);
#12605 = ORIENTED_EDGE('',*,*,#3391,.F.);
#12606 = ADVANCED_FACE('',(#12607),#458,.T.);
#12607 = FACE_BOUND('',#12608,.T.);
#12608 = EDGE_LOOP('',(#12609,#12610,#12611,#12632,#12633,#12634,#12635,
    #12636));
#12609 = ORIENTED_EDGE('',*,*,#12583,.F.);
#12610 = ORIENTED_EDGE('',*,*,#443,.T.);
#12611 = ORIENTED_EDGE('',*,*,#12612,.T.);
#12612 = EDGE_CURVE('',#444,#2967,#12613,.T.);
#12613 = SURFACE_CURVE('',#12614,(#12618,#12625),.PCURVE_S1.);
#12614 = LINE('',#12615,#12616);
#12615 = CARTESIAN_POINT('',(-0.4,-0.5,6.));
#12616 = VECTOR('',#12617,1.);
#12617 = DIRECTION('',(1.,0.,-0.));
#12618 = PCURVE('',#458,#12619);
#12619 = DEFINITIONAL_REPRESENTATION('',(#12620),#12624);
#12620 = LINE('',#12621,#12622);
#12621 = CARTESIAN_POINT('',(0.,0.));
#12622 = VECTOR('',#12623,1.);
#12623 = DIRECTION('',(1.,0.));
#12624 = ( GEOMETRIC_REPRESENTATION_CONTEXT(2) 
PARAMETRIC_REPRESENTATION_CONTEXT() REPRESENTATION_CONTEXT('2D SPACE',''
  ) );
#12625 = PCURVE('',#484,#12626);
#12626 = DEFINITIONAL_REPRESENTATION('',(#12627),#12631);
#12627 = LINE('',#12628,#12629);
#12628 = CARTESIAN_POINT('',(0.,0.));
#12629 = VECTOR('',#12630,1.);
#12630 = DIRECTION('',(0.,1.));
#12631 = ( GEOMETRIC_REPRESENTATION_CONTEXT(2) 
PARAMETRIC_REPRESENTATION_CONTEXT() REPRESENTATION_CONTEXT('2D SPACE',''
  ) );
#12632 = ORIENTED_EDGE('',*,*,#2989,.T.);
#12633 = ORIENTED_EDGE('',*,*,#1735,.F.);
#12634 = ORIENTED_EDGE('',*,*,#3152,.F.);
#12635 = ORIENTED_EDGE('',*,*,#3227,.T.);
#12636 = ORIENTED_EDGE('',*,*,#3368,.T.);
#12637 = ADVANCED_FACE('',(#12638),#484,.T.);
#12638 = FACE_BOUND('',#12639,.T.);
#12639 = EDGE_LOOP('',(#12640,#12641,#12642,#12663));
#12640 = ORIENTED_EDGE('',*,*,#12612,.F.);
#12641 = ORIENTED_EDGE('',*,*,#469,.T.);
#12642 = ORIENTED_EDGE('',*,*,#12643,.T.);
#12643 = EDGE_CURVE('',#470,#2944,#12644,.T.);
#12644 = SURFACE_CURVE('',#12645,(#12649,#12656),.PCURVE_S1.);
#12645 = LINE('',#12646,#12647);
#12646 = CARTESIAN_POINT('',(-0.4,-0.5,84.));
#12647 = VECTOR('',#12648,1.);
#12648 = DIRECTION('',(1.,0.,-0.));
#12649 = PCURVE('',#484,#12650);
#12650 = DEFINITIONAL_REPRESENTATION('',(#12651),#12655);
#12651 = LINE('',#12652,#12653);
#12652 = CARTESIAN_POINT('',(78.,0.));
#12653 = VECTOR('',#12654,1.);
#12654 = DIRECTION('',(0.,1.));
#12655 = ( GEOMETRIC_REPRESENTATION_CONTEXT(2) 
PARAMETRIC_REPRESENTATION_CONTEXT() REPRESENTATION_CONTEXT('2D SPACE',''
  ) );
#12656 = PCURVE('',#510,#12657);
#12657 = DEFINITIONAL_REPRESENTATION('',(#12658),#12662);
#12658 = LINE('',#12659,#12660);
#12659 = CARTESIAN_POINT('',(0.,0.));
#12660 = VECTOR('',#12661,1.);
#12661 = DIRECTION('',(1.,0.));
#12662 = ( GEOMETRIC_REPRESENTATION_CONTEXT(2) 
PARAMETRIC_REPRESENTATION_CONTEXT() REPRESENTATION_CONTEXT('2D SPACE',''
  ) );
#12663 = ORIENTED_EDGE('',*,*,#2966,.F.);
#12664 = ADVANCED_FACE('',(#12665),#510,.F.);
#12665 = FACE_BOUND('',#12666,.F.);
#12666 = EDGE_LOOP('',(#12667,#12688,#12689,#12690,#12691,#12692,#12693,
    #12694));
#12667 = ORIENTED_EDGE('',*,*,#12668,.F.);
#12668 = EDGE_CURVE('',#496,#6597,#12669,.T.);
#12669 = SURFACE_CURVE('',#12670,(#12674,#12681),.PCURVE_S1.);
#12670 = LINE('',#12671,#12672);
#12671 = CARTESIAN_POINT('',(-0.4,33.8,84.));
#12672 = VECTOR('',#12673,1.);
#12673 = DIRECTION('',(1.,0.,-0.));
#12674 = PCURVE('',#510,#12675);
#12675 = DEFINITIONAL_REPRESENTATION('',(#12676),#12680);
#12676 = LINE('',#12677,#12678);
#12677 = CARTESIAN_POINT('',(0.,34.3));
#12678 = VECTOR('',#12679,1.);
#12679 = DIRECTION('',(1.,0.));
#12680 = ( GEOMETRIC_REPRESENTATION_CONTEXT(2) 
PARAMETRIC_REPRESENTATION_CONTEXT() REPRESENTATION_CONTEXT('2D SPACE',''
  ) );
#12681 = PCURVE('',#534,#12682);
#12682 = DEFINITIONAL_REPRESENTATION('',(#12683),#12687);
#12683 = LINE('',#12684,#12685);
#12684 = CARTESIAN_POINT('',(78.,0.));
#12685 = VECTOR('',#12686,1.);
#12686 = DIRECTION('',(0.,1.));
#12687 = ( GEOMETRIC_REPRESENTATION_CONTEXT(2) 
PARAMETRIC_REPRESENTATION_CONTEXT() REPRESENTATION_CONTEXT('2D SPACE',''
  ) );
#12688 = ORIENTED_EDGE('',*,*,#495,.T.);
#12689 = ORIENTED_EDGE('',*,*,#12643,.T.);
#12690 = ORIENTED_EDGE('',*,*,#2943,.T.);
#12691 = ORIENTED_EDGE('',*,*,#1782,.F.);
#12692 = ORIENTED_EDGE('',*,*,#6789,.F.);
#12693 = ORIENTED_EDGE('',*,*,#6034,.T.);
#12694 = ORIENTED_EDGE('',*,*,#6596,.T.);
#12695 = ADVANCED_FACE('',(#12696),#534,.F.);
#12696 = FACE_BOUND('',#12697,.F.);
#12697 = EDGE_LOOP('',(#12698,#12717,#12718,#12719));
#12698 = ORIENTED_EDGE('',*,*,#12699,.F.);
#12699 = EDGE_CURVE('',#24,#6621,#12700,.T.);
#12700 = SURFACE_CURVE('',#12701,(#12705,#12711),.PCURVE_S1.);
#12701 = LINE('',#12702,#12703);
#12702 = CARTESIAN_POINT('',(-0.4,33.8,82.));
#12703 = VECTOR('',#12704,1.);
#12704 = DIRECTION('',(1.,0.,-0.));
#12705 = PCURVE('',#534,#12706);
#12706 = DEFINITIONAL_REPRESENTATION('',(#12707),#12710);
#12707 = B_SPLINE_CURVE_WITH_KNOTS('',1,(#12708,#12709),.UNSPECIFIED.,
  .F.,.F.,(2,2),(0.4,3.6),.PIECEWISE_BEZIER_KNOTS.);
#12708 = CARTESIAN_POINT('',(76.,0.4));
#12709 = CARTESIAN_POINT('',(76.,3.6));
#12710 = ( GEOMETRIC_REPRESENTATION_CONTEXT(2) 
PARAMETRIC_REPRESENTATION_CONTEXT() REPRESENTATION_CONTEXT('2D SPACE',''
  ) );
#12711 = PCURVE('',#43,#12712);
#12712 = DEFINITIONAL_REPRESENTATION('',(#12713),#12716);
#12713 = B_SPLINE_CURVE_WITH_KNOTS('',1,(#12714,#12715),.UNSPECIFIED.,
  .F.,.F.,(2,2),(0.4,3.6),.PIECEWISE_BEZIER_KNOTS.);
#12714 = CARTESIAN_POINT('',(0.4,0.5));
#12715 = CARTESIAN_POINT('',(3.6,0.5));
#12716 = ( GEOMETRIC_REPRESENTATION_CONTEXT(2) 
PARAMETRIC_REPRESENTATION_CONTEXT() REPRESENTATION_CONTEXT('2D SPACE',''
  ) );
#12717 = ORIENTED_EDGE('',*,*,#521,.T.);
#12718 = ORIENTED_EDGE('',*,*,#12668,.T.);
#12719 = ORIENTED_EDGE('',*,*,#6641,.F.);
#12720 = ADVANCED_FACE('',(#12721),#43,.F.);
#12721 = FACE_BOUND('',#12722,.F.);
#12722 = EDGE_LOOP('',(#12723,#12724,#12725,#12726,#12727,#12728,#12729,
    #12730,#12731,#12732,#12733,#12734,#12735,#12736));
#12723 = ORIENTED_EDGE('',*,*,#12699,.T.);
#12724 = ORIENTED_EDGE('',*,*,#6620,.T.);
#12725 = ORIENTED_EDGE('',*,*,#6176,.T.);
#12726 = ORIENTED_EDGE('',*,*,#6327,.T.);
#12727 = ORIENTED_EDGE('',*,*,#6573,.F.);
#12728 = ORIENTED_EDGE('',*,*,#6436,.T.);
#12729 = ORIENTED_EDGE('',*,*,#6531,.F.);
#12730 = ORIENTED_EDGE('',*,*,#6481,.F.);
#12731 = ORIENTED_EDGE('',*,*,#6553,.F.);
#12732 = ORIENTED_EDGE('',*,*,#6255,.F.);
#12733 = ORIENTED_EDGE('',*,*,#6102,.T.);
#12734 = ORIENTED_EDGE('',*,*,#5871,.T.);
#12735 = ORIENTED_EDGE('',*,*,#12525,.F.);
#12736 = ORIENTED_EDGE('',*,*,#21,.T.);
#12737 = ( GEOMETRIC_REPRESENTATION_CONTEXT(3) 
GLOBAL_UNCERTAINTY_ASSIGNED_CONTEXT((#12741)) 
GLOBAL_UNIT_ASSIGNED_CONTEXT((#12738,#12739,#12740)) 
REPRESENTATION_CONTEXT('Context #1',
  '3D Context with UNIT and UNCERTAINTY') );
#12738 = ( LENGTH_UNIT() NAMED_UNIT(*) SI_UNIT(.MILLI.,.METRE.) );
#12739 = ( NAMED_UNIT(*) PLANE_ANGLE_UNIT() SI_UNIT($,.RADIAN.) );
#12740 = ( NAMED_UNIT(*) SI_UNIT($,.STERADIAN.) SOLID_ANGLE_UNIT() );
#12741 = UNCERTAINTY_MEASURE_WITH_UNIT(LENGTH_MEASURE(1.E-07),#12738,
  'distance_accuracy_value','confusion accuracy');
#12742 = PRODUCT_RELATED_PRODUCT_CATEGORY('part',$,(#7));
ENDSEC;
END-ISO-10303-21;
